序号	文献	场景	色彩显示	位置	形状	动静态	预警信息出现时间	预警信息持续时间	预警信息是否有分级	实验任务	自变量	因变量	结果	作者	团队/单位	发表年份	期刊/来源	JCR分区	★资料来源	★证据强度	★APA引注	★APA条目	★所属实验
1	Driver Behavior and Performance with Augmented Reality Pedestrian Collision Warning: An Outdoor User	户外真实停车场（large three-sided parking lot, 150m × 100m，停满车辆）的低速行驶+横穿行人碰撞场景；测试车辆以 15 mph 定速行驶，必须对突然横穿的行人进行刹车反应（pedestrian cross-traffic in parking lot）。	未明确报告颜色编码方案（论文未对 virtual shadow 指定特定颜色，仅描述为 dome-shaped conformal graphic + tether；'BRAKE' 文本警告为中央显示的文本标记）。论文未给出 RGB 或分级配色，无红/黄/绿分级。	三种警示位置不同：(1) Current warning 条件：'BRAKE' 文本固定在 HUD 中央（screen-fixed，缺少深度信息）；(2) Monoscopic virtual shadow 条件：将 3D 虚拟阴影透视投影到 HUD 最近焦平面 8m 处；(3) Volumetric virtual shadow 条件：直接生成在与真实行人相同距离的地面平面上（world-fixed, conformal）。虚拟阴影呈现在道路地面，绑定到行人 GPS 坐标，随驾驶员接近而变化（relative size & height in visual field）。	Virtual shadow = 圆顶（dome）形锥形虚拟对象 + 一条 tether（连接线，延伸到预测碰撞点）。Dome 绝对直径 1.0 m；从驾驶员视角呈现的视角大小在 2° 到 8° 之间（随观察距离变化）。Current warning = 文本符号 'BRAKE'。	动态/动画：Virtual shadow 与行人地理位置 conformally registered，随车辆接近其在驾驶员视场中的相对大小、高度、位置持续变化（动态、随距离动态缩放）。'BRAKE' 文本警告为静态文本（一旦显示，保持不变直到停车）。	由 GPS 触发：当测试车通过预定义触发点（trigger point）时，HUD 上立即出现警示并行人同步出现。两种距离条件：(1) Near：TTC = 2.5 s（距离 16.7 m at 15 mph），代表紧迫情景（urgent，可能引发 last-second hard braking）；(2) Far：TTC = 5.0 s（距离 33.5 m at 15 mph），代表正常情景（timed-normal braking）。	Current 'BRAKE' 警告：'the sign remains the same at the center of the display until the car stops'（持续显示至车辆停止）。Virtual shadow：在车辆通过触发点后开始显示，随后随驾驶员位置动态更新（持续直至危险解除/通过场景；论文未给出具体秒数）。	无显式分级（不报警等级）。研究通过 distance-to-pedestrian（near vs far）两个 TTC 水平作为自变量级别，但警示界面本身没有 attention/imminent 等多级编码。	在停车场内驾驶测试车（2009 Honda Odyssey），按预定义路线寻找指定停车区内的车位；保持 15 mph 定速（转弯可减速）；遇到任何 cross traffic（横穿行人或倒车车辆）时必须完全刹停，不可避让或绕行。在实验试次中通过 HUD 提供不同类型的视觉警告。	两个被试内自变量：(1) Visual warning（4 水平）：no warning（控制组）/ current warning（'BRAKE' 文本）/ monoscopic virtual shadow / volumetric virtual shadow；(2) Distance to pedestrian（2 水平）：near（TTC=2.5 s）/ far（TTC=5.0 s）。2×4 重复测量设计，使用拉丁方/随机抵消顺序。	通过 RTK GPS（200 Hz）、SMI ETG 眼动仪（30 Hz）和 GoPro 视频（24 Hz）记录的距离基测量（distance-based measures）：(1) gaze-on warning distance；(2) gaze-on pedestrian distance；(3) foot-off accelerator distance；(4) foot-on brake distance；(5) stopping distance；(6) peak deceleration (g)；以及一个分类变量 behavioral pattern（A/B/C）描述上述事件的顺序。所有测量以触发点为 0 m 标定，并通过 SAE J299 公式校正实际速度偏差。	(1) Monoscopic 与 Volumetric HUD 在所有 DV 上无显著差异——单目透视深度线索（linear perspective, relative size, height in visual field）足以保证 AR 驾驶任务表现；(2) Conformal AR 图形（mono+volu）引发了与 no warning / current warning 显著不同的行为模式：在 monoscopic 和 volumetric 条件下分别有 77% 和 76% 驾驶员在踩刹车前先看到真实行人（pattern A+B）；而 current warning 条件下所有驾驶员先反应警告再寻找行人（pattern C）；(3) Conformal 图形在 far 条件下使驾驶员更晚才看向行人（mono -19.31%, volu -25.21%），current warning 反而使其更早看行人(+24.02%)。Foot-on-brake 距离在 conformal 条件下显著减小（near: mono -32.44%, volu -36.15%；far: mono -29.42%, volu -38.75%, current -57.21%）。(4) 性能增益：far 条件下，停车距离 mono -17.15%、volu -17.79%、current -49.91%（current 减少最多但代价是不必要的硬刹）；near 条件下，conformal 与 current 在停车距离上无差异；(5) Peak deceleration：near 条件三种警示都降低峰值减速度（mono -20.34%, volu -14.67%, current -19.86%）；但 far 条件下 current warning 反而显著提高峰值减速度+34.46%（不必要的 hard braking，增加追尾风险），而 conformal 图形按距离调节驾驶员响应（distance-modulated braking）。结论：conformal AR 图形通过引导注意力到真实危险，使刹车响应符合实际距离需求，避免过度硬刹。	Hyungil Kim, Joseph L. Gabbard, Alexandre Miranda Añon	Hyungil Kim	2018	TVCG 2018	Q1 (IF 6.5) / CCF A (可视化和计算机图形学顶刊)	全文	强	(Kim et al., 2018)	Kim, H., Gabbard, J. L., Anon, A. M., & Misu, T. (2018). Driver Behavior and Performance with Augmented Reality Pedestrian Collision Warning: An Outdoor User Study. *IEEE Transactions on Visualization and Computer Graphics*, *24*(4), 1515–1524. https://doi.org/10.1109/tvcg.2018.2793680	实验0、实验1、实验2、实验3、实验4
2	Enhancing the driver awareness of pedestrian using augmented reality cues	固定基座（fixed-based）驾驶模拟器中的车辆跟随（car-following）主任务，期间出现行人触发行人感知评估事件。	未报告（abstract 未给出 AR cues 的颜色编码）	AR-HUD 叠加于驾驶员前方道路视野（'maintain driver's gaze on the road'），具体显示位置/像素坐标未报告	AR cues（具体几何形状未在 abstract 中明确，仅描述为用于增强行人感知的 augmented reality 视觉线索）	未报告（推测随行人位置变化而动态注册，但 abstract 未明确）	未报告（abstract 未给出 TTC/距离阈值）	未报告	无分级（评估按 perception/vigilance/anticipation 三层感知层级，而非紧急程度分级）	车辆跟随（car-following）主任务；遭遇行人时通过观察被试可观察 outcomes 评估三层感知：perception level（觉察）/ vigilance level（警觉）/ anticipation level（预判）	是否呈现 AR cues（AR cues 介入 vs. 无 AR cues 基线对照）	驾驶员对行人的三层 awareness：perception level、vigilance level、anticipation level（通过可观察 outcomes 测得）	所提出的 AR cues 在 perception、vigilance、anticipation 三个感知层级上均显著提升驾驶员对行人的觉察；验证了 AR-HUD 用于 PCWS 的可行性	Minh Tien Phan, Indira Thouvenin, Vincent Frémont	Minh Tien Phan	2016	ITSC 2016	会议 (IF -) / CCF C (ITSC 国际智能交通会议)	全文	强	(Phan et al., 2016)	Phan, M. T., Thouvenin, I., & Frémont, V. (2016). Enhancing the driver awareness of pedestrian using augmented reality cues. In *2016 IEEE 19th International Conference on Intelligent Transportation Systems (ITSC)* (pp. 1298–1304). IEEE. https://doi.org/10.1109/itsc.2016.7795724	实验0、实验1、实验2、实验3
3	Casting shadows: Ecological interface design for augmented reality pedestrian collision warning	城市街区自然驾驶场景（augmented video，基于在 Virginia Tech 校园附近真实拍摄的驾驶视频，约 130° 视角的 GoPro 3+ 镜头）。该论文为 2 页短文（design 提案 + heuristic walkthrough），目标场景为城市道路中的行人 cross-traffic 碰撞预警情景。	Virtual Shadow 阴影的颜色为红色（'The red color of the shadow warns the driver of an urgent situation that requires an immediate response'）；对照设计 bounding box 也使用红色矩形高亮检测到的行人。无 红/黄/绿 多级配色。	Conformal/world-fixed registration：阴影附着在地面行人脚下，跟随目标行人移动，并随车辆接近其在视场中增大；自我中心（egocentric）参考系，从驾驶员视角直接呈现，落在 vehicle 路径预测碰撞位置。Bounding box 也是 world-fixed，包围检测到的行人。	Virtual Shadow = 一个圆形/dome 形阴影（位于预测碰撞位置）+ 一根 tether（拴绳）连接行人到圆形（tether 的方向 = 行人接近方向；tether 的长度 = 预期 spatial intrusion，即车到达交叉点时行人会侵入的距离）；阴影 shape & size 反映目标 obstacle 的类型与大小。对照 = bounding box（矩形边界框）。	动态/emergent feature：阴影随车辆-行人相对位置-速度持续动态变化。论文给出两类典型动画：(a) 当驾驶员减速避撞时，阴影沿车道方向 stretching 拉长并最终离开车道而消失；(b) 当驾驶员加速避撞时，阴影 shrinking 缩回到行人脚下并消失。该 emergent feature 旨在可视化 spatial intrusion 的不可见动力学。	未给出具体 TTC/距离阈值（poster 中仅在设计层面说明 'timing of AR interface cues is a key design factor'，并强调 appropriate timing 为设计因素）。Heuristic walkthrough 用 augmented video，警告由 video 编辑时序触发。	未明确报告固定秒数；按设计意图，阴影从行人进入预测危险时显示，直至危险解除（驾驶员减速/加速使 spatial intrusion 离开车道）才消失。	无明确多级（注意/紧急）划分；阴影显示本身即代表'紧急'（红色 + 即时反应）。论文将设计建立于 SRK（Skills, Rules, Knowledge）认知层次，但不属于警告等级。	Heuristic walkthrough（启发式走查）：4 位 HCI/AR 领域专家在驾驶模拟器中观看 augmented video，'mimic driving'（用方向盘控制屏幕中央十字光标对准车道中心、按提示操作脚踏与转向灯、跟随 GPS 风格语音导航），并依据一套启发式规则对 bounding box 与 virtual shadow 两种界面预测驾驶员表现。	界面设计（被试内）：bounding box vs virtual shadow（与控制条件 no warning 进行比较）。	专家基于启发式给出的预测评分（-3 strongly worse 到 +3 strongly better，相对 no warning 基线），覆盖 8 个 Wickens 信息加工阶段：Attention-selective、Attention-divided、Sensation、SA-perception、SA-comprehension、SA-projection、Decision、Workload。也包括 retrospective think-aloud 中收集到的可用性问题、设计因素映射表。	Heuristic walkthrough 结果表明 virtual shadow 在所有 8 个启发式维度上均预期优于 no warning 基线；bounding box 则被预期会 narrow attention 并使 workload 不下降甚至上升（因为高亮所有行人形成 clutter，使驾驶员需自行筛选危险行人）。专家共识：virtual shadow 的合适 timing 与最小信息密度（minimal graphics）会降低 mental workload；阴影的 size、position 和 color 的增长与移动能快速吸引注意并辅助 perception。潜在隐患：tether 形状/长度若关联多个行人可能造成歧义。结论：EID + AR HUD 的虚拟阴影设计同时兼顾'选择性注意'与'分散注意'的权衡。	Hyungil Kim, Jessica D. Isleib, Joseph L. Gabbard	Hyungil Kim	2016	IEEE VR 2016	会议 (IF -) / CCF A (VR 顶级会议)	全文	强	(Kim et al., 2016a)	Kim, H., Isleib, J. D., & Gabbard, J. L. (2016a). Casting shadows: Ecological interface design for augmented reality pedestrian collision warning. In *2016 IEEE Virtual Reality (VR)* (pp. 205–206). IEEE. https://doi.org/10.1109/vr.2016.7504725	实验1、实验3、实验4
4	Virtual Shadow	两项研究：Study 1 = 驾驶模拟器中 augmented video 的城市道路 cross-traffic 行人情景（heuristic walkthrough）；Study 2 = 真实停车场（parking lot）低速（15 mph）行驶中应对横穿行人的 cross-traffic 碰撞场景，使用配备 volumetric HUD 的测试车。	Virtual Shadow 阴影为红色（'red color of the shadow warns the driver of an urgent situation that requires an immediate response'）；'BRAKE' 传统警告为 HUD 中央文本（颜色未具体规定）；bounding box（仅用于 Study 1 对照）为矩形高亮。无 红/黄/绿 分级。	Study 1：world-fixed conformal（阴影附着行人，bounding box 包围行人）。Study 2 新设计：volumetric HUD 在与行人相同的真实焦距处呈现虚拟阴影于地面（world-fixed conformal，egocentric 视角），HUD 焦距范围 8 m 到光学无穷；传统 'BRAKE' 警告固定在 HUD 中央（screen-fixed），无深度信息。	Virtual Shadow = dome 形圆顶 + tether（拴绳），同 #03；'BRAKE' 警告 = 中央文本符号；bounding box（仅 Study 1）= 矩形框。	Virtual Shadow 为动态 conformal 图形，随车辆运动其大小、位置在视场中连续变化（emergent feature 可视化 spatial intrusion 的动力学）；'BRAKE' 文本警告为静态（'regardless of distance to the target, the sign remains the same at the center of the display until the car stops'）。	Study 2 由 GPS 触发：测试车通过预定义触发点时，HUD 警告与行人同步出现。两个距离水平：Near：TTC = 2.5 s（参考 Fitch et al. 2010，足够短以诱发 last-second hard braking）；Far：TTC = 5.0 s（约为 Near 距离的 2 倍，用于诱导 timed-normal braking）。Volumetric HUD 焦距下限 8 m 被论证为合理——在 15 mph 下 2 秒法则要求 13 m 提前提醒，且对 < 8 m 内的紧急危险建议辅以听觉警报。	'BRAKE' 传统警告：保持显示直至车辆停止（持续不变）。Virtual Shadow：从触发点开始持续显示，随驾驶员-行人空间关系动态更新，直至 spatial intrusion 解除（阴影 stretching 离开车道或 shrinking 回到行人）。具体秒数未报告。	无显式分级；阴影颜色（红色）即表示紧急。两种距离条件（near/far）为实验自变量水平，不是警告内置等级。	Study 1（heuristic walkthrough）：4 位专家在模拟器中模拟驾驶并基于启发式评分。Study 2（parking lot 实验）：16 位有经验驾驶员驾驶测试车，以 15 mph 定速通过预定路线寻找指定停车区，遇横穿行人必须刹停；不可避让或绕行。先做无警告 baseline 试次（near + far 两距离），再做其余 4 种实验条件（2 警告 × 2 距离）。	Study 2：两个被试内自变量——(1) 界面设计（3 水平）：no warning（baseline）/ traditional warning（'BRAKE' 文本）/ new warning（virtual shadow）；(2) target distance（2 水平）：near（TTC=2.5 s）/ far（TTC=5.0 s）。3×2 重复测量设计；顺序通过抵消减少学习效应；随机加入 no-event 试次和左右随机化以降低预期。	从测试车减速曲线提取的 5 个连续变量：(1) car reaction time Treact（从警告触发到车开始减速的时间）；(2) braking time Tbrake（减速持续时间）；(3) time to stop Tstop = Treact + Tbrake；(4) maximum deceleration Gmax；(5) stopping distance Dstop / gap from pedestrian。Study 1 测量：专家在 8 项启发式（Attention-selective/divided, Sensation, SA-perception/comprehension/projection, Decision, Workload）上的 -3~+3 评分。	Study 1：virtual shadow 在所有 8 项启发式上被专家预期优于 no warning 基线；bounding box 则被预期分散注意并不能降低 workload。Study 2（n=14 分析，剔除 2 名忽略警告者）：(1) Reaction time——virtual shadow 与 traditional 'BRAKE' 警告均缩短反应时间（vs baseline），表明视觉提示有助早期检测；(2) Time to stop——virtual shadow 与 baseline 相同（缩短了反应时间但延长了 braking time，整体停车时间维持）；traditional 警告则缩短 time to stop；(3) Maximum deceleration——near 条件下两种警告均降低峰值减速度（更平滑），但 far 条件下 traditional 'BRAKE' 警告反而引起比 baseline 更高的峰值减速度（不必要的硬刹）；(4) Stopping distance & gap——far 条件下两种界面均缩短停车距离/增大与行人距离；near 条件下两者无改善；(5) Interaction：traditional 警告下驾驶员的反应几乎不随 target distance 变化（说明文本警告缺少空间信息），而 virtual shadow 与 no warning 条件下显示出相同的 distance-modulated 行为差异，表明 virtual shadow 提供了与真实行人等价的深度线索。结论：conformal 图形提供的空间信息使刹车更平滑、避免对远距离行人过度硬刹。	Hyungil Kim, Jessica D. Isleib, Joseph L. Gabbard	Hyungil Kim	2016	HFES 2016	会议论文集 (IF -) (HFES 年会论文集)	全文	强	(Kim et al., 2016b)	Kim, H., Isleib, J. D., & Gabbard, J. L. (2016b). Virtual Shadow. *Proceedings of the Human Factors and Ergonomics Society Annual Meeting*, *60*(1), 2093–2097. https://doi.org/10.1177/1541931213601474	实验1、实验2、实验3、实验4
5	Development of augmented forward collision warning system for Head-Up Display	工程系统原型场景：面向 HUD 的增强型前向碰撞预警系统（FCWS），目标含前方车辆与行人（车载视觉检测 + AR-HUD 告警）	未报告/工程系统	AR-HUD 投射在驾驶员前向视野，告警图形贴合检测目标（具体位置参数未在 abstract 给出）	增强图形告警（augmented warnings；abstract 未具体描述形状）	动态（随实时检测结果更新告警注册位置）	未报告（基于碰撞危险评估触发，但具体 TTC/距离阈值未给出）	未报告/工程系统	未报告/工程系统	N/A 工程系统（无人因实验任务）：提出系统检测前方车辆与行人→评估碰撞风险→叠加 AR 告警	N/A 工程系统	N/A 工程系统	提出 HUD + AR 融合的 FCWS 架构，构建'检测—风险评估—视觉告警'工程闭环，验证 AR-HUD 用于 FCWS 的工程可行性	Changrak Yoon, Kyong-Ho Kim, Hye Sun Park	Changrak Yoon	2014	ITSC 2014	会议 (IF -) / CCF C (ITSC 国际智能交通会议)	全文	强	(Yoon et al., 2014)	Yoon, C., Kim, K., Park, H. S., Park, M. W., & Jung, S. K. (2014). Development of augmented forward collision warning system for Head-Up Display. In *17th International IEEE Conference on Intelligent Transportation Systems (ITSC)* (pp. 2277–2279). IEEE. https://doi.org/10.1109/itsc.2014.6958054	背景（技术/综述，未直接引用）
6	Design and Evaluation of Ecological Interface of Driving Warning System Based on AR-HUD	同济模拟器（Unity 2023 + 3×55英寸 4K 屏 + Logitech G29 + Tobii Pro 眼动），5 个场景：S1 前向碰撞 50km/h、S2 限速 60→50km/h、S3 侧向碰撞 40-50km/h、S4 车道偏离 30km/h、S5 复合多警示 30km/h	红/黄/绿三级（与交通灯一致语义）；通过透明度/饱和度做渐变	中央凹视区（fovea）2°内贴合道路平面（3D world-anchored conformal）	Carpet 地毯型（梯形），由 (a) 当前安全行驶区 (b) 越界范围 (c) 障碍物方向指引 (d/e) 多警示组合视图构成	动态：随车辆运动与环境监测实时变化；颜色随风险增加从绿→黄→红渐变	基于安全行驶区 Ssafe(t) 与车头时距 HW* 阈值；具体 TTC 数值未明确报告（依各场景动态计算）	持续直至危险解除（动态跟随）	二级（Phase 1 黄色一阶预警 / Phase 2 红色二阶临界）	驾驶模拟器中按指引完成 5 种警示场景，期间填写 DALI 量表；基于 SRK + EID 三层认知模型设计的 HMI1 与主流 AR-HUD HMI2 对比	界面类型 (HMI1 EID 生态界面 vs HMI2 主流 AR-HUD) × 场景 (S1-S5)	主观 DALI（5维认知负荷）、瞳孔直径 APD、注视时长、风险感知时间、风险决策时间	HMI1 vs HMI2：主观认知负荷 S2/S3/S5 显著降低 (p<0.05–0.001)；瞳孔直径 S2/S3/S5 显著小 (S5 p<0.001)；风险感知时间平均缩短 62.96%, SD 减少 87.5% (p<0.001)；风险决策时间平均缩短 34.57%, SD 减少 40% (p=0.003)	Jun Ma, Yuhui Li, Yuanyang Zuo	Jun Ma	2024	Sensors (MDPI) 2024	Q2 (IF 4.0) (MDPI)	全文	强	(Ma et al., 2024)	Ma, J., Li, Y., & Zuo, Y. (2024). Design and Evaluation of Ecological Interface of Driving Warning System Based on AR-HUD. *Sensors*, *24*(24), 8010. https://doi.org/10.3390/s24248010	实验1、实验2、实验4
7	Evaluating the Effectiveness of Contact-Analog and Bounding Box Prototypes in Augmented Reality Head	AR 增强驾驶视频回放下的关键事件响应任务，覆盖 rear-end（追尾）与 pedestrian（行人）两类碰撞 × 高/低交通密度	未报告（abstract 侧重对比 contact-analog 与 bounding box 两种图形原型，未给出颜色参数）	AR-HUD 视野内叠加：contact-analog 共形贴合目标位置；bounding box 框选目标周围	两种 AR-HUD 预警图形原型：Contact-Analog Graphic（共形图形）与 Bounding Box（包围盒）	动态（与目标车辆/行人位置绑定，随视频场景变化）	未报告	未报告	无分级（三组对比：contact-analog / bounding box / 无预警）	观看 AR-增强驾驶视频，对关键碰撞事件作出反应	预警类型（contact-analog / bounding box / 无预警）× 碰撞类型（rear-end / pedestrian）× 交通密度（高/低）	反应时间 reaction time、响应率 response rate、主观评价	两种 AR 预警均显著优于无预警；追尾场景下 contact-analog 表现更佳；行人场景下 bounding box 反应时间更短，且与交通密度无关	Wanting Chen, Liuqiucheng Niu, Shan Liu	Wanting Chen	2024	IJHCI 2024	Q1 (IF 4.9) (HCI 重要期刊)	全文	强	(Chen et al., 2024a)	Chen, W., Niu, L., Liu, S., Ma, S., Li, H., & Yang, Z. (2024a). Evaluating the Effectiveness of Contact-Analog and Bounding Box Prototypes in Augmented Reality Head-Up Display Warning for Chinese Novice Drivers Under Various Collision Types and Traffic Density. *International Journal of Human–Computer Interaction*, *41*(4), 2677–2691. https://doi.org/10.1080/10447318.2024.2327197	实验1、实验3
8	Comparative Analysis of AR-HUDs Crash Warning Icon Designs: An Eye-Tracking Study Using 360° Panoram	360° 全景视频驾驶仿真下的多种转弯（turning）场景，包含行人风险事件	未报告（abstract 侧重对比三类图标，未给出颜色参数）	三类位置策略：BD/BR 为固定位置图标（fixed-position）；BW 与危险目标动态绑定（dynamically linked to hazards），贴合危险目标位置	三种 AR-HUD 碰撞预警图标：BD、BR、BW（abstract 未具体展开几何形状）	BD/BR 为静态/固定位置图标；BW 为动态跟踪（dynamic tracking）危险目标的图标	未报告	未报告	无分级（仅三种图标类型对比，非紧急程度分级）	360° 全景驾驶仿真中执行转弯驾驶任务，并感知行人风险	AR-HUD 碰撞预警图标类型（BD / BR / BW）× 转弯场景	眼动指标：gaze duration（注视时长）、fixation counts（注视次数）、time to first fixation TTFF（首次注视时间）	BW（动态跟随）显著优于 BD/BR——更长注视时长、更多注视次数、更短 TTFF；BD/BR（固定位置）易受变道影响，注意力被引偏	Zhendong Wu, Ying Liang, Guocui Liu	Zhendong Wu	2024	Sustainability (MDPI) 2024	Q2 (IF 4.1) (MDPI)	全文	强	(Wu et al., 2024)	Wu, Z., Liang, Y., Liu, G., & Ai, X. (2024). Comparative Analysis of AR-HUDs Crash Warning Icon Designs: An Eye-Tracking Study Using 360° Panoramic Driving Simulation. *Sustainability*, *16*(21), 9167. https://doi.org/10.3390/su16219167	实验1、实验3
9	Spatial Plane Positioning of AR-HUD Graphics: Implications for Driver Inattentional Blindness in Nav	AR-HUD 图形空间面定位实验：实验 1 为导航场景，实验 2 为碰撞预警场景；考察对非注意盲视（inattentional blindness）的影响	未报告	三种空间面位置（核心自变量）：horizontal planar position（水平面）、vertical planar position（垂直面）、mixed planar position（混合面）	AR-HUD 导航图形（实验 1）/ AR-HUD 碰撞预警图形（实验 2）；具体形状未在 abstract 中展开	未报告	未报告	未报告	无分级（仅空间位置变量对比）	单因素被试内设计——实验 1：导航图形空间面位置任务；实验 2：碰撞预警图形空间面位置任务	AR-HUD 图形的空间面位置（水平面 / 垂直面 / 混合面）	非注意盲视行为频次（IB frequency）、反应时间、工作负荷（workload）、用户体验（含 hedonic qualities）	空间位置对非注意盲视频次与反应时间均无显著影响；导航：水平面体验最佳、负荷最低，混合面次之；碰撞预警：垂直面体验最优、负荷最低，混合面在 hedonic 维度更突出	M. H. Ye, Jun Yin	M. H. Ye	2025	Electronics (MDPI) 2025	Q2 (IF 2.9) (MDPI)	全文	强	(Ye & Yin, 2025)	Ye, M., & Yin, J. (2025). Spatial Plane Positioning of AR-HUD Graphics: Implications for Driver Inattentional Blindness in Navigation and Collision Warning Scenarios. *Electronics*, *14*(23), 4768. https://doi.org/10.3390/electronics14234768	实验1、实验3
10	An Augmented Warning System for Pedestrians: User Interface Design and Algorithm Development	行人侧 AR 投影/可穿戴预警场景：向行人本人告知来车风险，包含视线被遮挡（sightline blocked by obstructions）的情景；非车载 HUD	未报告	投影到行人视野/前方地面（非车载 HUD）；具体位置参数未在 abstract 给出	简洁易懂的 UI 图形（abstract 未展开具体几何）	动态（多种实时投影算法 real-time projection algorithms 随来车更新预警信息）	实时（real-time）告警；具体提前时间/TTC 阈值未报告	未报告	无分级	Pilot study（小规模试点）：测试投影算法的准确性与 UI 的可理解性	N/A（pilot study；侧重算法与 UI 可行性验证）	算法实时更新能力、UI 可理解性（pilot 评估）	投影算法能实时更新预警信息并正确呈现于易理解 UI；在视线被遮挡场景下仍能有效工作；为情境感知薄弱的行人提供保护手段	Yourui Tong, Bochen Jia, Shan Bao	Yourui Tong	2021	Applied Sciences (MDPI) 2021	Q2 (IF 2.5) (MDPI)	全文	强	(Tong et al., 2021)	Tong, Y., Jia, B., & Bao, S. (2021). An Augmented Warning System for Pedestrians: User Interface Design and Algorithm Development. *Applied Sciences*, *11*(16), 7197. https://doi.org/10.3390/app11167197	背景（时间专题）
11	Collision Avoidance Head-Up Display: Design Considerations for Emergency Services’ Vehicles	Emergency Services（应急服务车辆，含 ambulance/fire/police）穿越拥堵或缓行交通到达事故现场的场景	未报告	AR-HUD 在驾驶员视野内投射，对比 HDD（Head-Down Display 仪表盘式）系统；具体位置参数未在 abstract 给出	未报告（abstract 提出原型 HUD 设计与开发框架，具体图形未展开）	未报告	未报告	未报告	未报告	调查研究 + 原型设计：分析普通驾驶员在缓行/拥堵中的注意力分散状态；提取应急车辆 HUD 的 HMI 需求	调查/需求研究为主（无典型实验自变量操控）	普通驾驶员的注意力/分心状态报告；应急车辆原型 HUD 的 HMI 需求清单	拥堵中普通驾驶员因分心常无法及时让行；AR-HUD 较 HDD 在传递关键信息和辅助决策方面更具优势；提出应急车辆 AR-HUD 设计与开发框架及 HMI 需求	Kweku F. Bram-Larbi, Vassilis Charissis, Soheeb Khan	Kweku F. Bram-Larbi	2020	IEEE ICCE 2020	会议 (IF -) (消费电子会议)	全文	强	(Bram-Larbi et al., 2020)	Bram-Larbi, K., Charissis, V., Khan, S., Lagoo, R., Harrison, D. K., & Drikakis, D. (2020). Collision Avoidance Head-Up Display: Design Considerations for Emergency Services’ Vehicles. In *2020 IEEE International Conference on Consumer Electronics (ICCE)* (pp. 1–7). IEEE. https://doi.org/10.1109/icce46568.2020.9043068	背景（技术/综述，未直接引用）
12	Improving Pedestrian Safety with Head-Up Display Warning in a Connected Environment	网联（connected）环境下的驾驶模拟器场景：行人横穿风险事件；含 clear weather（晴天）与 foggy weather（雾天）两类天气	未报告	HUD 驾驶员前向视野；与 HDD（仪表盘）和 baseline（无预警）对比	未报告（abstract 仅描述为提前推送的 warning information）	未报告	提前于风险点推送（'providing warning information to drivers in advance'；'started to decelerate further away from pedestrians'），具体 TTC/距离阈值未在 abstract 给出	未报告	无分级（三种显示类型对比：Baseline / Head-Down Display / Head-Up Display）	驾驶模拟器中应对行人横穿风险事件，含制动规避操作	预警显示类型（Baseline / HDD / HUD）× 天气条件（clear / foggy）	感知-决策阶段：油门松开位置 position of accelerator-pedal release、首次制动位置 position of first braking；规避操控：最大减速度 maximum deceleration、制动距离 braking distance；结果阶段：最小碰撞距离 minimum collision distance、最低车速位置 position of minimum speed	HUD 预警条件下，驾驶员更早开始减速，减速过程更平稳、安全裕度更大；雾天条件下 HUD 对感知与决策的改善尤为明显，验证了 connected HUD 的安全价值	Yu Zhang, Yang Bian, Xiaohua Zhao	Yu Zhang	2024	IJHCI 2024	Q1 (IF 4.9) (HCI 重要期刊)	全文	强	(Zhang et al., 2024)	Zhang, Y., Bian, Y., Zhao, X., Li, X., & Zhang, J. (2024). Improving Pedestrian Safety with Head-Up Display Warning in a Connected Environment. *International Journal of Human–Computer Interaction*, *41*(6), 3724–3744. https://doi.org/10.1080/10447318.2024.2368910	实验1
13	Assessing Distraction Potential of Augmented Reality Head-Up Displays for Vehicle Drivers	Cogent Lab 中保真模拟器；Pioneer Cyber Navi 真实 AR-HUD（780×260 px, FOV 15°, 虚像距离 ~3m）；评估单次注视 (single glance) 时长对认知隧道与无意视盲的影响	未明确（聚焦于注视时长效应而非颜色研究）	Pioneer Cyber Navi HUD（驾驶员中央正前方）	AR 图形（具体形状未指定，方法论提案）	静态/动态混合（注视任务期间）	实验性操控的注视时长：2 / 5 / 10 / 15 / 20 / 30 / 40 / 50 秒	等同于注视时长（2 s 至 50 s 共 8 个等级）	无分级（关注注视时长操控）	单次注视 AR-HUD 内容时分别检测：(1) CDT 改变盲视检测任务、(2) PDT 周边检测任务，量化无意视盲与认知隧道	AR-HUD 单次注视时长（2/5/10/15/20/30/40/50s）	无意视盲发生率 (CDT)；周边检测任务反应时与漏检率 (PDT)	提出 AR-HUD 干扰潜势的双指标评估方法（CDT + PDT）；具体定量结果取决于研究阶段（提案为方法论框架）	Hyungil Kim, Joseph L. Gabbard	Hyungil Kim	2019	Human Factors 2019	Q1 (IF 3.4) (人因工程顶刊)	全文	强	(Kim & Gabbard, 2019)	Kim, H., & Gabbard, J. L. (2019). Assessing Distraction Potential of Augmented Reality Head-Up Displays for Vehicle Drivers. *Human Factors: The Journal of the Human Factors and Ergonomics Society*, *64*(5), 852–865. https://doi.org/10.1177/0018720819844845	背景（技术/综述，未直接引用）
14	Brake reactions of distracted drivers to pedestrian Forward Collision Warning systems	行人前向碰撞预警（pedestrian FCW）系统下分心（distracted）驾驶员的制动反应分析（具体场景在 OpenAlex abstract 中缺失）	未报告	未报告（OpenAlex abstract 缺失）	未报告	未报告	未报告（abstract 缺失）	未报告	未报告	未报告（abstract 缺失；据题名推测为分心驾驶员在行人 FCW 系统下的制动行为评估）	未报告	未报告（推测含 brake reaction time、制动强度、碰撞结果等）	未报告（基于题名推断：分析分心驾驶员对行人 FCW 系统的制动反应特征；为行人 FCW 领域常被引用的人因实证研究，被引 49 次）	Nils Lübbe	Nils Lübbe	2017	J. Safety Research 2017	Q1 (IF 4.3) (Elsevier)	全文	强	(Lubbe, 2017)	Lubbe, N. (2017). Brake reactions of distracted drivers to pedestrian Forward Collision Warning systems. *Journal of Safety Research*, *61*, 23–32. https://doi.org/10.1016/j.jsr.2017.02.002	实验1、实验2
15	Distractive or Supportive -- How Warnings in the Head-up Display Affect Drivers' Gaze and Driving Be	城市场景驾驶模拟器中，行人突然横穿自车前方需紧急制动的 critical urban scenario	未报告	HUD 显示区域内（具体位置参数未在 abstract 报告）	四种 HUD 预警类型（abstract 未具体展开几何/图标），按两维度组织：策略（attention-oriented vs. reaction-oriented）× 具体性（generic vs. specific）	未报告	未报告（针对即将到来的行人横穿场景触发，但无具体 TTC/距离阈值）	未报告	无分级（4 种预警类型 + 1 个对照组共 5 组对比；非紧急程度分级）	城市驾驶模拟，遭遇行人横穿，需快速且强烈的紧急制动（emergency brake）	预警类型（4 种 HUD 预警 + 对照组）；预警策略（attention vs. reaction oriented）× 具体性（generic vs. specific）	凝视行为 gaze（含是否产生 HUD glance）、制动反应（reaction time、强度）、碰撞数、碰撞严重程度	所有预警均整体提升表现：制动更快更强、碰撞严重程度降低（但碰撞数未减）；仅约半数被试真正 glance HUD，注视 HUD 反而削弱收益；最难理解的预警效果最差——'不需注视即可被感知'的预警最有潜力	Susann Winkler, Juela Kazazi, Mark Vollrath	Susann Winkler	2015	ITSC 2015	会议 (IF -) / CCF C (ITSC 国际智能交通会议)	全文	强	(Winkler et al., 2015)	Winkler, S., Kazazi, J., & Vollrath, M. (2015). Distractive or Supportive -- How Warnings in the Head-up Display Affect Drivers' Gaze and Driving Behavior. In *2015 IEEE 18th International Conference on Intelligent Transportation Systems* (pp. 1035–1040). IEEE. https://doi.org/10.1109/itsc.2015.172	实验1
16	Accident Prevention through Visual Warnings: How to Design Warnings in Head-up Display for Older and	静态驾驶模拟器中的城市场景：4 种关键事件（含 pedestrian 行人、lead vehicle 前车、obstacle 障碍物），覆盖 very critical（高危急）与 less critical（低危急）条件	未报告（两类视觉符号 stop sign / caution sign，颜色具体值未在 abstract 给出）	HUD 显示区域内（具体位置参数未报告）	两种视觉符号：Stop sign warning（停止标志，目标在于触发立即急刹）与 Caution sign warning（注意标志，目标在于诱发轻踩刹车）	静态符号（标志类）	未报告	未报告	二级语义差异（指令式 stop vs. 提示式 caution），但非按紧急程度划分的层级预警	静态驾驶模拟器中应对 4 种城市危险场景（行人/前车/障碍物等）	预警类型（stop sign / caution sign）× 年龄组（20–35 岁 / 65+ 岁），被试间设计	碰撞数 number of collisions、制动反应时间 brake reaction time、最大制动量 maximum braking value	高危急场景下预警显著降低碰撞数（尤其年轻驾驶员）；老年偏好 stop sign（更快更强制动）；年轻驾驶员在 caution sign 下反应最快最强；低危急两类预警均缩短 RT，且 stop sign 制动最强	Juela Kazazi, Susann Winkler, Mark Vollrath	Juela Kazazi	2015	ITSC 2015	会议 (IF -) / CCF C (ITSC 国际智能交通会议)	全文	强	(Kazazi et al., 2015)	Kazazi, J., Winkler, S., & Vollrath, M. (2015). Accident Prevention through Visual Warnings: How to Design Warnings in Head-up Display for Older and Younger Drivers. In *2015 IEEE 18th International Conference on Intelligent Transportation Systems* (pp. 1028–1034). IEEE. https://doi.org/10.1109/itsc.2015.171	实验1、实验2
17	Augmented Reality-Based Navigation Using Deep Learning-Based Pedestrian and Personal Mobility User R	在线视频研究（Google Forms），传统 HUD vs. 本文提出的 AR-HUD（含深度学习行人/PMU 检测与朝向估计）	黄色 = 行人；红色 = 个人移动设备 (PMU, e.g. e-scooter, monocycle)	AR-HUD 位置贴合行人/PMU 真实位置；超出 HUD 视野时用方向箭头沿 HUD 边界提示	径向圆圈（位置）+ 方向箭头（72-bin MEBOW 估计的朝向）	动态：跟随行人/PMU 实时位置与朝向变化	基于 Mask R-CNN + DMNAD 异常检测 + MEBOW 检测结果触发，无 TTC 阈值（持续显示）	实时持续显示（视频研究中场景全程可见）	三级信息复杂度（Minimal: 仅位置 / Normal: 位置+方向 / Complex: 位置+方向+速度+油量），非风险分级	在线观看驾驶视频后填写 SUS（系统可用性）+ SART（情境感知）问卷	HUD 类型（传统 vs AR-HUD）× 信息复杂度（Minimal/Normal/Complex）	SUS 评分；SART 综合 SA、注意力供给、理解度	AR-HUD 显著优于传统 HUD：SUS 多项 (p<0.05/0.01)；SART 综合 SA 显著提升 (p<0.05)；理解度提升 (p<0.01)；信息复杂度提升不显著降低 SA	Dong Hyeon Roh, Jae Yeol Lee	Dong Hyeon Roh	2023	IEEE Access 2023	Q2 (IF 4.2)	全文	强	(Roh & Lee, 2023)	Roh, D. H., & Lee, J. Y. (2023). Augmented Reality-Based Navigation Using Deep Learning-Based Pedestrian and Personal Mobility User Recognition—A Comparative Evaluation for Driving Assistance. *IEEE Access*, *11*, 62200–62211. https://doi.org/10.1109/access.2023.3286872	背景（技术/综述，未直接引用）
18	In‐Vehicle AR‐HUD System to Provide Driving‐Safety Information	车载 AR-HUD 工程系统：在恶劣天气下识别地面障碍物（车辆 + 行人）并将驾驶安全信息贴合驾驶员视野呈现	未报告/工程系统	AR-HUD 上信息与驾驶员视野配准（'displays information registered to the driver's view'）——区别于传统 HUD 的非配准显示	未报告/工程系统	动态（系统识别速度约 15 fps，实时注册）	未报告/工程系统	未报告/工程系统	未报告/工程系统	N/A 工程系统。系统由四模块组成：ground obstacle detection（地面障碍检测）、object decision（对象决策）、object recognition（对象识别）、display（显示）	N/A 工程系统	驾驶安全信息识别率约 73%；识别速度约 15 fps（对车辆与行人均同）	提出可在恶劣天气下稳健识别 + 视野配准的 AR-HUD 系统；行人/车辆识别率 ~73%，速度 ~15 fps；融合 GPS 与计算机视觉技术	Hye Sun Park, Min Woo Park, Kwanghee Won	Hye Sun Park	2013	ETRI Journal 2013	Q3 (IF 2.0) (Wiley)	全文	强	(Park et al., 2013)	Park, H. S., Park, M. W., Won, K. H., Kim, K., & Jung, S. K. (2013). In‐Vehicle AR‐HUD System to Provide Driving‐Safety Information. *ETRI Journal*, *35*(6), 1038–1047. https://doi.org/10.4218/etrij.13.2013.0041	背景（技术/综述，未直接引用）
19	A Review of Augmented Reality Heads Up Display in Vehicles: Effectiveness, Application, and Safety	N/A 综述（综述车载 AR-HUD 的演进、应用与安全；重点包含自动驾驶接管 driver handover 场景与行人识别）	N/A 综述	N/A 综述（综述讨论 AR-HUD 作为辅助显示 vs. 主显示的定位差异，未涉及具体位置参数）	N/A 综述	N/A 综述	N/A 综述	N/A 综述	N/A 综述	N/A 综述（文献综述方法）	N/A 综述	N/A 综述	AR-HUD 应用得当可提升安全与体验，否则会增加干扰与认知负荷；主要收益：导航更直观、降低非注意盲视（inattentional blindness）、改善行人识别；研究空白：多数研究将 AR-HUD 视为辅助显示而非主显示——提出将其作为唯一显示的研究方向	M. Winkler, Morteza Soleimani	M. Winkler	2025	IJHCI 2025	Q1 (IF 4.9) (HCI 重要期刊)	全文	强	(Winkler & Soleimani, 2025)	Winkler, M., & Soleimani, M. (2025). A Review of Augmented Reality Heads Up Display in Vehicles: Effectiveness, Application, and Safety. *International Journal of Human–Computer Interaction*, *41*(18), 11405–11420. https://doi.org/10.1080/10447318.2024.2443252	背景（技术/综述，未直接引用）
20	ARive: Assisting Drivers with In-Car Augmented Reality for Risk Zone Detection	Carla 0.9.12 模拟器 + 真实 HoloLens 2 AR-HMD（非屏幕模拟）；两个城镇 Town A / Town B；6 个城市驾驶任务（急刹、无信号交叉口让行、并道等）	中等透明度红色（单一）	Design 1 红地毯：道路水平面投影于前车后方；Design 2 虚拟墙：垂直于道路、叠在前车上	Design 1 = Red Carpet 地毯；Design 2 = Virtual Wall 红色透明方块墙	动态：长度/高度随 TTMD 实时变化（红地毯长度 = Δv × t_min；虚拟墙高度 = h_obj × t_min/2）	TTMD ≤ 5 s 且最近距离 < 5 m 时激活（TTMD = Time to Minimum Distance, 公式 t_min = -(Δp·Δv)/(Δv·Δv)）	条件满足时持续显示；条件解除即消失	二级：0<TTMD≤2s 临界（红色加深）/ 2<TTMD≤5s 预警（标准红色）	Carla 模拟器中完成驾驶任务，三种条件（Baseline / Design 1 / Design 2）	AR 设计（Baseline / Red Carpet / Virtual Wall）	THW、最小 TTC、TTC<3s 次数、刹车反应时、最大减速度、让行成功率；UEQ、DALI 主观评分；半结构化访谈	急刹 THW 显著增大 (B vs D1 p<.005, B vs D2 p<.009)；让行成功率 D2 显著优于 Baseline (p<.001)；UEQ 吸引度 D1 > D2 (p<.017)；干扰度 D2 > B&D1；偏好 16/21 选 D1；最小 TTC、刹车反应时、最大减速度无显著差异	Chao Wang, Derck Chu, Marieke Martens	Chao Wang	2025	ACM IMWUT 2025	Q1 (IF 6.2) / CCF A (UbiComp) (顶级会议 UbiComp 论文)	全文	强	(Wang et al., 2025)	Wang, C., Chu, D., & Martens, M. (2025). ARive: Assisting Drivers with In-Car Augmented Reality for Risk Zone Detection. *Proceedings of the ACM on Interactive, Mobile, Wearable and Ubiquitous Technologies*, *9*(1), 1–27. https://doi.org/10.1145/3712270	实验1、实验3、实验4
21	Differences in drivers’ dependence on AR warning information in urban driving environments: the role	城市道路（urban road）行人突然冲出（pedestrian run-out）危险场景，分为白天（urban daytime）与夜间（urban nighttime）两种照明条件；车辆以 50 km/h 在城市道路自动驾驶状态下行驶（self-driving car）。	实验材料显示 AR 警告视觉效果（基于专家焦点小组筛选的 pedestrian run-out AR warning theme），未在正文给出具体 RGB/HEX；图 7 展示了白天与夜间的城市中 AR 警告呈现样式。	AR 警告信息以 AR HUD 投影方式叠加于驾驶员前方道路真实场景中（in driver's field of view），具体位置为行人冲出位置附近；未给出 horizontal/vertical 角度数值。	Pedestrian run-out 主题的 AR warning 视觉符号（一种闪烁的图形警告 message），针对行人危险的图标化标识；论文未给出几何尺寸参数。	AR 警告信息以 flashing（闪烁）方式呈现；当 TTC=2.5 s 且车距约 34.72 m 时触发警告与行人冲出同步出现；Experiment 2 中三次行人危险事件中随机一次发生 AR 警告系统故障（system failure）。	基于 TTC（Time-To-Collision）= 2.5 s 触发，对应车-人距离约 34.72 m（车速 50 km/h）。	未明确给出，警告随行人冲出事件呈现并以 flashing 方式持续至事件解除；Experiment 2 故障条件下 warning 完全缺失。	二元设计：(1) AR 警告组（with AR warning at TTC=2.5 s）vs. 对照组（无 AR 警告）；Experiment 2 引入 AR 系统故障（random AR warning failure）作为第三种条件；无多级分级警告。	驾驶员观看模拟驾驶视频（50 km/h 城市道路），完成行人危险感知任务（hazard perception），并口头报告（verbal report）检测到的行人危险以增加认知负荷；Experiment 2 增加 UMUX 主观评分（effectiveness/intrusiveness/reliability 三维度，7-point Likert）。	(1) AR 警告条件（AR group vs. control group；Experiment 2: AR + system failure）；(2) 驾驶经验（experienced：累计 > 50,000 km 或驾龄 > 4 年 vs. novice）；(3) 环境照明（urban daytime vs. urban nighttime）。	(1) 行人危险感知时间（hazard perception time / perceived time-to-pedestrian，由 Tobii Glass 3 眼动数据 60 Hz、0.5° 精度采集）；(2) UMUX 主观评分（effectiveness/intrusiveness/reliability）。	Experiment 1：白天 AR 组 M=0.52 s（SD=0.13）、对照 M=1.20 s（SD=0.33），p<0.01；夜间 AR 组 M=0.58 s（SD=0.14）、对照 M=1.89 s（SD=0.32），p<0.01。对照组白天 vs 夜间 p<0.01；AR 组白天 vs 夜间 p=0.092（无显著差异），AR 可消除昼夜差异。Experiment 2 依赖性：经验驾驶员白天 AR 故障 vs 对照 p=0.594（无依赖），夜间 p<0.01 但 AR 故障时间显著低于对照（更警觉）；新手驾驶员白天 p<0.01（产生依赖），夜间 p=0.935（无依赖）。主观：依赖性与期望主要与 perceived intrusiveness 负相关而非 effectiveness。	Faren Huo, Rubanka Alla	Faren Huo	2025	Frontiers VR 2025	未收录JCR (新刊) (IF -) (Frontiers 新刊，2020年创刊)	全文	强	(Huo & Alla, 2025)	Huo, F., & Alla, R. (2025). Differences in drivers’ dependence on AR warning information in urban driving environments: the role of driving experience. *Frontiers in Virtual Reality*, *6*, 1638823. https://doi.org/10.3389/frvir.2025.1638823	实验1
22	ARVE	城市车辆网络（vehicular network）的 AR HUD 应用场景；两个典型示例：(1) 前导卡车遭遇坑洞（pothole）通知后方车辆（real-time latency, street scale）；(2) 前方拥堵超出视距（city scale）；具体 AR HUD 用例为 View Share（视野共享）：通过边缘计算检测被前方车辆遮挡的物体并以 AR 形式呈现给后车驾驶员。	未给出 AR 图形颜色规格；通过 OpenGL 渲染相机视图之上的增强信息；YOLO v3 检测对象以矩形边界框（rectangular boundary）覆盖。	AR 标注以 2D 形式呈现于车载 IoT 设备屏幕（HUD/smart rearview mirror）；通过 perspective transformation（bird's-eye view 单应变换）将检测物体由相机像素位置变换为现实世界相对位置（distance + direction）后投影至 driver's view；具体角度参数未给出。	检测目标的矩形包围盒（bounding rectangle），由 YOLO v3 提供；每个 object 选取 bottom boundary 的中点作为其在相机图像中的位置。	实时（real-time）动态更新：客户端以 30 fps 连续上传图像至 ES（每秒第 1 帧 960×540 px、51.8 KB 用于 object detection），ES 处理后回传 {timestamp, object name, object GPS} 元组；AR 图形随车辆运动与被测物体位置实时刷新。	未设定固定 TTC 阈值；端到端延迟 View Share with ES = 92.2 ms（vs cloud = 125.1 ms，差 32.9 ms）；上下行链路总延迟降低 21.7 ms；ES-to-phone RTT = 6.84 ms，ES-to-cloud RTT = 28.76 ms；LTE 网络中 100 km/h 行驶车辆 RTT < 7.6 ms（>90% 车辆）。	未给出独立 warning 显示时长；AR 标注随对象检测结果连续呈现；Event Data 数据库按 event type 设定 TTL（time-to-live），过期自动清除。	Rule-based 多级触发：根据 event type 与 severity 匹配规则（如 'traffic congestion' 仅通知附近车辆；'severe accident' 通知附近车辆与行人）；AR HUD 层面未分级。	工程系统设计与原型评估论文。客户端任务：上传 {camera image, GPS, orientation, timestamp, IP} 至 T1 ES，ES 执行 object detection 与坐标变换，回传后客户端以 AR 方式显示被遮挡物体。	评估方式：通过对比 (1) 部署架构（pure cloud / 20% / 40% / 60% / 80% / 100% edge 混合）；(2) 交通流量密度（伦敦中心区 12 小时车辆数据 8262–14494 辆/小时）；(3) ES 部署数量（基于 macrocell co-location，峰值需 64 个 ES，覆盖半径 3 km）。	(1) 端到端延迟（Client Data Collection / Uplink / Object Detection / Policy Control / Downlink / Client Rendering 六段分解）；(2) 带宽需求（device/edge/cloud 三层级）；(3) 不同部署比例下的 View Sharing 平均延迟。	View Share with ES = 92.2 ms vs with Cloud = 125.1 ms（节省 32.9 ms，~20% 改进）。Pure edge 比 pure cloud 在峰值时段 View Sharing 延迟减少约 32 ms；Cloud 带宽峰值需求 324.5 MB/s vs ES 仅 5.07 MB/s（节省 ~98%）；80% edge 部署延迟接近 100% pure edge。Device 端 0.0581 MB/s。LTE RTT 测得：edge=19.9 ms / cloud A=24.9 ms / cloud B=52.4 ms / cloud C=58.8 ms。	Pengyuan Zhou, Wenxiao Zhang, Tristan Braud	Pengyuan Zhou	2018	AutoUI 2018	会议 (IF -) (AutoUI 汽车 UI 会议)	全文	强	(Zhou et al., 2018)	Zhou, P., Zhang, W., Braud, T., Hui, P., & Kangasharju, J. (2018). ARVE. In *Proceedings of the 2018 Workshop on Mobile Edge Communications* (pp. 25–30). ACM. https://doi.org/10.1145/3229556.3229564	背景（技术/综述，未直接引用）
23	Assessing the Impact of AR HUDs and Risk Level on User Experience in Self-Driving Cars: Results from	VR + 运动平台（motion simulator）模拟自动驾驶（self-driving）下的风险/事故场景，含不同事故严重程度	未报告	AR-HUD 呈现于驾驶员/乘员视野（具体位置参数未在 abstract 给出）	未报告（abstract 描述 HUD 信息与即时环境及事故严重程度相关）	未报告	未报告（按事故风险/严重程度条件触发）	未报告	通过'风险等级 level of risk'作为自变量分级（具体等级数未在 abstract 中明确）	VR + 运动平台自动驾驶模拟中体验风险/事故事件	风险等级（level of risk）× HUD 信息呈现条件（有/无及不同条件）	用户体验 UX：trust、perceived safety、situation awareness、immersion and presence、reaction to events；皮肤电反应 GSR；自评情绪（Valence/Arousal）	HUD 信息显著提升 trust 与 situation awareness；风险等级与 HUD 条件均显著影响 UX 与 GSR；GSR 与自评数据存在显著相关；VR+运动平台是评估自动驾驶 UX（含风险情境）的有效工具	Seung Ju Kim, Seungju Kim, Jungseok Oh	Seung Ju Kim	2023	Applied Sciences (MDPI) 2023	Q2 (IF 2.5) (MDPI)	全文	强	(Kim et al., 2023)	Kim, S., Oh, J., Seong, M., Jeon, E., Moon, Y. K., & Kim, S. (2023). Assessing the Impact of AR HUDs and Risk Level on User Experience in Self-Driving Cars: Results from a Realistic Driving Simulation. *Applied Sciences*, *13*(8), 4952. https://doi.org/10.3390/app13084952	背景（技术/综述，未直接引用）
24	The Influence of Information Redundancy on Driving Behavior and Psychological Responses Under Differ	驾驶模拟中的雾天突发事件场景：两种能见度（light fog 轻雾 / heavy fog 重雾）× 不同风险等级	未报告（abstract 侧重界面信息形式而非颜色编码）	AR-HUD 驾驶员前向视野（具体位置参数未报告）	三种 AR-HUD 界面：words-only（纯文字）、symbols-only（纯符号）、words + symbols（冗余 redundant 界面）	未报告（视为静态信息提示）	未报告	未报告	无分级（按信息冗余度对比三种界面，非紧急程度分级）	雾天能见度下应对突发风险事件，含制动操作	AR-HUD 界面类型（words-only / symbols-only / words+symbols）× 能见度（light fog / heavy fog）× 风险等级	反应时间 RT、time-to-collision TTC、最大横向加速度、最大纵向加速度、主观可用性	风险等级显著影响 RT/TTC/加速度；重雾下三类界面在 RT、TTC 上呈显著差异；母语文字相关界面反应更快；高风险条件（无论轻雾或重雾）冗余（文字+符号）界面主观可用性最高、最受偏爱	Junfeng Li, Kexin Chen, Mo Chen	Junfeng Li	2025	Applied Sciences (MDPI) 2025	Q2 (IF 2.5) (MDPI)	全文	强	(Li et al., 2025b)	Li, J., Chen, K., & Chen, M. (2025b). The Influence of Information Redundancy on Driving Behavior and Psychological Responses Under Different Fog and Risk Conditions: An Analysis of AR-HUD Interface Designs. *Applied Sciences*, *15*(20), 11072. https://doi.org/10.3390/app152011072	背景（时间专题）
25	AR DriveSim: An Immersive Driving Simulator for Augmented Reality Head-Up Display Research	大型城市驾驶场景，每次驾驶 6–12 分钟，包含 8 次右转 + 4 次左转的导航任务；半数路口（2 左 2 右）有由 8 辆车组成的对向/横向车流（platoon of eight vehicles）；驾驶员被要求以 30 mph 行驶并遵守交通规则。	Conformal 条件：蓝色（blue）箭头贴附路面，似道路一部分；Screen-fixed 条件：2D 屏幕固定箭头（left/right 朝向），其垂直竖杆随接近转弯而填充以指示距离。	AR HUD 使用 Pioneer Carrozzeria Cyber Navi：~3 m 固定焦距、~17° 水平视场（horizontal FOV），可在车顶导轨上滑动（距驾驶员视点 8–24 inches，约 0.20–0.61 m 可调）；Conformal 箭头基于世界坐标贴地呈现；Screen-fixed 箭头基于 HUD 屏幕坐标固定。	Conformal：贴地大箭头（road-conformal arrow），随车辆接近而 'driven over'；Screen-fixed：2D 屏幕箭头（垂直竖杆 + 转向箭头），竖杆随距离填充。	图形于距路口 392 ft（~119.5 m）出现，至驾驶员完成路口穿越后消失；Conformal 箭头随驾驶视角变化滚动进入并'压过'车辆；Screen-fixed 箭头的竖杆从顶到底填充；基于 MiniSim 道路触发器（road pad triggers）启动渲染回调；MiniSim 以 60 Hz UDP 输出位姿至 X3D AR HUD 计算机。	导航提示在距交叉口 392 ft（~119.5 m）开始可见；驾驶行为指标在 492 ft（~150 m）窗口内分析。	从距路口 ~392 ft（~119.5 m）持续至驾驶员穿过交叉口后消失；约 30 mph 下持续时长 ~9 s。	二元 UI 设计：Conformal（world-relative 贴地 AR 箭头）vs. Screen-fixed（2D 屏幕固定箭头）；无紧急度分级。	城市道路导航驾驶任务：以 30 mph 行驶、遵守信号灯、根据 HUD 导航箭头完成 12 次转弯（8 右 + 4 左）；半数路口设有 8 辆车横向车流以引发让行/取间隙决策；同时完成 NASA-TLX 主观工作负荷量表与 5 项可用性评级（distraction / driving impact / navigation / trust / viewing）。	(1) HUD 显示类型（Conformal vs. Screen-fixed）；(2) 转弯方向；(3) 顺序（counterbalanced）；(4) 性别；(5) 横向车流存在与否。	(1) NASA-TLX 子量表（mental/physical/temporal demand, effort, frustration, performance, Raw TLX）；(2) 可用性 5 项；(3) 注视行为（max/mean HUD-graphic 注视时长、注视次数、各 AOI 注视百分比：HUD graphic / around HUD graphic / on-HUD hazards / off-HUD hazards / overall HUD，SMI ETG 60 Hz 或 Tobii Pro Glasses 2 100 Hz）；(4) 驾驶行为（mean lane position、speed SD、steering SD、lane position SD、peak deceleration、stop distance）；(5) 风险接受（gap size feet、放过车辆数）。	Conformal 显著增加 mental demand（23.7% vs 11.7%）、effort（21.1% vs 12.6%）、Raw TLX（16.2% vs 10.6%）；显著降低 driving impact、navigation、trust、viewing。注视：Conformal max HUD-graphic 注视 3.33 s vs 1.17 s（p<0.0001）、mean 1.48 s vs 0.71 s（p=0.0158）、注视次数 6.00 vs 3.54（p=0.0389）、HUD-graphic 注视百分比 34.8% vs 11.8%（p<0.0001）；Screen-fixed 'HUD周边' 注视比例更高（41.5% vs 28.6%, p=0.0005）；on/off-HUD hazards 无显著差异。驾驶行为各项无显著差异；风险接受无显著差异。结论：贴地 conformal AR 图形并不必然优于屏幕固定 2D 图形。	Joseph L. Gabbard, Missie Smith, Kyle Tanous	Joseph L. Gabbard	2019	Frontiers Robotics & AI 2019	Q2 (IF 3.61) (Frontiers)	全文	强	(Gabbard et al., 2019)	Gabbard, J. L., Smith, M., Tanous, K., Kim, H., & Jonas, B. (2019). AR DriveSim: An Immersive Driving Simulator for Augmented Reality Head-Up Display Research. *Frontiers in Robotics and AI*, *6*, 98. https://doi.org/10.3389/frobt.2019.00098	实验3
26	Employing Emerging Technologies to Develop and Evaluate In-Vehicle Intelligent Systems for Driver Su	苏格兰格拉斯哥（Glasgow）周边高速公路网络 M8/M73/M80 三角形 28 英里数字孪生模型（digital twin city）；典型工作日中午（midday weekday）车流密度；后端追尾事故场景（rear collision），由 AI 控制的领头车辆（lead vehicle）执行突然制动（abrupt braking）形成 high-propensity collision；车速接近英国高速限速 70 mph（~112 km/h）。	未给出 RGB 规格；Text Message 数量徽标为红色（superscript red circle/sphere）；symbol 四态视觉确认采用不同颜色编码（Idle / Decline-warning / Hover / Selected）。	AR HUD 投影于挡风玻璃下部（lower section of windscreen），与仪表板相邻；AR 符号显示距离 ~2.5 m 前方（at bonnet level）以避免双焦点调节（double accommodation）；HDD 比较位置为仪表簇上方触摸屏（位置 'C'，距驾驶员眼部 720–880 mm）；HUD 位置 'F'（驾驶员 FOV 中前方）被证明为最佳，其次为 'C'；Leap Motion 手势传感器置于仪表板顶部（距驾驶员头部 ~500–650 mm），位于方向盘后方；遵循 SAE J2831 推荐位置规范。	三主符号：(a) Home, (b) Text Message（带右上角红色数字徽标显示未读消息数）, (c) Map/Navigation；导航子符号：左右箭头 + 红色圆形（未读消息计数）；设计强调极简 minimalistic、self-explanatory。	Interrupt strategy（中断策略）：在高速行驶或密集城市环境中暂存（withhold/archive）来电与消息，仅在'安全时机'释放；恶劣天气延长暂存时间；手势 'air-clicking' 触发四态视觉反馈（Idle→Hover→Selected 或 Decline）；AR HUD 渲染保持 ≥ 90 FPS 以避免眩晕；每次试验中驾驶员收到 4 条消息（2 条导航 + 2 条短信），间隔随机。	未基于固定 TTC 触发；事故触发由 AI 领头车辆突然制动产生，且与驾驶员收到第 4 条消息几乎同时发生（图 16 grey section 约 simulation 第 5–11 s 区间）；驾驶员需在 < 5 s 内对 200 m 距离缩减做出反应。	infotainment 消息持续直至驾驶员通过手势交互完成；具体显示时长未量化；模拟数据以 0.03 s 为间隔记录（约 33 Hz）。	按位置区分信息重要性：中部窗格用于关键警告（如碰撞警告），上下部边缘用于辅助信息（infotainment）；本研究仅涉及辅助信息（infotainment），无紧急度分级。	城市高速公路驾驶任务（用户邀友前往爱丁堡附近聚会场景），驾驶员需接收并阅读 4 条来信（2 条导航 + 2 条短信）以指引到达目的地；在最后阶段领头 AI 车辆突然制动，要求驾驶员快速反应避免追尾。	(1) 显示方式：AR HUD（gesture + AR symbols at 2.5 m, position F）vs. HDD（dashboard touchscreen, position C）；试验顺序对每用户随机化。	(1) 碰撞次数（collisions per trial）；(2) 碰撞概率（95% CI）；(3) 驾驶员响应时间（RT）；(4) 车头时距（HW headway）；(5) 速度（km/h）；(6) 车道位置；(7) 与前车/相邻车距离（0.03 s 采样）；(8) 主观可用性（pre/post 问卷 + 自定义 TAM + ease-of-use 评级 + 调试访谈）；未使用 eye-tracking（因 AR 投影位于 2.5 m 远导致双层焦点问题与 HMD 不适）。	HDD 条件碰撞概率 87%（95% CI 0.74–1.00，30 人中 26 人发生碰撞，总 127 次碰撞）；AR HUD 条件碰撞概率 23%（95% CI 0.07–0.39，7 人发生碰撞，共 15 次碰撞），碰撞减少 64%（绝对值）。6.5% 用户两条件均无碰撞但反馈 HUD 操作更轻松；3%（1 人）HUD 表现更差（座位姿势超出 Leap Motion 感测区）。代表用户在 HUD 条件下能提前阅读导航预警并平滑减速至 11.5 s 完全停车；HDD 条件下因无法及时阅读警告而以 72 km/h 撞上静止前车。97% 用户认为 HUD 驾驶更不紧张；80% 认为 HUD 极易/非常易于上手。	Vassilis Charissis, Jannat Falah, Ramesh Lagoo	Vassilis Charissis	2021	Applied Sciences (MDPI) 2021	Q2 (IF 2.5) (MDPI)	全文	强	(Charissis et al., 2021)	Charissis, V., Falah, J., Lagoo, R., Alfalah, S. F. M., Khan, S., Wang, S., Altarteer, S., Larbi, K. B., & Drikakis, D. (2021). Employing Emerging Technologies to Develop and Evaluate In-Vehicle Intelligent Systems for Driver Support: Infotainment AR HUD Case Study. *Applied Sciences*, *11*(4), 1397. https://doi.org/10.3390/app11041397	背景（技术/综述，未直接引用）
27	Does Augmented-Reality Head-Up Display Help? A Preliminary Study on Driving Performance Through a VR	VR 驾驶模拟器中评估 AR-HUD 布局对驾驶表现的影响（abstract 未指明具体行人事件，侧重 AR-HUD 整体布局比较）	未报告	两种 AR-HUD 布局：dispersed layout（分散布局，AR-HUD1）vs. dense layout（密集布局，AR-HUD2）	未报告（侧重整体布局而非单个图形）	未报告	未报告	未报告	无分级（三组对比：无 AR-HUD / AR-HUD1 / AR-HUD2）	VR 驾驶模拟器中的驾驶任务（三条件：无 AR-HUD / 分散布局 / 密集布局）	AR-HUD 布局（无 / dispersed / dense）	多维驾驶表现指标 + 眼动（cognitive resource allocation）	符合 HCI 与视觉设计规则的 AR-HUD 可改善认知资源分配、提升安全；糟糕设计的 AR-HUD 反而对安全产生负面影响——布局对认知负荷影响显著	Xiangdong Ma, Mengting Jia, Zhicong Hong	Xiangdong Ma	2021	IEEE Access 2021	Q2 (IF 4.2)	全文	强	(Ma et al., 2021)	Ma, X., Jia, M., Hong, Z., Kwok, A. P. K., & Yan, M. (2021). Does Augmented-Reality Head-Up Display Help? A Preliminary Study on Driving Performance Through a VR-Simulated Eye Movement Analysis. *IEEE Access*, *9*, 129951–129964. https://doi.org/10.1109/access.2021.3112240	实验1
28	A Novel Active Heads-Up Display for Driver Assistance	实车测试床（vehicular test bed）实际道路（actual roadways）超速合规（speed compliance）驾驶辅助场景	未报告（laser-based windshield 投射，abstract 未明确颜色）	广域风挡 HUD（laser-based wide-area windshield HUD）；按驾驶员/车辆/环境状态主动决定呈现位置，以最小化视线偏移与视觉杂乱（'minimizes the deviation of gaze direction without adding to unnecessary visual clutter'）	安全关键视觉图标（safety-critical visual icons）	动态主动呈现 Dynamic Active Display（DAD）——仅在必要时显示	按需触发（基于驾驶员状态/姿态、车辆与环境实时判断），具体阈值未报告	未报告（仅在必要时显示）	三种不同显示协议（display protocols）+ 与传统 dashboard 对比；并非按紧急程度的层级分级	实际道路超速合规辅助任务（speed limit compliance）	显示协议类型（3 种 DAD 协议 vs. 传统 dashboard 显示）	减速至限速所需时间；视线偏离路面时间（time spent looking away from the road）	接受超速预警的驾驶员减速至限速所需时间减少 38%（p<0.01）；某些预警将视线偏离路面时间降低 63%（p<0.01）	Anup Doshi, Shinko Y. Cheng, Mohan M. Trivedi	Anup Doshi	2008	IEEE TSMC-B 2008	Q1 (历史) (IF -) / CCF B (现为 IEEE TCYB)	全文	强	(Doshi et al., 2009)	Doshi, A., Cheng, S. Y., & Trivedi, M. M. (2009). A Novel Active Heads-Up Display for Driver Assistance. *IEEE Transactions on Systems, Man, and Cybernetics, Part B (Cybernetics)*, *39*(1), 85–93. https://doi.org/10.1109/tsmcb.2008.923527	实验1、实验4
29	Machine learning-based cognitive load prediction model for AR-HUD to improve OSH of professional dri	城市道路驾驶（良好天气、中等交通），Unity3D 360° 沉浸式模拟器 + AR-HUD 头盔 + Tobii Pro 眼动；6 类警示任务	4 种主色 (GM)：蓝 #2979FF / 红 #FE0000 / 绿 #4ADE80 / 橙 #F26D21；4 种字体 GF	AR-HUD 位于挡风玻璃左下方（驾驶员中央视区）；6 区布局 A–F；视场角随车速分级（<75km/h 85°、75–100km/h <65°、>100km/h 40°）	数字+图标+文字组合；4 种边框 GL；A–F 矩形分区	动态：随机呈现 AR-HUD 视觉方案，连续眼动采集	未明确（属随机刺激方案；眼动以 30 秒间隔提取）	单场景 60 秒；任务间休息 10 分钟；总 6 任务/人	6 类警示（行人/前向碰撞/侧向碰撞/驾驶员异常/限速/车道偏离），未明确分级强度	AR-HUD 不同视觉方案下完成 50km/h 模拟驾驶（与前车 ≥50m），定位并报出 AR-HUD 信息；填写 NASA-TLX；CH 量表对比 IVPM-GA vs BP-GA	AR-HUD 视觉编码（GM 主色 + GL 布局 + GF 字体 + 6 模块组合，26 位二进制染色体）；优化算法（IVPM-GA vs BP-GA）	NASA-TLX；眼动 (Gaze/Glance/Reaction)；CH 量表；IVPM 性能 (CC=0.715, KL=0.313)	IVPM-GA 40 代收敛 vs BP-GA 212 代；CH 量表 11/15 (73.3%) 偏好 IVPM-GA；80% 认为更舒适更少分心；眼动指标布局间显著差异 (p<0.05)	Jian Teng, Fucheng Wan, Yiquan Kong	Jian Teng	2023	Frontiers Public Health 2023	Q2 (IF 3.5) (Frontiers)	全文	强	(Teng et al., 2023)	Teng, J., Wan, F., Kong, Y., & Kim, J. K. (2023). Machine learning-based cognitive load prediction model for AR-HUD to improve OSH of professional drivers. *Frontiers in Public Health*, *11*, 1195961. https://doi.org/10.3389/fpubh.2023.1195961	背景（时间专题）
30	Adaptive Visual Assistance System for Enhancing the Driver Awareness of Pedestrians	驾驶模拟器中含行人的危急场景；自适应（adaptive）系统仅在检测到驾驶员未察觉（unawareness）时触发预警	未报告	AR-HUD 上的视觉隐喻（visual metaphor），具体位置参数未在 abstract 中报告	AR 视觉隐喻（warning visual metaphor），用于动态引导驾驶员注意力指向行人	动态（自适应按需呈现，引导注意力到行人位置）	自适应触发：基于车辆驾驶信号（vehicle driving signals）统计建模检测到'未察觉'行为时呈现，而非固定 TTC/距离阈值（具体数值未报告）	未报告（按需呈现，直至引导注意力到行人）	无分级（按需触发 vs. 不触发）	驾驶模拟器中遭遇行人危急场景的驾驶任务	是否启用自适应 AR 视觉辅助（基于 unawareness 检测的按需触发 vs. 基线）	驾驶员对行人的 awareness（含 awareness 提升与误警减少效应）	所提出的自适应 AR 视觉辅助在危急场景下显著提升对行人的感知；按需触发可降低不必要预警与告警疲劳	Vincent Frémont, Minh-Tien Phan, Indira Thouvenin	Vincent Frémont	2019	IJHCI 2019	Q1 (IF 4.9) (HCI 重要期刊)	全文	强	(Frémont et al., 2019)	Frémont, V., Phan, M. T., & Thouvenin, I. (2019). Adaptive Visual Assistance System for Enhancing the Driver Awareness of Pedestrians. *International Journal of Human–Computer Interaction*, *36*(9), 856–869. https://doi.org/10.1080/10447318.2019.1698220	实验1、实验3
31	Augmented Reality for Vehicle-Driver Communication: A Systematic Review	N/A 综述（2012–2022 年 ADS 配备车辆中 AR 用于车-驾驶员沟通的系统综述，含 object detection 与 intended maneuver/route 两大类）	N/A 综述	N/A 综述（综述中归纳：研究多在 windshield 风挡呈现；screen-fixed vs. world-fixed 箭头研究结果不一）	N/A 综述（object detection 常见视觉：bounding shapes、highlighting、symbols；intended route：arrows）	N/A 综述（world-fixed vs. screen-fixed 箭头研究结果不一）	N/A 综述	N/A 综述	N/A 综述	N/A 综述（系统综述方法）	N/A 综述	N/A 综述（汇总维度：acceptance、trust、user experience、driving behavior、eye-tracking）	L2 ADS、风挡呈现为主流；object detection 多用 bounding shapes/highlighting/symbols；intended route 箭头形态结果不一；'清晰且相关'是 AR-HUD 视觉的金线；研究空白：长期效应、低能见度、上下文用户需求、系统可靠性、包容性设计	Liam Kettle, Yi‐Ching Lee	Liam Kettle	2022	Safety (MDPI) 2022	未收录JCR (新刊) (IF 2.4) (MDPI 新刊)	全文	强	(Kettle & Lee, 2022)	Kettle, L., & Lee, Y. C. (2022). Augmented Reality for Vehicle-Driver Communication: A Systematic Review. *Safety*, *8*(4), 84. https://doi.org/10.3390/safety8040084	背景（技术/综述，未直接引用）
32	Automotive Holographic Head‐Up Displays	N/A 综述（全息 HUD 的光电器件与用户体验综述，含 3D 深度对齐与个性化）	N/A 综述（讨论全息显示色彩、深度感与个性化 eye-box）	N/A 综述（讨论 windshield HUD 与个性化 eye-box、信息嵌入路面深度对齐）	N/A 综述（讨论 3D 全息 AR 与具备深度感的渲染）	N/A 综述	N/A 综述	N/A 综述	N/A 综述	N/A 综述（技术综述）	N/A 综述	N/A 综述	全息 HUD 可实现具备深度感的真正 3D AR；个性化 eye-box 与 ML 自适应是关键方向；总结道路安全应用与自动驾驶趋势——是 AR-HUD 演进的'终局形态'	Jana Skirnewskaja, Timothy D. Wilkinson	Jana Skirnewskaja	2022	Advanced Materials 2022	Q1 (IF 29.1) (Wiley 顶刊)	全文	强	(Skirnewskaja & Wilkinson, 2022)	Skirnewskaja, J., & Wilkinson, T. D. (2022). Automotive Holographic Head‐Up Displays. *Advanced Materials*, *34*(19), 2110463. https://doi.org/10.1002/adma.202110463	背景（技术/综述，未直接引用）
33	Usability Evaluation of in-Vehicle AR-HUD Interface Applying AHP-GRA	车载 AR-HUD 界面可用性评价（原型案例研究，日常城市驾驶信息显示背景）	由田口 L18(3^7) 正交表 7 个设计参数（A–G）控制速度颜色、导航颜色等 3 水平；具体 RGB 未列	AR-HUD 原型界面（具体物理位置未在评估中变化）	L18 正交表 18 个静态界面样本	静态界面（原型评估）	N/A（无预警时序设计）	N/A	N/A（侧重可用性维度）	对 18 个 AR-HUD 界面样本按 7 级 Likert 评分 13 个可用性指标	AR-HUD 设计参数（A–G 共 7 因素 × 3 水平的正交组合）	13 个可用性指标得分（PSSUQ 修订）；AHP-GRA 灰色关联度	C.R.=0.077 通过一致性；Cronbach α = 0.928；最优样本 S5 灰色关联度 0.923；最差 S14 (0.477)；A1 可读性相关 0.891（最显著正相关）；B2 视觉干扰 -0.865（最显著负相关）；与 entropy-TOPSIS 选最优样本一致	Yunuo Cheng, Zhong Xia, Min Ye	Yunuo Cheng	2022	HCIS (Springer) 2022	未收录JCR (新刊) (IF -) (Springer 新刊 (2021年创刊))	全文	强	(Cheng et al., 2022)	Cheng, Y., Zhong, X., Ye, M., & Tian, L. (2022). Usability Evaluation of in-Vehicle AR-HUD Interface Applying AHP-GRA. *Human-Centric Intelligent Systems*, *2*(3-4), 124–137. https://doi.org/10.1007/s44230-022-00011-1	背景（时间专题）
34	Color Visibility Evaluation of In-Vehicle AR-HUD Under Different Illuminance	实车 AR-HUD（FOV 12°×5°）搭载于智能车样车，大型曲面投影屏模拟驾驶环境；分日间与夜间两种照度	7 色：红 R / 黄红 YR / 黄 Y / 绿 G / 蓝 B / 紫 P / 白 W；3 种描边：白 / 灰 / 无（共 19 个刺激）	AR-HUD 位于驾驶员前方中央（FOV 12° 水平 × 5° 垂直）	字符+图标，字符尺寸 242 × 142 mm	静态显示（评估颜色可见性）	N/A（颜色可见性研究）	刺激显示 10 秒/次（达到上限驾驶自动停止）；总实验 ≈15 分钟/人	无分级	在两种照度（日间 100,000 lx / 夜间 30 lx，符合 CIES 主干道标准）下识别 19 种颜色+描边组合的 AR-HUD 字符；填 5 点 Likert 可见性评分	颜色 (7) × 描边 (3) × 照度 (2)	Likert 5 点可见性评分；颜色亮度 Lv (cd/m²) 与色坐标 (x, y)	白天: Y(4.12)>G(3.92)>R(3.08)>YR(2.84)>B=P(1.16)；夜间: R(3.88)>Y(3.80)>G(3.56)>YR(2.84)>B(1.68)>P(1.40)；描边规律：白天除 Y 外白描边 > 灰描边；夜间除 G 外亦如此	Xia Zhong, Yunuo Cheng, Liwei Tian	Xia Zhong	2022	EAI ICIDC 2022	会议论文集 (IF -) (EAI ICIDC 2022 会议)	全文	强	(Zhong et al., 2022)	Zhong, X., Cheng, Y., & Tian, L. (2022). Color Visibility Evaluation of In-Vehicle AR-HUD Under Different Illuminance. In *Proceedings of the International Conference on Information Economy, Data Modeling and Cloud Computing, ICIDC 2022, 17-19 June 2022, Qingdao, China*. EAI. https://doi.org/10.4108/eai.17-6-2022.2322686	实验4
35	Interface Design of Automobile Head-up Display from the Perspective of Human-Machine Interaction	N/A 综述（车载 HUD 人机交互界面设计综述）	综述：高饱和度色、HSV 自适应、蓝绿黄高效、红底+黄绿前景搜索最佳	综述：屏幕承载 vs 环境承载（AR-HUD 路面投影）	综述：基本驾驶/导航/安全辅助/娱乐 4 类信息，含 ADAS 子项	综述：动静态指示设计原则	N/A 综述	N/A 综述	综述：信息分层（Beck 四特征 + Li/Zeng 模型）	N/A 综述	N/A 综述	N/A 综述	综述提出 7 条 HUD 设计原则；3 大未来方向：沉浸式服务、多感官通道、高保真仿真平台	Lening Guan	Lening Guan	2024	EAI ADDT 2024	会议 (IF -) (EAI ADDT 会议)	全文	强	(Guan, 2024)	Guan, L. (2024). Interface Design of Automobile Head-up Display from the Perspective of Human-Machine Interaction. In *Proceedings of the 3rd International Conference on Art Design and Digital Technology, ADDT 2024, May 24–26, 2024, Luoyang, China*. EAI. https://doi.org/10.4108/eai.24-5-2024.2350098	背景（时间专题）
36	Physiological Signals as Predictors of Cognitive Load Induced by the Type of Automotive Head-Up Disp	运动型驾驶模拟器（motion-based driving simulator）中体验两类信息复杂度不同的 HUD：baseline HUD vs. AR-HUD	未报告	HUD 视野内（abstract 关注 HUD 类型整体复杂度，未给出具体位置参数）	未报告（关注 HUD 类型作为整体变量，而非单图形几何）	未报告	未报告	未报告	无分级（仅两类 HUD 复杂度对比：baseline vs. AR-HUD）	运动型驾驶模拟器中驾驶任务，用于评估认知负荷预测模型	HUD 类型（baseline HUD vs. AR-HUD），即视觉信息复杂度	生理信号：HRV（心率变异）、EDA（皮电）、skin temperature（皮温）、pupil dilation（瞳孔扩张）；以及基于这些信号训练的 LightGBM/HGBC/XGBoost 分类器对 HUD 类型的预测性能（AUC ROC）	HRV+EDA+瞳孔/皮温（基本统计特征）融合的分类器：平均 AUC ROC 0.76，最高 LGBM=0.96、XGB=0.96、HGBC=0.98；证明生理信号可有效区分 HUD 类型诱发的认知负荷，为实时自适应 HUD 提供基础	Gregor Strle, Andrej Košir, Jaka Sodnik	Gregor Strle	2023	IEEE Access 2023	Q2 (IF 4.2)	全文	强	(Strle et al., 2023)	Strle, G., Košir, A., Sodnik, J., & Pečečnik, K. S. (2023). Physiological Signals as Predictors of Cognitive Load Induced by the Type of Automotive Head-Up Display. *IEEE Access*, *11*, 87835–87848. https://doi.org/10.1109/access.2023.3305383	背景（时间专题）
37	End-to-End Pedestrian Collision Warning System based on CNN Semantic Segmentation	工程算法：端到端 PCW (CNN+语义分割)；输入图像 512×256；HoG baseline 危险 ROI = (128,0)–(383,255)	N/A 工程算法	N/A 工程算法	N/A 工程算法	N/A 工程算法	基于 ROI 内是否检测到行人触发	N/A 工程算法（持续触发）	二级输出（无警告 / 警告）	训练 CNN 对图像进行 PCW 二分类 + 语义分割多任务	模型变体（HoG baseline / CNN / CNN+SemSeg）	TPR @ 15% FPR 检测率	HoG 45% → CNN 无语义分割 63.94% → CNN+语义分割 71%（@15% FPR）；λ=10⁻³，FC3 (2,048 维) vs FC4 (131,072)；Cityscapes 2,975 训 + 1,525 验	-	-	-	arXiv 1612.06558	预印本 (IF -) (未经同行评审)	全文	强	(Jung et al., 2018)	Jung, H., Choi, M. K., Soon, K., & Jung, W. Y. (2018). End-to-end pedestrian collision warning system based on a convolutional neural network with semantic segmentation. In *2018 IEEE International Conference on Consumer Electronics (ICCE)* (pp. 1–3). IEEE. https://doi.org/10.1109/icce.2018.8326129	背景（技术/综述，未直接引用）
38	Real-Time Predictive Pedestrian Collision Warning Service for Cooperative ITS	C-ITS 协同智能交通系统；行人 3D pose + 朝向 + 群体边界 → 实时预测过街意图	N/A 工程算法	N/A 工程算法	N/A 工程算法	动态预测：30 FPS 图像采样 (0.033 s/帧)，特征采样 15 帧/s	提前 1.5 秒预测过街意图（GRU + 状态 + 0.5s 上下文 + 1.5s 未来）	实时持续（FPS：朝向 100.53 / 意图 35.76）	无分级（连续概率输出）	训练评估行人朝向识别 + 过街意图预测；多模型对比	模型架构（含/不含 SMPL/VIBE/3D pose）；TUD 与自建 PCNC 数据集	朝向准确率（@45°）；意图识别准确率	朝向识别 89.3% (TUD)，意图预测 91.28% (PCNC)；FPS：朝向 100.53 / 意图 35.76；群体边界圆直径 5m；速度窗口 Δt ≥ 0.5s；物体高度知识库（人 1.7m / cyclist 1.5m / car 1.5m / bus 2.5m / truck 3m）；引言引用：制动提前 0.16 s 可降事故严重度至 50%	-	-	-	arXiv 2009.10868	预印本 (IF -) (未经同行评审)	全文	强	(Kim et al., 2022)	Kim, U. H., Ka, D., Yeo, H., & Kim, J. H. (2022). *A Real-Time Predictive Pedestrian Collision Warning Service for Cooperative Intelligent Transportation Systems* [Preprint]. arXiv. https://arxiv.org/abs/2009.10868	实验1
39	Influence of Pedestrian Collision Warning Systems on Driver Behavior - Simulator Study	Pratt St 巴尔的摩共享路（14ft 共享道 + 3×12ft 车道，LOS B），驾驶模拟器 30 mph (~48 km/h)	未明确（聚焦行为分析）	未明确（聚焦行为分析）	未明确（聚焦行为分析）	未明确	行人在前方 ~40 米处出现（无显式 TTC 阈值）	未报告	无分级	驾驶模拟器中对突发横穿行人做出反应（PCW 警示 vs Baseline 对比）	PCW 警示开关（PCW vs Baseline）	SRT（速度降低时间）；感知反应时；最大减速度；最大制动强度；Jerk；事故率	SRT: PCW 3.14s vs baseline 2.53s (+0.61s, p≤0.05)；感知反应时: 0.29s vs 0.36s；最大减速度: -2.603 vs -2.281 m/s²（@12m vs @13.5m）；最大制动强度: 0.56 vs 0.47；Jerk 阈值舒适 ±1 / 可接受 ±2 m/s³（baseline 峰值 +7.6 @ 2.8s）；3s 时生存概率 PCW 43% vs baseline 21%；AFT 模型 PCW odds=1.077 (+7.7%)，男性 odds=1.522 (+52.2%)	-	-	-	arXiv 2112.09074	预印本 (IF -) (未经同行评审)	全文	强	(Banerjee et al., 2023)	Banerjee, S., Jeihani, M., Khadem, N. K., & Kabir, M. M. (2023). Influence of Pedestrian Collision Warning Systems on Driver Behavior—A Driving Simulator Study. In *International Conference on Transportation and Development 2023* (pp. 299–314). American Society of Civil Engineers. https://doi.org/10.1061/9780784484876.027	实验1、实验2、实验4
40	Priority Design in Multi-Target AR-HUD Warning: Evidence from Eye Movement and Behavior of the Novice Driver	视频观看式模拟（非实车、非交互驾驶）：STISIMDRIVE M100K + Logitech MOMO 录制的 6 车道双向高速公路第一人称视角视频，每段 30 秒共 20 段；风险目标为前车突然刹车与行人突然横穿两类，另随机加入红绿灯、路标、其他车辆与行人凑成 2 或 5 个目标；含超速与闯红灯两类不可预测干扰事件（每段 0–3 个）作为分心/干扰任务。论文未明确报告车速数值与遮挡形式。	两级严格 RGB 规范。Hierarchical 模式：红色 [255, 0, 0] 标记 3 s 内会发生碰撞的高风险目标；黄色 [255, 255, 0] 标记 3 s 内进入 3 s 时距但不会碰撞的中风险目标。Equivalent 模式：全部目标一律用黄色 RGB=[255,255,0]。Baseline 无 AR 警告。选红的依据为 Friedrich & Vollrath (2022) 红色比黄色更具紧迫感。颜色差异仅体现在边框轮廓上，框内仍为真实场景。	世界锁定（world-fixed）：bounding box 与目标属性绑定并贴合目标，box 尺寸随目标可见尺寸动态调整。呈现载体为 72 寸 1920×1080 高清 LCD，距被试 1.7 m，视野 41.64° × 24.15°；眼动仪距被试 65 cm。因用 LCD 视频回放，无真实 HUD 光学，虚像距离与焦距冲突未模拟。论文未明确报告 HUD 虚像距离与偏心度。	矩形边界框（bounding box），包围被增强的目标；尺寸按目标可见尺寸动态调整（贴合 world-fixed 原则）。论文未明确报告线宽、圆角等几何参数；作者仅在设计建议中提出新手模式可加宽红色边框至 ≥10 px，并建议未来改为实心填充半透明 + 边框双线或光晕渐变。眼动 AOI 按 box 位置与尺寸用 BeGaze 关键帧动态绘制。	动态：box 位置与尺寸随目标在视频中的可见尺寸持续变化（world-fixed 跟随）；颜色则按风险等级二值切换（红/黄）。论文未明确报告闪烁频率、占空比与刷新率（视频回放范式，无实时渲染）。作者在延伸建议中提出高风险 box 可用 5 Hz 闪烁加速、中风险仅持续显示，但该方案未在本研究中实现。	触发阈值为 Time Headway（THW）≤ 3 s，即目标进入本车 3 s 时距即出现 AR bounding box。依据：THW 是 ADAS 距离保持的核心变量（Siebert 2014），瑞典国家道路管理局推荐保持 3 秒 THW（Vogel 2003）。Hierarchical 的分级规则：3 s 内进入但不碰撞 → 黄；3 s 内进入且会碰撞 → 红；通过预设场景物体位置/距离/运动参数使仅「预设横穿行人 + 突然刹车前车」满足 3 s 内碰撞。	论文未明确报告图形的撤销与渐隐规则。可确证的相关时间量为眼动分析中的动态 AOI 持续 3 秒——「考虑到风险目标从出现到碰撞的 3 秒窗口，AOI 持续 3 秒」，可推知图形至少覆盖该 3 s 窗口。论文未明确报告图形是否在被试按键后撤除。	有，两级颜色优先级（Hierarchical）：高风险级 = 3 s 内会碰撞 → 红 [255,0,0]；中风险级 = 3 s 内进入 3 s 时距但不碰撞 → 黄 [255,255,0]。两级共用同一 THW ≤ 3 s 触发点，级别差异由「是否会碰撞」的语义判定而非时间间隔决定，故论文未明确报告级间时间间隔。对照条件 Equivalent 为无分级（全黄）。	被试观看 20 段随机顺序的 30 秒第一人称驾驶视频，以驾驶员视角对 4 类事件按键反应：超速、闯红灯、行人横穿、前车刹车；后台程序实时记录按键时刻，眼动仪（SMI iView Red-M，120 Hz）持续采集。使用下颌托固定头位。全程约 30–40 分钟，结束后填写人口学问卷。	3 × 2 混合设计。被试间因子「警告模式」3 水平：Equivalent（全黄同色无优先级）、Hierarchical（红/黄两级优先级）、Baseline（无 AR 警告）。被试内因子「目标数量」2 水平：5 个目标 / 2 个目标（依据 MOT 上限 4–5 与 MIT 下限约 2 两个极端）。	行为：Reaction Time（ms，风险目标出现到按键）；Response Rate 因天花板效应被剔除。眼动：Time to First Fixation（TFF, ms）、Saccade Count、Stationary Gaze Entropy（Hs）、Gaze Transition Entropy（Ht）。Fixation 阈值 80 ms / 100 像素；Gaze Entropy 用 144×90 像素 spatial bin。统计用 GLMM（固定效应=警告模式+目标数量，随机效应=个体）+ Bonferroni 校正。	N=42（原 45，剔除眼动有效率<80% 者 9 人）。RT：模式主效应 F(2,350)=66.732, p<0.001；Hierarchical 最短（5 目标 1083 ms/SD 454.63；2 目标 984 ms/424.50），Equivalent 最长（1707 ms/494.87；1569 ms/561.90），Baseline 居中（1533 ms/522.31；1300 ms/483.86）；Hierarchical 比 Equivalent 缩短 620 ms（−36%，ps<0.001）；Equivalent 显著差于 Baseline（5 目标 p=0.039；2 目标 p=0.012）。目标数量主效应 F(1,350)=0.021, p=0.885；交互 F(2,350)=1.327, p=0.267。TFF：F(2,302)=6.554, p=0.002；Hierarchical 1051/851 ms，Equivalent 1346/999 ms，Baseline 1263/1053 ms；Equivalent 与 Baseline 无差异（p=0.796）；目标数量主效应 F(1,302)=31.822, p<0.001；5 目标下 Hierarchical 与 Equivalent 的 TFF 无显著差异。Saccade Count：F(2,288)=14.120, p<0.001（Equivalent 4.87/2.78 与 3.98/2.20；Hierarchical 3.04/1.84 与 2.86/2.16；Baseline 3.85/2.28 与 3.63/2.35）。Hs：F(2,285)=21.067, p<0.001（Equivalent 1.92/1.69；Hierarchical 1.31/1.10；Baseline 1.63/1.51）。Ht：F(2,285)=21.629, p<0.001（Equivalent 0.30/0.26；Hierarchical 0.18/0.15；Baseline 0.24/0.24）。作者结论：效应主要发生在验证阶段（RT−TFF）而非感知阶段（TFF），等价警告比无警告更糟，建议单时刻多目标增强 ≤4 个。⚠ 生态效度局限：视频回放而非交互驾驶、2D 无深度、LCD 无真实 HUD 光学、被试全为新手（平均驾龄 2.7 年 / 1065 km）、未设「仅高亮风险目标」对照，故无法分离「多目标增强」与「颜色优先级」两因素的独立贡献。	Wanting Chen, Chenyang Song, Jing Luo	Wanting Chen	2024	IJHCI 2024	Q1 (IF 6.1) (HCI 重要期刊；百分位 91.7%)	全文	强	(Chen et al., 2024b)	Chen, W., Song, C., Luo, J., Xu, Z., Li, H., Ma, S., Wang, Q., & Yang, Z. (2024b). Priority Design in Multi-Target AR-HUD Warning: Evidence from Eye Movement and Behavior of the Novice Driver. *International Journal of Human–Computer Interaction*, *41*(17), 10923–10939. https://doi.org/10.1080/10447318.2024.2439572	实验1、实验2、实验3、实验4
41	An investigation of augmented reality presentations of landmark-based navigation using a head-up display	中等保真固定平台驾驶模拟器（诺丁汉大学，2001 款右舵 Honda Civic 前半车体 + 弧形投影屏，STISIM V3 生成郊区道路），路景为预录视频，被试不实际操控车辆；车辆恒定 30 mph（约 48 km/h）；郊区道路，故意设置许多彼此紧邻的路口，每个决策点含 8 条紧邻可选道路（左右各 4）；任务为地标式导航而非行人冲突，无行人冲突形式；无附加分心任务，全场景信号灯恒为绿灯。	论文未明确报告（插图为灰度，未给出色值、RGB/HEX/CIE 坐标或颜色名称，无分级配色方案，无透明度 α 值）。场景中各候选道路以不同原色着色以便被试口头报出，但 HUD 四种导航图形本身的颜色编码方案论文未报告。	Pioneer Carrozzeria Laser ND-HUD1（改装支持 VGA），安装于驾驶员遮阳板位置，图像叠加于弧形投影屏场景之上。CV 条件为屏幕固定（screen-fixed），依转向方向固定在 HUD 左侧或右侧；AR 为贴地式（路面中央）；LA 为指向式（箭头指向地标）；LB 为世界锁定包围式（方框贴合地标，随透视变化）。虚像距离与投影平面深度论文未明确报告；FOV 数值论文未明确报告，但讨论中指出现有 FOV 是方框只能取近似比例的限制因素。	四种：CV = 距路口米数 + 固定转向箭头；AR = 路面中央增强箭头；LA = 指向地标的箭头；LB = 包围地标的方框（保持与被标注地标大致相同比例，随透视缩放）。四条件均保留 distance-to-turn 信息。线宽与具体像素/角度尺寸论文未明确报告。	动态。AR 路面箭头随接近动态缩短 + 增大；LB 方框随透视缩放；distance-to-turn 指示器以 10 米为增量倒数更新；LA 箭头为固定指向式。无闪烁动效，论文未报告闪烁频率或占空比。眼动采样 30 fps。	HUD 元素在每个路口前 15 秒首次出现（原文「The HUD elements initially appeared 15 seconds before each junction」）。在 30 mph（≈13.4 m/s）下相当于约 201 米的提前距离。无 TTC 阈值（任务为导航而非碰撞预警）。	图形自出现起持续显示并与路景同步更新，distance-to-turn 以 10 米为增量倒数；每条线索的总呈现时长为 120 秒（Table 1 的分母，为一条路线上各线索呈现时间之总和）。撤销/渐隐规则论文未明确报告。	无。单级呈现，四种导航图形均为一次性出现后持续更新，无分级升级机制，论文未报告级数、各级触发点与升级间隔。唯一的量级编码是 distance-to-turn 数字以 10 米为增量连续倒数，属连续量而非离散分级。	20 名被试保持正常驾驶坐姿但不实际操控车辆，观看预录路景。沿路线遇 8 个路线决策点，用 HUD 导航线索判断正确路口，通过打转向灯（左/右）+ 口头念出所选道路颜色表明选择，要求「一旦确信正确就立即打灯并报出」，且在不损失准确性前提下尽快定位。不提供任何语音导航。每次驾驶后填 NASA-TLX，四条件全部完成后做 1–4 偏好排序。每次驾驶约 5 分钟，全程约 45 分钟，全程佩戴 SMI ETG。	单因素被试内 4 水平（HUD 导航呈现方式），顺序在被试间平衡：CV（conventional 传统距路口）/ AR（路面 AR 箭头）/ LA（landmark arrow 地标箭头）/ LB（landmark box 地标方框）。	反应时（HUD 线索出现到打出相应转向灯）、对应距路口距离（m）、成功率（正确道路选择数/8）、NASA-TLX 原始累加均值（raw-TLX 6 子量表）、偏好排序（1–4）、眼动注视行为（SMI ETG，按 AOI 编码的注视强度 %、热图、注视序列图、注视总时长占 120 s 的百分比）、开放式评论。	反应时：F(2,44)=35.75, p<.0001；LB 5.01 s（距路口 133.0 m）< LA 5.62 s（122.4 m，p<.05）< AR 7.88 s（94.9 m，p<.0001）< CV 8.81 s（80.5 m，p<.0001）；LA 快于 AR（p<.0001）；CV 慢于 AR（p<.05）。地标条件让驾驶员约提前 50 米确定正确路口；LB 相对 CV 反应时改善 43.1%、成功率改善 26.2%。成功率：F(2,34)=7.07, p<.005；LB 7.67/8（95.8%）显著高于 CV 6.08（76.0%，p<.001）与 AR 7.17（89.6%，p<.001）；LB vs LA 7.42（92.7%）无差异（p=.086）；CV vs AR 无差异（p=.114）。raw-TLX：F(3,57)=4.671, p=.005；CV 7.64 最费力，AR 5.88 / LA 5.96 / LB 5.32 三者无差异。注视时长占比（distance-to-turn / 路口 / AR 箭头 / 地标）：CV 14.0/26.6/NA/NA；AR 8.8/12.7/17.5/NA；LA 2.1/7.1/5.0/11.2；LB 1.2/13.8/NA/10.2。注视导航线索总时长：LA 30.2 s、LB 30.5 s 显著低于 CV 48.7 s 与 AR 46.8 s。偏好：χ²(3)=8.88, p=.031；LB 均值排名 1.9 最优、CV 3.1 最差、AR 2.4、LA 2.6；LB 显著优于 CV（p<.01）与 LA（p<.05）。AR 两极分化（7 人排第 1、6 人排第 4），且把 AR 排第 1 者无一人在该条件下绩效最佳。⚠ 本文明确记录主观自评与客观绩效背离：NASA-TLX「绩效」子量表上被试自评 AR 优于 LA，但客观反应时与成功率结论相反——设计评估不可仅依赖主观量表。⚠ 与 idx 51（Langlois 2016）在「AR 是否缩短反应时」上不一致（本文 AR 显著缩短导航决策时间，Langlois 发现 AR 对接管反应时无显著影响），边界条件为认知层面目标定位决策 vs 运动层面控制权重获。	Adam Bolton, Gary Burnett, David R Large	Adam Bolton	2015	AutomotiveUI 2015	会议 (IF -) (ACM 车载交互旗舰会议)	全文	强	(Bolton et al., 2015)	Bolton, A., Burnett, G., & Large, D. R. (2015). An investigation of augmented reality presentations of landmark-based navigation using a head-up display. In *Proceedings of the 7th International Conference on Automotive User Interfaces and Interactive Vehicular Applications* (pp. 56–63). ACM. https://doi.org/10.1145/2799250.2799253	背景（技术/综述，未直接引用）
42	Hierarchical Feature Evaluation and Decision‑Making for In-Vehicle Augmented-Reality Head-Up Display Based on Pythagorean Hamacher Aggregation	摘要描述为「a driving-simulation and eye-tracking experiment」（驾驶模拟 + 眼动实验）。道路类型、车速、行人冲突形式、是否有分心任务：摘要未报告。评价对象为 10 个 AR-HUD 原型（6 个属动态 AR 融合层 DAFL、4 个属静态基础信息层 SBIL）。	摘要未报告。逐项核对均缺失：无 RGB/HEX/CIE 坐标、无颜色名称、无分级配色方案、无色相与饱和度描述、无透明度 α 值。本篇为方法学/评价工具类论文，不提供任何视觉编码参数。	摘要未报告。逐项核对均缺失：无呈现位置、无空间参照系分类（屏幕固定/世界锁定/目标锁定/仪表/下视显示）、无 FOV、无偏心度、无虚像距离。「DAFL（动态 AR 融合层）」这一层的定义暗示存在与真实场景配准的动态 AR 元素，但摘要未给出参照系分类。	摘要未报告。逐项核对均缺失：无图形形态（边界框/虚拟阴影/箭头/风险区/图标/文字）描述、无尺寸、无线宽等任何几何参数。摘要仅以「10 个 AR-HUD 原型」指称评价对象，未描述任一原型的图形形态。	摘要未报告。逐项核对均缺失：未说明静态还是动态、未说明动态随什么量变化（距离/TTC/风险等级）、无闪烁频率、无占空比、无更新率。仅在界面分层上区分「静态基础信息层 SBIL」与「动态 AR 融合层 DAFL」两类，但未描述任一原型的具体动效。	摘要未报告。逐项核对均缺失：无 TTC / TTMD / THW 阈值、无距离阈值、无减速度阈值 / BTN / DCA、无事件触发条件、无预警提前期（lead time）、无系统时延。本篇为评价方法学研究，不含预警时机设计。	摘要未报告。逐项核对均缺失：无持续时长数值、无「持续到什么条件」的规则、无撤销/渐隐规则、无闪烁周期与占空比。本篇为评价方法学研究，不含预警时序设计。	摘要未报告，无紧迫度分级设计（无级数、无各级触发点、无级间间隔）。本文的「分层（hierarchical）」指界面信息层的评价分层——静态基础信息层 SBIL 与动态 AR 融合层 DAFL 先分层评价再综合，而非预警紧迫度分级。	摘要未报告任务描述、试次数、场景类型与车速。本文核心为方法学研究（多准则决策评价模型 PyHa-CWAO–DEMATEL–VIKOR 的构建与验证），实验仅作为提供 12 项客观与主观指标数据的来源；被试数摘要未报告。	摘要未明确报告因子结构（未报告被试内还是被试间设计、未报告各因子的水平数）。可识别的操纵维度为界面层类型 2 类（SBIL 静态基础信息层 / DAFL 动态 AR 融合层）与 10 个待评价原型（6 个 DAFL + 4 个 SBIL）。本篇实质为评价方法学研究，非因子实验。	12 项客观与主观混合指标（具体名称摘要未列出；客观来自驾驶模拟与眼动实验，具体眼动指标名称未报告；主观量表工具未报告）。方法学评价指标为排序一致性（ranking consistency），与三种既有 MCDM 方法比较。摘要未报告任何时间类指标（无 TTC、无反应时、无制动反应时）。	相对三种既有多准则决策方法，所提模型的排序一致性提升 14%（原文「improves ranking consistency by 14%」）。摘要未给出 14% 的计算口径、对照的三种方法名称、置信区间与显著性检验；未报告 10 个原型的排序结果，也未报告哪一类（DAFL vs SBIL）原型得分更高。其余结论均为定性表述：模型「准确、有稳健性、可扩展」，「丰富了模糊决策理论」。⚠ 笔记明确列出使用禁令：本篇属证据等级 C，不得用作数值锚点；全篇仅有「14% 排序一致性提升」一个数字，且该数字属决策方法性能指标，与 AR-HUD 时间参数或空间参数无任何映射关系，任何把本篇写成「支持某个秒数或某个透明度」的引用都是误引。⚠ 另指出与本课题「安全非劣 + 收益显著才推荐」判定规则冲突（VIKOR 必然输出唯一最优排序，会把并列强行拆开），且 MCDM 主观两两比较权重与本课题 SPIDER 理论权重不可混用。	Hongru Chen, Weixing Wang, Jiaqi Gao	Hongru Chen	2026	Ann NY Acad Sci 2026	Q1 (IF 4.5) (SCIE，Multidisciplinary Sciences 百分位 82.9%)	仅摘要	弱	(Chen et al., 2026)	Chen, H., Wang, W., Gao, J., Tao, X., Li, Z., Lu, Q., Liu, Y., & Huang, J. (2026). Hierarchical Feature Evaluation and Decision‑Making for In‐Vehicle Augmented‐Reality Head‐Up Display Based on Pythagorean Hamacher Aggregation. *Annals of the New York Academy of Sciences*, *1555*(1), e70167. https://doi.org/10.1111/nyas.70167	背景（技术/综述，未直接引用）
43	Inattentional blindness to unexpected hazard in augmented reality head-up display assisted driving: The impact of the relative position between stimulus and augmented graph	AR 增强的驾驶视频观看范式（预录视频 + 后期叠加 AR 图形），非闭环驾驶。道路类型、车速：摘要未报告。意外刺激为意外行人与意外摩托车（另有超速、闯红灯两类事件仅用于防止被试形成预期，不进入分析）。危险相对图形位置操纵为 on-HUD（危险短暂叠加在 AR 图形上）与 off-HUD（危险在 AR 图形之外）。无独立的分心副任务，四类关键事件的持续监控构成主任务负荷。	摘要未报告。逐项核对均缺失：无 RGB/HEX/CIE 坐标、无颜色名称、无分级配色方案、无透明度 α 值。摘要仅以「AR graphic」指称增强图形，未描述其任何色彩属性——这是本篇作为空间参数来源的主要缺口之一。	本篇核心变量：AR 图形位置 2 水平——外周 AOI（peripheral AOI）vs 中央 AOI（central AOI）；以及 AR 图形相对不可预测刺激的位置 2 水平——on-HUD vs off-HUD。但「外周」与「中央」各对应多少度偏心度，摘要未报告；FOV、虚像距离亦摘要未报告。这是本篇最关键却恰好缺失的参数。	摘要未报告。逐项核对均缺失：无图形形态（边界框/虚拟阴影/箭头/风险区/图标/文字）描述、无尺寸、无线宽。摘要仅以「AR graphic」指称，未说明其为包围框、高亮块还是符号，故无法判断叠加时的遮挡面积。	摘要未报告。研究为单级、视频后期叠加，无升级机制。唯一时间类信息是「brief superimposition（短暂叠加）」这一定性描述，叠加持续多少毫秒摘要未给出。	摘要未报告。逐项核对均缺失：无 TTC / TTMD / THW 阈值、无距离阈值、无减速度阈值、无事件触发条件、无预警提前期。本研究为视频后期叠加的单级呈现，AR 图形何时出现、意外危险何时出现均未量化。	摘要未报告。唯一相关信息是「brief superimposition（短暂叠加）」这一定性描述，即未被增强的危险与 AR 图形发生短暂空间叠加，但叠加持续多少毫秒摘要未给出；无图形总持续时长、无撤销/渐隐规则。	摘要未报告，无分级设计。本研究为单级、视频后期叠加的 AR 图形呈现，无升级机制、无级数、无各级触发点、无级间间隔。本篇操纵的是图形与危险的空间关系（中央/外周 × on-HUD/off-HUD），而非紧迫度分级。	30 名被试观看一段包含四个增强条件的 AR 增强驾驶视频，对四类关键事件作出反应：超速（speeding）、闯红灯（running of red lights）、意外行人（unexpected pedestrians）、意外摩托车（motorcycles）。仅意外行人与意外摩托车事件进入分析。试次数、每类事件出现次数、练习试次、平衡方式：摘要未报告；被试内/被试间设计摘要未明确报告（但一段视频含四条件强烈提示被试内）。	2 × 2 共四个增强条件（摘要明确「four augmented conditions」）：IV1 = AR 图形位置（外周 AOI / 中央 AOI，2 水平）；IV2 = AR 图形相对于不可预测刺激的位置（on-HUD hazard / off-HUD hazard，2 水平）。	① 无意视盲发生率（rate of inattentional blindness），摘要未给出判定规则；② 反应时（response time），摘要未给出起止时点与反应通道。摘要未报告是否区分普通盲视与 LBFTS 两类 IB。	两个自变量的主效应均显著：原文「The relative position of the AR graphic on unpredictable stimuli and AR graphic positions significantly affected the rate of inattentional blindness and response time」（对 IB 率与反应时都显著）。核心发现为交叉（cross-over）交互：在外周视野（peripheral AOI）中 on-HUD 危险的 IB 率更高；在中央视野（central AOI）中 off-HUD 危险的 IB 率更高——哪种相对位置更危险取决于 AR 图形被放在中央还是外周。反应时方面结论段用保留语气「seemed to require a longer response time for drivers」，指外周视野下的 on-HUD 危险反应时更长，具体延长毫秒数摘要未报告。作者设计建议：应「根据 AR 图形位置与刺激类型来设计 AR 图形」。⚠ 笔记明确列出使用禁令：本篇属证据等级 B，不得用作数值锚点；摘要未提供任何 IB 发生率百分比、反应时毫秒数、AOI 角度界定、任何统计量（F/χ²/t、df、p、效应量）；凡在论文中给出「外周 on-HUD 条件 IB 率为 X%」之类的表述必须来自全文。⚠ 与 idx 60（Wang 2021）在「AR 图形是帮助还是妨害」上表面冲突，边界条件为系统检测可靠性（60 的「有益」发生在危险被正确检出并增强时，本篇的「有害」发生在危险未被检出却偶然与图形重叠时）。⚠ 行人与摩托车合并分析，对「行人」这一特定目标的结论强度被稀释。	Wanting Chen, Jiaqing Song, Yuwei Wang	Wanting Chen	2023	Traffic Inj Prev 2023	Q3 (IF 2.1) (交通伤害预防专刊)	仅摘要	中	(Chen et al., 2023)	Chen, W., Song, J., Wang, Y., Wu, C., Ma, S., Wang, D., Yang, Z., & Li, H. (2023). Inattentional blindness to unexpected hazard in augmented reality head-up display assisted driving: The impact of the relative position between stimulus and augmented graph. *Traffic Injury Prevention*, *24*(4), 344–351. https://doi.org/10.1080/15389588.2023.2186735	实验3
44	Drivers’ recognition of pedestrian road-crossing intentions: Performance and process	视频观看 + 摇杆判定范式（非闭环驾驶）。素材为 GoPro Hero 6 固定于风挡在西安实录的真实城市道路车-人交互视频（原始 3840×2160@60 Hz，剪裁压缩为 3840×1080@30 Hz），录制车为行人前方最前车且未减速、无信号灯分配路权。全部城市道路，其中 16 个事件有斑马线；车道数 2–8（2 车道 23 例、3 车道 9 例、4 车道 23 例、6 车道 45 例、8 车道 9 例）。行人冲突形式为过街意图判定（会过街 / 不会过街），非遮挡场景（截断帧处行人已踏上车道或被遮挡则剔除）。车速为实录自然车速，论文未明确报告具体数值。无附加分心任务。	视频结束帧上出现黄色矩形框标出待判定的目标行人（仅此一处颜色信息，论文未给出 RGB/HEX/CIE 坐标）。论文未涉及 AR 图形的颜色编码方案、分级配色、透明度 α 值、闪烁频率或占空比——本研究为意图判定的心理物理实验，非 AR-HUD 界面设计研究。	显示为 3 台 24 英寸 Dell U2414H（各 1920×1080），相邻屏夹角 135°，中央屏正对被试，观察距离 62 cm。目标行人 AOI 仅占中央屏面积约 1%（范围 0.1%–6%）。眼动 EyeLink 1000 plus，采样率 1000 Hz，tower 模式。论文未报告具体偏心度（度）。本研究不含 HUD 图形，故无空间参照系操纵。	黄色矩形框，用于在视频结束帧上标出待判定的目标行人；探测阶段的眼动 AOI 定义为紧包行人矩形的约 1.5 倍，该 AOI 平均仅占中央屏面积约 1%（范围 0.1%–6%）。矩形框的具体尺寸、线宽论文未明确报告；无箭头、虚拟阴影、风险区等其他图形元素。	静态。黄色矩形框在视频结束帧上静态呈现，与末帧最多保持 1 s，不随距离、TTC 或风险等级改变形态、颜色或尺寸。论文未报告闪烁频率、占空比或更新率。视频本身为 30 Hz 播放（原始 60 Hz 压缩），眼动采样 1000 Hz。	TTA（到达时距）四水平：2、3、4、5 s。TTA 定义为视频截断处的最后一帧与「自车到达自车路径与行人路径交点」之间的时间差，即 TTA = 4 s 意味着被试在碰撞点前 4 s 处被要求做判定。TTA = 2 s 条件因 710 个 trial 中 690 个（97.1%）行人最终没有过街、样本严重失衡而未进入 ANOVA。片段首帧静态呈现 3 s 作场景预览。	黄色矩形框与末帧最多保持 1 s，之后黑屏直至被试反应（黑屏最长 4 s）。即判定可用时间为指示出现后末帧保持 1 s + 黑屏最多 4 s。合成片段总时长 7–15 s（2 s 为间隔）。	无分级预警设计。但由结果可推导两级时序：TTC ≈ 5 s 给低侵入「注意」级、TTC ≈ 4 s 升级为「意图确认」级、TTC ≈ 3 s 及以下进入制动/紧急级，升级间隔约 1 s——此为笔记基于结果的推导，非原文报告的分级设计。	40 名持照驾驶员观看城市道路车-人交互视频片段。每 trial：片段首帧静态呈现 3 s 作场景预览 → 片段自动播放 → 结束帧上立即出现黄色矩形框标出待判定的目标行人 → 矩形框与末帧最多保持 1 s → 黑屏直至被试反应（最长 4 s）。被试须在指示后尽快用摇杆两键判定「会过街 / 不会过街」。全程不给反馈。8 个练习 trial + 109 个正式 trial（分 3 个 block：36/36/37），每 block 开始做 5 点标定与验证，全程约 60 min。	2（驾驶经验：熟练 n=20，里程 >100,000 km、职业司机 vs 新手 n=20，里程 <10,000 km、本科生；被试间）× 2（行人真实意图：过街 vs 不过街；被试内）× 4（TTA 到达时距：2、3、4、5 s；被试内）混合设计。TTA=2 s 条件因 97.1% 样本失衡未进入 ANOVA，故 ANOVA 中 TTA 仅取 3/4/5 s 三水平。	判定准确性（命中率 hit rate / 虚警率 false alarm rate）、信号检测论参数（敏感性 d′、判定标准 C、反应偏向 β）、判定反应时 RT（从黄色矩形指示出现到摇杆响应，剔除超出 ±2.5 SD 的 trial）、眼动指标（探测率、探测潜伏期、首次注视时长、平均注视时长、dwell time、注视位置分布；注视定义为停留 ≥ 100 ms）。	探测率：经验 F<1 n.s.；意图 F(1,38)=66.69, p<0.001, partial η²=0.637（过街 M=0.95, SE=0.006 > 不过街 M=0.86, SE=0.011）；TTA F(2,76)=19.76, p<0.001, partial η²=0.342（3 s 0.95 > 4 s 0.89 > 5 s 0.88, ps<0.001）；意图×TTA 交互边缘显著 F(2,76)=3.01, p=0.055, partial η²=0.073。探测潜伏期：意图 F(1,38)=5.71, p=0.022, partial η²=0.131（过街 M=1345 ms, SE=57；不过街 M=1445 ms, SE=50）；经验 F(1,38)=1.81, p=0.186。首次注视时长：意图 F(1,38)=12.17, p=0.001, partial η²=0.243（过街 646±39 ms > 不过街 545±25 ms）；经验 634 vs 558 ms, F(1,38)=1.69, p=0.202。真实基线：TTA=3 s 时不过街占 648/854=75.9%；4 s 时 602/1210=49.8%；5 s 时 340/1226=27.7%。总体命中率熟练 0.92 vs 新手 0.91, t=0.26, p=0.797；虚警率熟练 0.43 > 新手 0.30, t=2.26, p=0.029。Hit/FA（熟练）：3 s 0.86(0.015)/0.39(0.048)、4 s 0.92(0.015)/0.43(0.056)、5 s 0.90(0.026)/0.55(0.049)；（新手）3 s 0.89(0.008)/0.31(0.045)、4 s 0.93(0.011)/0.28(0.039)、5 s 0.87(0.022)/0.35(0.050)。d′：新手 M=1.960(SE=0.118) > 熟练 M=1.535(SE=0.118), F(1,38)=6.49, p=0.015, partial η²=0.146；TTA F(2,76)=7.36, p=0.001, partial η²=0.162，TTA=4 s 时 d′ 显著高于其他两个 TTA（所有 ps<0.004）；交互 F(2,76)=0.21, p=0.809。判定标准 C：熟练 −0.625(0.086) vs 新手 −0.382(0.086), F(1,38)=4.02, p=0.052, partial η²=0.096；TTA F(2,76)=10.24, p<0.001, partial η²=0.212；交互 F(2,76)=4.19, p=0.019, partial η²=0.099；熟练在 5 s 标准显著更低（ps<0.001），新手所有 TTA 稳定（ps>0.07），两组差异在 5 s 达显著（p=0.015）。β：主效应均 n.s.（F(1,38)=2.89, p=0.098；F(2,76)=1.46, p=0.239），交互边缘显著 F(2,76)=2.76, p=0.069, η²p=0.068，5 s 时熟练<新手（p=0.039）；所有条件 β<1（宽松标准，偏向「会过街」）。RT：经验熟练 762 vs 新手 846 ms, F<1；TTA F(2,76)=33.50, p<0.001, partial η²=0.469（TTA 越大 RT 越长，ps<0.001）；意图 F(1,38)=114.42, p<0.001, partial η²=0.751（过街 M=645 ms, SE=40 快于不过街 M=964 ms, SE=54，差值 319 ms）；按自身判定分：「会过街」738±42 ms 快于「不会过街」915±51 ms, t=−7.59, p<0.001。意图判定阶段注视分布：水平 48.3% <0.5；垂直 66.4% <0.5（上半身）；平均注视时长熟练 676±27 > 新手 576±27 ms, F(1,38)=6.65, p=0.014, partial η²=0.149；意图过街 661±20 > 不过街 592±21 ms, F(1,38)=27.44, p<0.001, partial η²=0.419；位置 F(2,76)=16.88, p<0.001, partial η²=0.308（上区显著长于下区，ps<0.005）。探测与识别连续性：「指示前已探测」RT=776±43 ms 显著短于「未探测」1157±61 ms, t=−12.49, p<0.001（差值 381 ms）；已探测 trial 中 dwell time 与 RT 显著负相关 Spearman r=−0.208, p<0.001。7.6% 的 trial 中被试在指示出现前未探测到行人；8% 的 trial 因 AOI 内无注视或采样率 <80% 被剔除。⚠ 与 idx 87（Cangut & Alver 2026）存在时域冲突：Cangut 的机器预测时域为 0.5–1.0 s，落在「不确定性已消解」区间（本文表明 TTC 2 s 时 97.1% 行人已不再过街），其 84.6% 的 F1 不能证明可支撑 4–5 s 早期预警——机器指标的高低必须绑定预测时域。⚠ 熟练组里程 SD 原文印为「337,99 km」，疑为排版错误。	Wenxiang Chen, Xiangling Zhuang, Zixin Cui	Wenxiang Chen	2019	TR Part F 2019	Q1 (IF 5.0) (交通心理学与行为权威期刊)	全文	强	(Chen et al., 2019)	Chen, W., Zhuang, X., Cui, Z., & Ma, G. (2019). Drivers’ recognition of pedestrian road-crossing intentions: Performance and process. *Transportation Research Part F: Traffic Psychology and Behaviour*, *64*, 552–564. https://doi.org/10.1016/j.trf.2019.07.004	背景（技术/综述，未直接引用）
45	Does the AR-HUD system affect driving behaviour? An eye-tracking experiment study	5 个典型风险驾驶场景 × 2 种照明条件（白天 daytime / 夜间 night）作为刺激材料。摘要用「as stimulus materials」措辞，提示可能是视频观看 + 眼动记录范式而非闭环模拟驾驶（OpenAlex 概念标签含 Driving simulator，存在矛盾）。5 个场景的具体内容摘要未列出，是否包含行人横穿摘要未说明。道路类型、车速：摘要未报告。是否有分心任务：摘要未报告。	摘要未报告。逐项核对均缺失：无 RGB/HEX/CIE 坐标、无颜色名称、无分级配色方案、无透明度 α 值。摘要仅以「the AR-HUD system」整体指称，未描述界面的任何视觉编码属性——这是本篇作为设计参数来源的致命缺口之一。	摘要未报告。逐项核对均缺失：无呈现位置、无空间参照系分类（屏幕固定/世界锁定/目标锁定/仪表/下视显示）、无 FOV、无偏心度、无虚像距离。摘要仅使用 AOI（area of interest）概念指称「风险 AOI」，但未给出其角度界定。照明条件（昼/夜）是本篇唯一给出的环境类视觉变量。	摘要未报告。逐项核对均缺失：无 AR-HUD 图形形态（边界框/虚拟阴影/箭头/风险区/图标/文字）描述、无尺寸、无线宽等几何参数。摘要仅以「the AR-HUD system」整体指称，未描述任何图形元素——这使本篇无法提供任何可复现的空间设计参数。	摘要未报告。逐项核对均缺失：未说明静态还是动态、未说明是否随距离/TTC/风险等级变化、无闪烁频率、无占空比、无更新率。摘要仅以「the AR-HUD system」整体指称，未描述任何动效属性。	摘要未报告。逐项核对均缺失：无 TTC / TTMD / THW 阈值、无距离阈值、无减速度阈值、无事件触发条件、无预警提前期（lead time）。摘要虽报告 AR-HUD 显著缩短「感知时间（perception time）」，但该指标的起止时点与任何毫秒数值均未给出。	摘要未报告。逐项核对均缺失：无持续时长数值、无「持续到什么条件」的规则、无撤销/渐隐规则、无闪烁周期与占空比。摘要仅报告 5 个风险场景 × 2 种照明条件的材料结构，未描述界面元素的时序参数。	摘要未报告，无分级设计（无级数、无各级触发点、无级间间隔）。本篇把 AR-HUD 当作 IVIS 的一种信息呈现方式来研究，核心关切是信息复杂度管理与注意分配，而非分层预警的紧迫度升级。	摘要未报告任务细节：无任务指导语、无反应通道说明、无试次数、无练习程序、无平衡方式。被试数摘要亦未报告，摘要仅以「the subjects'」指称被试。可知的骨架为：被试在 5 个典型风险驾驶场景 × 2 种照明条件（白天/夜间）的刺激材料下被记录眼动行为与风险反应时；材料性质用「as stimulus materials」措辞，提示可能是视频观看范式而非闭环模拟驾驶。	从摘要可识别 2 个：IV1 = AR-HUD 系统（有 / 无；摘要未明确对照条件是「无 HUD」还是「传统 C-HUD」）；IV2 = 照明条件（白天 / 夜间，2 水平，摘要明确）。场景因子为 5 个典型风险驾驶场景（数量明确，内容未列出）。被试内/被试间设计摘要未明确报告。	① 眼动行为指标（含对风险 AOI 的注意；具体是注视时长、注视次数还是首次注视时间，摘要未说明）；② 风险反应时指标，核心构念为「感知时间（perception time）」（摘要未给出操作化定义与起止时点，也未给出任何毫秒数值）；③ 信息加工难度 / 认知负荷（测量方式摘要未报告，是瞳孔直径等眼动代理还是 NASA-TLX 未说明）。	摘要给出的全部结果均为定性方向，无任何统计量与数值：① 夜间条件下的注意增益（有条件的结论）——AR-HUD 系统能显著提升被试在夜间驾驶情境下对风险 AOI 的注意，原文限定语为「in night driving situations」，该增益被明确限定在夜间，摘要未报告白天条件下是否也有增益，这是本篇最重要的边界条件；② AR-HUD 能降低风险驾驶场景中的信息加工难度，从而降低认知负荷（未加照明条件限定）；③ AR-HUD 系统能显著缩短驾驶员对风险驾驶场景的感知时间，从而更快对风险情境作出反应，缩短量（毫秒）摘要未报告；④ 总体结论「验证了 AR-HUD 技术在提升驾驶安全与驾驶行为方面的作用」。⚠ 笔记明确列出使用禁令：本篇属证据等级 B，不得用作数值锚点，特别不得把「显著缩短感知时间」写成任何具体的毫秒改善量；摘要未提供被试数、5 个场景清单、对照条件的确切性质、任何眼动或反应时数值、任何统计量。⚠ 与 idx 60（Wang 2021）在「AR-HUD 是否降低认知负荷」上直接冲突（60 报告 NASA-TLX 主观负荷影响仅边缘显著 χ²(2)=5.630, p=.06，作者明确指出 AR-HUD 并不能有效降低主观负荷）。⚠ 同源发表风险：与 Yunuo, C., Xia, Z., & Liwei, T. (2023) 发表于 International Journal of Vehicle Design, 92(1), 1–21（DOI 10.1504/IJVD.2023.133262）的同名论文可能共享数据，在文献计数与元分析中必须合并为一个独立证据簇，不得当作两项独立证据。	Yu-nuo Cheng, Xia Zhong, Li-wei Tian	Yu-nuo Cheng	2023	TRIP 2023	Q2 (IF 4.8) (ESCI，Transportation 类百分位 71.2%，全开放获取)	仅摘要	中	(Cheng et al., 2023a)	Cheng, Y., Zhong, X., & Tian, L. (2023a). Does the AR-HUD system affect driving behaviour? An eye-tracking experiment study. *Transportation Research Interdisciplinary Perspectives*, *18*, 100767. https://doi.org/10.1016/j.trip.2023.100767	背景（空间专题）
46	Fostering User Acceptance and Trust in Fully Automated Vehicles: Evaluating the Potential of Augmented Reality	高保真驾驶模拟器（六足运动平台 hexapod moving platform）。研究 1（超人驾驶）：笔直的乡村道路，浓雾、视距约 25 米；自车速度 70 km/h，每场景放置 8 辆前行车 + 8 辆对向车（速度各 50 km/h），自车频繁超车以刻意冲击信任水平；被试为纯被动乘客，被指示向窗外看、感知环境、不做副任务。研究 2（后向就座 / 机动增强）：被试坐副驾座、方向盘被遮盖、车辆向后行驶以创造旋转座椅错觉；有分心任务——驾驶过程中与实验者进行 Skype 视频通话，并周期性地被要求在牛津词典中查找特定单词含义，目的是让被试无法持续专注驾驶情境、必须频繁任务切换。均为 Level-5 全自动驾驶，无行人冲突场景。	研究 1 对向车辆二值编码：绿色 = 剩余距离允许以 20 km/h 速差安全完成超车而不碰撞；红色 = 否。研究 1 前行车辆四级编码：绿、黄、橙、红，依 TTC 指示追尾风险等级（借鉴 Park, Lee, Yoon & Kyong-Ho 2015 / 典型 FCW 系统）；但具体的 TTC 分档秒数论文未明确报告。研究 2 符号颜色：论文未明确报告。透明度 α 值论文未明确报告（研究 1 仅说明使用「a transparent layer placed above the visual output」）。	研究 1 = 世界锁定（world-fixed）contact-analog：在驾驶仿真软件视觉输出之上叠加透明图层，模拟全尺寸风挡显示（full-size windshield display, WSD）；由 C#-Unity 应用依 3D 空间车辆位置绘制包围盒，位置由被标注车辆的世界坐标决定（具体角度/距离未报告）。研究 2 = 屏幕锁定（screen-fixed）：Microsoft HoloLens 光学透视 HMD，符号呈现在 HMD 视场的右上方外周区域（peripheral region on the top right），具体偏心度（度）论文未明确报告。论文未明确报告任何 FOV 数值与虚像距离，仅在背景中指出 AR-HUD 当前仍面临有限的交互空间与视场角。	研究 1：矩形包围盒（bounding boxes）+ 方向三角形（向下的三角形标记对向车辆，向上的三角形标记前行车辆）；尺寸随 3D 空间中的车辆位置动态计算（「showing the bounding boxes in the desired size and color」），具体像素/角度尺寸与线宽未报告。研究 2：4 种符号——左转/右转（双向）、停车或减速、超车或换道。	动态。研究 1 包围盒随车辆运动而位置/尺寸更新（世界锁定的必然结果），尺寸随 3D 空间中车辆位置动态计算；颜色随 TTC 分级（前车绿-黄-橙-红）与超车安全余量（对向绿/红）变化。论文未明确报告任何闪烁或动画参数、频率、占空比、更新率。	研究 2 中，即将执行的机动在执行前 500 ms 被预告（原文 5.1：「Upcoming maneuvers were announced 500 ms before execution to give users enough time to interpret the scenario」，依据 Kosinski 2015 的反应时文献综述）。这是全文唯一明确的图形提前期数值。研究 1 的前车包围盒颜色编码基于 TTC，但具体 TTC 分档秒数论文未明确报告。超车安全判据：对向车辆在剩余距离允许以 20 km/h 速差安全完成超车而不碰撞时高亮为绿色，否则为红色。雾天视距约 25 米。	论文未明确报告符号的持续显示时长（研究 1 中包围盒随对象在场景中而持续存在，贯穿整个 5 分钟行程；研究 2 中符号持续时间未给出）。来自被试的一条自适应设计建议（未经实验验证）：「随时间减少或完全省略车辆指示（reduction or complete omission of the vehicle's indication over time）」在用户完全理解车辆动作之后是合理的。	有。研究 1 前行车辆用绿-黄-橙-红四级编码，依 TTC 指示追尾风险等级；对向/横向冲突用绿/红二值编码（以是否留有安全余量为判据）。各级触发点的具体 TTC 秒数与级间间隔论文未明确报告。	研究 1（N=26）：被试作为 Level-5 全自动车的纯被动乘客，在浓雾乡村道路上乘坐，被指示向窗外看、感知环境、不做副任务；每条件后在平板上完成 TAM 与 TS 量表，之后做简短半结构化访谈。每次会话约 20 分钟 = 准备 5 min + 条件 A 行程 5 min + 条件 B 行程 5 min + 访谈 5 min。研究 2（N=18）：被试佩戴 HoloLens 后向就座，先做功能测试校正 HMD 朝向，驾驶过程中与实验者 Skype 视频通话并周期性在牛津词典中查词；每个驾驶场景后完成问卷，全部结束后做半结构化访谈并绘制 UX Curve。被试为纯被动观察者，无接管任务，不测量反应时。	研究 1：条件 A（有交通增强）vs 条件 B（无增强），2 水平；文中 Section 4 写为 between-subjects 但 Procedure 与统计实为被试内 + Wilcoxon 配对，顺序随机化。研究 2：被试内全因子设计，顺序随机化，3 条件——P（perceived direction，箭头指向被试所感知方向，左转时箭头朝下）/ L（logical direction，箭头指向车辆真实行驶方向，箭头朝上）/ N（baseline，无任何视觉辅助）。	TAM（含信任整合，据 Belanche et al. 2012）5 个子量表：感知有用性 PU（3 项）、感知易用性 PEOU（3 项）、信任 Trust（3 项）、使用态度 ATT（3 项）、使用意向 Intention（1 项）；信任量表 TS（8 项，改编自 Moeckli et al. 2015，删去 4 项）；均为 7 点 Likert，用 Cronbach's α 验证内部一致性。研究 2 附加 UX Curve（Kujala et al. 2011，手绘体验随时间变化曲线）+ 模拟器病问卷 SSQ（Kennedy et al. 1993）+ 半结构化访谈。本研究不测量反应时、制动反应时或 TTC。	研究 1（Table 1，Cronbach's α / Mdn(M) A vs B）：TAM-PU α=.769，5(4.22) vs 4(3.08)；PEOU α=.838，5(5.01) vs 3(3.88)；Trust α=.907，4(4.23) vs 3(3.48)；ATT α=.798，5(5.06) vs 4(4.18)；Intention 5(4.31) vs 3(3.38)；TS α=.901，5(4.59) vs 4(3.86)。Wilcoxon 全部显著：PU T=78, p=.000, r=−.58；PEOU T=76, p=.000, r=−.60；ATT T=77, p=.000, r=−.57；Intention T=26, p=.001, r=−.63；Trust T=76, p=.000, r=−.51；TS T=206, p=.000, r=−.52。重要细节：Trust 是条件 A 中唯一中位数低于 5 的 TAM 子量表（Mdn=4）——即使有增强，信任仍是最难提升的维度。接受 H1.i。研究 2（Table 2，α / Mdn(M) P vs L vs N）：PU α=.870，4(4.21)/3(3.32)/4(3.00)；PEOU α=.793，4(4.21)/3(3.37)/3(2.65)；Trust α=.937，4(4.05)/3(3.21)/3(2.47)；ATT α=.922，4(4.21)/3(2.22)/4(3.24)；Intention 4(3.84)/3(2.68)/3(2.71)；TS α=.949，5(4.16)/3(3.68)/4(3.08)。关键异常：在 TS 与 TAM-PU 上「逻辑方向」（L）的评分甚至低于完全无增强（N）——方向映射错误的 AR 比不给 AR 更糟。Friedman + Wilcoxon（Bonferroni，p<.017）：PU χ²(2)=18.636, p=.000，P vs N（Z=−3.320, p=.003）、P vs L（Z=−2.887, p=.012）显著；PEOU χ²(2)=17.152, p=.000，仅 P vs N 显著；Trust χ²(2)=19.563, p=.000，仅 N vs P 显著（Z=3.300, p=.003）；ATT χ²(2)=9.542, p=.008 但事后无任何条件对显著；Intention 无显著效应（χ²(2)=2.909, p=2.34——原文 p 值疑为排印错误）；TS χ²(2)=70.240, p=.000，三条件两两全部显著：P>N（Z=−6.425, p=.000）、P>L（Z=−3.340, p=.003）、N>L（Z=3.085, p=.006）。SSQ 总分三条件无显著差异：P（M=59.00, SD=43.20）、L（M=70.43, SD=48.19）、N（M=58.17, SD=48.19）——「知道即将到来的机动可减少运动病」未被证实。UX Curve 正向体验比例：P 83.3%（n=15）> L 39.0%（n=7）> N 33.3%（n=6）；条件 P 中 10 人（55.6%）报告信任在使用中上升、3 人（16.7%）稳定且正向、仅 1 人为负；正向曲线中 60%（n=9）随时间上升、13%（n=2）稳定、13%（n=2）下降。接受 H2.i 与 H2.ii。⚠ 研究 1 的设计表述前后矛盾（Section 4 称 between-subjects，Procedure 与统计实为被试内 + Wilcoxon 配对），引用时须注意。⚠ 「500 ms 提前期」不可跨场景移植：这是被动乘客解读机动符号所需的时间，与行人碰撞预警所需的 2–4 s TTC 提前期量级完全不同，必须区分「解读性提前期」与「行动性提前期」。⚠ 与 idx 54（Merenda 2018）在「屏幕锁定 vs 世界锁定优劣」上评价方向不同，边界条件为本文模拟全尺寸风挡（无 FOV 限制）且标注对象位于视场中央区，Merenda 用真实约 17° 圆形 FOV 且标注侧方行人。	Philipp Wintersberger, Anna-Katharina Frison, Andreas Riener	Philipp Wintersberger	2018	PRESENCE (MIT Press) 2018	未收录JCR (IF -) (MIT Press，VR/AR 老牌期刊)	全文	中	(Wintersberger et al., 2018)	Wintersberger, P., Frison, A. K., Riener, A., & Sawitzky, T. V. (2018). Fostering User Acceptance and Trust in Fully Automated Vehicles: Evaluating the Potential of Augmented Reality. *PRESENCE: Virtual and Augmented Reality*, *27*(1), 46–62. https://doi.org/10.1162/pres_a_00320	背景（技术/综述，未直接引用）
47	Graph-SIM: A Graph-based Spatiotemporal Interaction Modelling for Pedestrian Action Prediction	纯算法仿真（无被试、无 HUD 图形）。数据集为本文新建的 PePScenes（基于 nuScenes 1000 段中 850 段有时间对应 3D 框标注的真实城市驾驶数据，作者把空间标注从 2 Hz 插值加密到 10 Hz）。城市环境行人过街预测；行人筛选标准为出现在自车前方、距可行驶区域不远、若过街则过街前至少有若干帧可观测。自车速度为 nuScenes 自然行车速度，论文未报告分布；无遮挡/左右横穿的显式分类；无分心任务（非人因实验）。	不适用（本文为纯算法/数据集研究，无 HUD 图形设计内容）。逐项核对：无 RGB/HEX/CIE 坐标、无颜色名称、无分级配色方案、无透明度 α 值。论文的输出为「未来是否在自车路径上过街」的二分类概率，不含任何视觉呈现设计。	不适用（无 HUD 呈现位置与参照系；视场角、偏心度、虚像距离论文未涉及）。可迁移的空间建模参数为：交互/关注半径 d_thresh = 20 m（相对目标行人，以 50 km/h 计约 1.44 s、30 km/h 计约 2.4 s 的自车时域）；同簇最大距离行人 1.5 m、车辆 10 m、自行车 5 m。	不适用（本文为纯算法研究，无 HUD 图形形态、尺寸、线宽等几何参数）。可迁移为 AR-HUD 标注规则的空间建模参数：对象特征编码为每帧 35 维向量（5 段 × 7 元素），行人中心星形图（pedestrian-centric star graph）+ 同簇对象两两全连接，邻接矩阵 A_t = (1 − B_t) ⊙ (1 − D_t)。	不适用于图形。算法侧的动态参数：标注/推理帧率 10 Hz（原 nuScenes 为 2 Hz，本文插值加密）；历史观测窗 5 帧 = 0.5 s；时间维卷积核 3 帧（结合前后各 1 帧）；序列间重叠 50%；静止/运动速度阈值行人 0.2 m/s、车辆 2 m/s、自行车 2 m/s。	无预警设计（算法论文）。可对应的时间参数：历史观测窗长度 5 帧 = 0.5 s（标注帧率 10 Hz）；观测窗采样位置（即预测提前量）为过街事件发生前 1–2 s（原文「sampled from one to two seconds before the crossing event」）；预测目标时刻为未来 t+k，k 的具体取值论文未明确报告；精度-时域曲线论文未明确报告（未做不同提前量的分组评估）。感知-反应时间 / 制动率 / 预警提前期论文未明确报告。	不适用（本文为纯算法研究，无图形持续时间与撤销/渐隐规则）。可对应的算法侧时序参数：序列间重叠 50%；时间维卷积核 3 帧（结合前一帧与后一帧）；标注/推理帧率 10 Hz，即状态更新周期 100 ms。论文未报告推理延迟、参数量与实际运行帧率。	无。本文未做分级预警设计（无级数、无各级触发点、无级间间隔），输出为「未来 t+k 时刻是否在自车路径上过街」的二分类概率 p ∈ [0,1]。该连续概率原则上可用于分级映射，但论文未提出任何分级阈值或分档方案。	无被试实验（本文为纯算法/数据集类研究）。工作内容为：提出 Graph-SIM 图结构时空交互建模模型（聚类 + 35 维特征编码 + 图交互建模 + LSTM/注意力分类四模块），并构建 PePScenes 数据集（719 个唯一行人：149 过街 / 570 不过街；63.4k 逐帧行为标注；行人框标注新增 845k，其他对象新增 3.58M；标注帧率提升至 10 Hz）。训练设置 Adam、学习率 0.000002、batch size 16、10 epoch、行人按 70% 训练 / 30% 测试。	不适用（消融研究中操纵的是模型组件：图建模方式 Social-STGCNN 边权 1/d / S-Graph+RI / +聚类不含行人朝向 / +聚类含行人朝向；以及输入动力学模态：行人位置 / 行人速度 / 行人位置+速度 / +自车位置 / +自车速度 / +自车位置与速度）。	二分类算法性能指标：Accuracy、AUC、F1、Precision（沿用 SF-GRU 的评估集合）。因 PePScenes 正负样本不平衡（149:570），作者强调必须同时报告四项以避免高 Accuracy 掩盖偏向。论文未报告推理延迟、参数量、帧率。	PePScenes 主结果（Acc/AUC/F1/Precision）：SF-GRU 0.867/0.683/0.506/0.672；Social-STGCNN 0.874/0.762/0.613/0.633；Graph-SIM（Graph+行人动力学）0.805/0.608/0.349/0.395；Graph-SIM（Graph+自车动力学）0.916/0.821/0.730/0.793；Graph-SIM 完整 0.944/0.858/0.814/0.921。完整模型在所有指标上优于 Social-STGCNN，F1 提升 20%、Precision 提升 29%（相对提升），摘要总述为各指标平均提升超过 15%；自车运动对性能的影响明显大于行人自身动力学。图建模消融：Social-STGCNN（边权 1/d）0.874/0.762/0.613/0.633；S-Graph+RI 0.873/0.861/0.689/0.583；S-Graph+RI+聚类（不含行人朝向）0.941/0.869/0.811/0.869；S-Graph+RI+聚类（含行人朝向）0.944/0.858/0.814/0.921——把行人朝向纳入聚类使 Precision 再提升 5%（0.869→0.921）。动力学模态消融：行人位置 0.763/0.500/0.128/0.167；行人速度 0.565/0.614/0.346/0.232；位置+速度 0.805/0.608/0.349/0.395；+自车位置 0.735/0.587/0.315/0.278；+自车速度 0.820/0.609/0.352/0.444；+自车位置与速度 0.944/0.858/0.814/0.921——单独的位置或速度都不足（位置单独时 AUC=0.500 等同随机），必须同时提供自车的位置与速度。⚠ 与 idx 44（Chen et al. 2019）的关键冲突：Chen 的人类数据表明行为不确定性主要集中在 TTC 3–5 s，而 TTC ≤ 2 s 时 97.1% 的行人已不再过街；本文的高 F1 恰恰落在 TTC 1–2 s 区间，即算法的高指标是在不确定性已大幅消解的时域上取得的，因此不能用 F1=0.814 论证「AR-HUD 可以在 4 s 前可靠预警」。⚠ 与 idx 87（Cangut & Alver 2026）在社会交互半径上存在明显冲突（Cangut 5 m vs 本文 20 m），原因是建模的交互对象不同（行人-行人社会力感知区 vs 行人-车辆/自行车交互重要性区）。⚠ 未报告精度-预测时域曲线，是对本课题最关键的缺失；多项阈值为经验设定（0.2/2/2 m/s、1.5/10/5 m、d_thresh=20 m、Q̃=512）且未做敏感性分析。	Tiffany Yau, Saber Malekmohammadi, Amir Rasouli	Tiffany Yau	2021	ICRA 2021	会议 (IF -) / CCF B (机器人领域顶级会议)	全文	强	(Yau et al., 2021)	Yau, T., Malekmohammadi, S., Rasouli, A., Lakner, P., Rohani, M., & Luo, J. (2021). Graph-SIM: A Graph-based Spatiotemporal Interaction Modelling for Pedestrian Action Prediction. In *2021 IEEE International Conference on Robotics and Automation (ICRA)* (pp. 8580–8586). IEEE. https://doi.org/10.1109/icra48506.2021.9561107	背景（时间专题）
48	The Effect of Dynamic Effects and Color Transparency of AR-HUD Navigation Graphics on Driving Behavior Regarding Inattentional Blindness	摘要未报告实验平台（模拟器 / 实车 / 视频均未说明）、道路类型、车速、意外刺激类型（未说明 IB 测试中的意外刺激是行人、车辆还是其他）、是否有分心任务。研究对象是 AR-HUD 导航图形（持续存在、非紧急、可预期），而非行人碰撞预警图形——这是本篇最大的外推限制。	本篇核心变量：色彩透明度 4 水平——T1 / T0.75 / T0.5 / T0.35（摘要明确给出取值）。T 值方向已裁定为 alpha（不透明度）：Ye 与 Yin（2025, Electronics 14(23):4768，本库 #09）方法节写 “The color transparency of the graphics was set to 0.75, which offers advantages in visibility and search response [22,23]”，其 [23] 即本篇——一个“提升 visibility”的 0.75 在物理上只能是不透明度，不可能是“75% 透明”。故 T1 = 完全不透明、T0.35 = 最透明；本篇最优区间换算为不透明度 0.5–0.75，与 Li 等（2025a）的 ≥ 0.6 一致。⚠ 裁定属间接证据（依据引用者转述而非本篇原文的参数定义），仍待原文确认。色相、RGB/HEX/CIE 坐标、颜色名称摘要均未报告。	摘要未报告。逐项核对均缺失：无呈现位置、无空间参照系分类（屏幕固定/世界锁定/目标锁定/仪表/下视显示）、无 FOV、无偏心度、无虚像距离、无与目标的相对位置。摘要仅称研究对象为「AR-HUD navigation graphics」，未说明其投影于哪个空间面。	摘要未报告。逐项核对均缺失：导航图形的形态（箭头？路径带？）、尺寸、线宽、空间面（水平/垂直/混合）全部未说明；摘要仅以「AR-HUD navigation graphics」整体指称。本篇操纵的是动效类型与色彩透明度两个属性，而非图形几何形态。	动态。自变量 1 = 动效 3 水平：脉动/呼吸（pulsation）、闪烁（blinking）、移动（movement）。摘要未提及无动效（静态）基线条件——若确实只有 3 个动效水平而无静态对照，则「动效不显著」只意味着三种动效之间无差异。三种动效的频率（Hz）、周期、占空比（duty cycle）、幅度摘要全部未报告——这是本篇对本课题最关键却缺失的参数。	摘要未报告。逐项核对均缺失：无 TTC / TTMD / THW 阈值、无距离阈值、无减速度阈值、无事件触发条件、无预警提前期（lead time）。本篇研究对象是导航图形（持续存在、非紧急、可预期），不含碰撞预警的触发时机设计。	摘要未报告。逐项核对均缺失：无图形持续时长、无「持续到什么条件」的规则、无撤销/渐隐规则。尤其关键的是三种动效（脉动/闪烁/移动）的周期与占空比（duty cycle）摘要全部未报告——这是本篇对本课题最重要的缺失项。	摘要未报告，无分级设计（无级数、无各级触发点、无级间间隔）。本篇为导航图形研究，不含紧迫度升级机制。本篇的 4 级透明度梯度（T1/T0.75/T0.5/T0.35）与 3 类动效是被试内自变量的水平，而非同一次事件中的分级升级。	被试观看/驾驶含 AR-HUD 导航图形的材料并对意外刺激作出反应，测量无意视盲与用户体验。摘要未报告任务指导语、反应通道、试次数、IB 测试点数量与位置、平衡方式；被试数摘要未报告。设计类型摘要明确为双因素被试内设计（two-factor within-subjects design）。	双因素被试内设计（two-factor within-subjects design，摘要明确）：IV1 = 动效 3 水平（脉动 pulsation / 闪烁 blinking / 移动 movement）；IV2 = 色彩透明度 4 水平（T1 / T0.75 / T0.5 / T0.35），共 3 × 4 = 12 个条件（条件数由因子结构推得，摘要未明说）。摘要未提及是否存在无动效（静态）基线条件。	① 无意视盲（inattentional blindness），含发生与否及「无盲视时的反应时（reaction time without blindness）」；② 用户体验（user experience），含用户满意度（user satisfaction）。IB 判定规则、判定时间窗、AOI 界定摘要全部未报告；反应时起止时点摘要未报告；满意度量表工具摘要未说明。	① 色彩透明度的主效应显著：色彩透明度显著影响驾驶员的无意视盲行为与用户体验（「color transparency significantly affects the drivers' inattentional blindness behavior and user experience」）。② 三个不同的最优水平且三者并不重合：T0.75 → 无意视盲最低（「T0.75 resulted in the lowest inattentional blindness」）；T0.5 → 无盲视时反应时最短且用户满意度最高（「T0.5 was associated with the shortest reaction time (without blindness) and highest user satisfaction」）——即安全指标（IB 率）的最优值（T0.75）与速度/体验指标的最优值（T0.5）不一致，构成典型的多目标权衡结构。③ 动效的主效应对 IB 不显著（「Dynamic effects did not significantly impact inattentional blindness」）。④ 但动效对反应时有效：闪烁（blinking）缩短了无盲视时的反应时（「blinking reduced reaction time (without blindness)」），缩短量摘要未报告。⑤ 交互效应摘要未报告（双因素设计通常会检验交互，但摘要只报告了两个主效应与一个简单效应）。⚠ 笔记明确列出使用禁令：本篇属证据等级 B，不得用作数值锚点；允许转录透明度水平取值标签与哪个水平在哪个指标上最优，但禁止给出任何 IB 发生率百分比、反应时毫秒数或改善量、任何统计量；禁止在未核验 T 值方向性前把 T0.75 写作「不透明度 0.75」或「透明度 0.75」并据此设定实验参数。⚠ 文献链条转述失真（必须显式指出）：idx 09 叶明慧把本篇结论转述为「闪烁可缓解 IB」，而本篇摘要明确为「动效对 IB 无显著影响，仅闪烁缩短反应时」——本课题必须以本篇原文为准，不得沿用叶明慧的转述。⚠ 与 idx 52 在最优不透明度上存在方向性张力（本篇 T0.5 反应时最短 vs idx 52 认为低于 0.7 时反应时更长），机制解释为「界面内读取 vs 界面外检测」两类反应时方向相反。⚠ 与 idx 53 在低不透明度（20%）是否可用上冲突。⚠ 摘要未报告被试数、T 值确切含义、是否存在静态动效基线、动效频率/占空比、IB 判定规则、任何统计量与交互效应。	Guanhua Hou, Qi Dong, Huiwen Wang	Guanhua Hou	2024	IJHCI 2024	Q1 (IF 6.1) (HCI 重要期刊；百分位 91.7%)	仅摘要	中	(Hou et al., 2024)	Hou, G., Dong, Q., & Wang, H. (2024). The Effect of Dynamic Effects and Color Transparency of AR-HUD Navigation Graphics on Driving Behavior Regarding Inattentional Blindness. *International Journal of Human–Computer Interaction*, *41*(12), 7581–7592. https://doi.org/10.1080/10447318.2024.2400376	实验3、实验4
49	The impact of different AR-HUD virtual warning interfaces on the takeover performance and visual characteristics of autonomous vehicles	模拟驾驶实验（「simulated driving experiment」，闭环模拟驾驶而非视频观看范式）。6 个驾驶场景：前车紧急制动、后车超越前车、非机动车闯红灯、非机动车侵入车道、前车紧急掉头、行人横穿（pedestrian crossing）。场景为自动驾驶接管（takeover）情境，驾驶员在预警前处于 out-of-the-loop 状态。道路类型、车速、自动化等级、TOR 模态与时机、是否执行非驾驶相关任务（NDRT）：摘要全部未报告。行人冲突形式为横穿（pedestrian crossing）。	摘要未报告（箭头与虚拟阴影的颜色、透明度全部未报告）。摘要仅给出一条相对视觉属性判断：虚拟阴影界面比箭头指向界面「更引人注目（more eye-catching）」。	摘要未报告具体位置、偏心度、FOV、虚像距离。空间参照系为笔记推断（虚拟阴影按其定义为贴地水平面投影 near-ground/horizontal plane，箭头则通常为指向式垂直面或屏幕坐标图形），但摘要未明确说明，须核验。	两种图形隐喻：箭头指向（arrow-pointing）与虚拟阴影（virtual shadow），以及非 AR-HUD 对照。尺寸、线宽、虚拟阴影的确切绘制方式（贴地投影？半透明色块？形状与目标一致？）摘要全部未报告。	摘要未报告。逐项核对均缺失：未说明箭头与虚拟阴影是静态还是动态、未说明是否随距离/TTC/风险等级变化、无闪烁频率、无占空比、无更新率。摘要仅给出一条相对视觉属性的定性判断——虚拟阴影界面比箭头指向界面「更引人注目（more eye-catching）」。	摘要未报告（无 TTC 阈值、无预警提前期 / TOR time budget、无距离阈值、无减速度阈值、无触发条件）。对接管研究而言 TOR time budget 的缺失是最关键的缺失。	摘要未报告。逐项核对均缺失：无图形持续时长、无「持续到什么条件」的规则、无撤销/渐隐规则、无闪烁周期与占空比。对接管研究而言，TOR 的 time budget（接管预留时间）亦完全未报告，其缺失使本篇的时间数据难以与其他接管研究比较。	摘要未报告，无分级设计（无级数、无各级触发点、无级间间隔）。本研究为单级预警——三种界面（箭头指向 AR-HUD / 虚拟阴影 AR-HUD / 非 AR-HUD）各自一次性呈现，界面类型是被试内自变量的三个水平，而非同一次事件中的紧迫度升级。	36 名被试参与模拟驾驶接管实验，在 6 个危险场景下使用三种界面（箭头指向 AR-HUD / 虚拟阴影 AR-HUD / 非 AR-HUD）完成接管操作，同时记录接管时间与眼动特征。摘要未报告接管任务指导语、是否执行 NDRT、试次数、平衡方式、练习程序；被试内/被试间设计摘要未明确报告（36 人跑 3 界面 × 6 场景 = 18 个条件，若全被试内则每人 18 试次可行，也可能界面为被试间每组 12 人）。	IV1 = 界面类型 3 水平：箭头指向 AR-HUD / 虚拟阴影 AR-HUD / 非 AR-HUD（对照）；IV2 = 驾驶场景 6 水平：前车紧急制动、后车超越前车、非机动车闯红灯、非机动车侵入车道、前车紧急掉头、行人横穿。	① 接管时间（takeover time）/ 接管效率（takeover efficiency），起止时点摘要未定义；② 眼动指标（eye movement index），摘要提及的具体构念包括视觉分心（visual distraction）、获取视觉信息的效率（efficiency of obtaining visual information）、驾驶员视线离开道路的次数（number of times the driver's eyes leave the road）。所有指标的数值与 AOI 界定摘要未报告。	主效应层面：① 两种 AR 界面均优于非 AR-HUD 界面——箭头指向与虚拟阴影 AR-HUD 界面都能有效降低驾驶员的视觉分心、提升获取视觉信息的效率、减少驾驶员视线离开道路的次数、提升接管效率。② 两种 AR 界面之间的眼动指标无显著差异——原文明确「but there was no significant difference in eye movement indexes between the arrow pointing AR-HUD interface and the more eye-catching virtual shadow AR-HUD interface」，这是一个重要的零结果：即使虚拟阴影「更引人注目」，其眼动指标也未优于箭头，说明图形显著性的提升并未转化为眼动层面的收益。场景层面（本篇核心贡献——场景依赖性），6 个场景明确分为三组：组 A（两种 AR 均优于非 AR）= 前车紧急制动；组 B（三者接管效率无显著差异）= 后车超越前车、非机动车闯红灯；组 C（虚拟阴影接管效率最高）= 非机动车侵入车道、前车紧急掉头、行人横穿。对本课题最直接的结论：在行人横穿（pedestrian crossing）场景中，虚拟阴影 AR-HUD 界面的接管效率最高。结论段仅一句定性表述：这些研究结果有助于改善自动驾驶车辆 AR-HUD 界面的主动安全。⚠ 笔记明确列出使用禁令：本篇属证据等级 B，不得用作数值锚点；除「36 名被试」外摘要未提供任何数值——无接管时间秒数、无眼动指标数值、无统计量、无效应量、无 TOR time budget；不得写入任何「接管时间为 X 秒」或「虚拟阴影比箭头快 X ms」的条目；不得把本篇的「接管效率」结论直接当作「制动反应时」证据（场景为自动驾驶接管，与本课题手动驾驶设定不同，接管时间通常 2–7 s，远长于手动驾驶制动反应时约 1–1.5 s）。⚠ 与 idx 09 叶明慧在「贴地水平投影是否适合行人预警」上直接冲突：本篇报告行人横穿场景下虚拟阴影（贴地投影）接管效率最高，叶明慧明确建议「对横向行人危险，避免单纯近地水平投影」。冲突边界可能在于驾驶模式（接管 vs 手动）、因变量（接管效率 vs IB+反应时+NASA-TLX+UEQ-S）与「阴影隐喻 vs 水平投影几何」的构念混淆。⚠ 6 个场景的交互检验未报告，若为逐场景简单效应分析且未校正多重比较，则 18 个条件的逐场景比较存在 I 类错误膨胀风险。	Chunhui Jing, Chenguang Shang, Dongyu Yu	Chunhui Jing	2022	Traffic Inj Prev 2022	Q3 (IF 2.1) (交通伤害预防专刊)	仅摘要	中	(Jing et al., 2022)	Jing, C., Shang, C., Yu, D., Chen, Y., & Zhi, J. (2022). The impact of different AR-HUD virtual warning interfaces on the takeover performance and visual characteristics of autonomous vehicles. *Traffic Injury Prevention*, *23*(5), 277–282. https://doi.org/10.1080/15389588.2022.2055752	实验3
50	Evaluation of AR-HUD Interface During an Automated Intervention in Manual Driving	驾驶模拟器（UC-win/Road version 13，Forum8；5 台显示器 + 可调驾驶座 + 方向盘 + 刹车 + 油门；模拟车最高速度设定 50 km/h）。路线总长 5 km，被试被要求以约 40 km/h 行驶；先手动驾驶 4.5 km，自动介入场景发生在路线终点前 0.5 km 处。行人冲突形式：一名行人突然出现在道路左侧（静止站立于路侧），车辆自动介入并在行人前 50 m 处向右换道。场景时间设定为日落前（before sunset），对象可见度相对较低。有刻意布置的视觉杂乱：人行道上放置一群行人、道路右侧放置一处施工场景，以分散注意、防止天花板效应。无额外分心副任务。	两种线索（AR-HUD 圆柱与 S-HUD 行人象形图）均选用橙色（orange），理由是传达「警告（warning）」而非「紧急（emergency）」（依据 Chapanis 1994 关于三种信号词与四种颜色的危险性关联研究）。论文未明确报告 RGB/HEX/CIE 坐标与透明度 α 值。	AR-HUD = 世界锁定，圆柱直接置于行人身上（placed directly on the pedestrian），行人位于道路左侧。S-HUD = 屏幕锁定的符号式，行人象形图固定在风挡/屏幕底部（bottom portion of the windshield），仅通过左右位置指示行人在道路上的侧向位置。无真实 HUD 光学系统——视觉线索通过驾驶仿真软件设置直接放置在屏幕的适当位置，由 5 台显示器呈现；作者在局限性中明确本实验使用的是二维（two-dimensional）HUD 视觉线索。论文未明确报告 FOV、具体偏心度（度）与虚像距离。	AR-HUD = 一个半径 0.5 m 的圆柱体（cylinder with a 0.5 m radius），用 Blender 2.79b 建模。S-HUD = 行人象形图（pedestrian pictogram），尺寸未报告。线宽论文未明确报告。	AR-HUD 为动态：圆柱上下各移动 0.5 m（moves 0.5 m upward and downward），即总振幅 1.0 m 的垂直往复动效；运动频率、周期与占空比论文未明确报告；无闪烁。S-HUD 为静态象形图。两种线索均不随距离/TTC/风险等级改变形态或颜色。	当车距行人 50 m 时线索出现（AR-HUD 线索出现在行人身上，S-HUD 线索出现在屏幕底部）。自动介入（换道）亦在行人前 50 m 处执行——即介入动作与图形呈现同时、同位置触发。按实测平均车速 39.218 km/h ≈ 10.89 m/s 换算，50 m 相当于约 4.59 秒提前期（笔记推算，非原文明示）；按被试被要求的 40 km/h ≈ 11.11 m/s 计算约 4.5 秒。论文未明确报告 TTC 阈值。	从距行人 50 m 起，一直显示至车辆通过行人为止（visible on the pedestrian until the car passed him）。按 50 m / 10.89 m·s⁻¹ 计约 4.6 秒（笔记推算），原文未直接给出持续秒数。撤销/渐隐规则论文未明确报告。	无。单级、单次呈现，无分级或升级机制，论文未报告级数、各级触发点与升级间隔。颜色语义上仅设单一等级：两种线索均用橙色以传达「警告（warning）」而非「紧急（emergency）」（依据 Chapanis 1994 关于信号词与颜色的危险性关联研究），未设绿/黄/红的多级风险编码。	36 名被试（10 女、26 男，21–54 岁，M=34.638, SD=11.293）在 5 km 路线上先以手动模式驾驶 4.5 km（要求约 40 km/h），在终点前 0.5 km 处遭遇行人突然出现 + 系统自动介入换道；其余行程以自动模式 40 km/h 完成。介入前与介入过程中均未向被试提供任何关于介入目的的其他信息。正式实验前有 5 分钟练习（在不同道路上，练习中被试手动驾驶并体验过一次自动介入）。实验结束后填三份问卷。	HMI 视觉线索类型，2 水平，被试间设计（以避免学习效应）：AR-HUD（n=19）vs S-HUD（static HUD，n=17）。因数据准确度低，AR-HUD 组剔除 2 人、S-HUD 组剔除 1 人的客观与主观数据。	客观：反应时（response time，定义为 HMI 出现 onset of the HMI 到被试首次观察到路侧突然出现的行人之间的时间间隔，由 Tobii Pro Glasses 2 判定）、注视转移步数（gaze shift steps）。主观：接受度问卷（自制 14 项，末项为开放题，7 点 Likert）、信源可信度量表（Source Credibility Measurement，源自 Abe & Richardson 2006，3 因子 Competence / Caring-Goodwill / Trustworthiness）、用户体验问卷 UEQ（6 因子 Attractiveness / Perspicuity / Efficiency / Dependability / Stimulation / Novelty）。统计用双样本 t 检验 + 反应时与各主观项/因子的 Pearson 相关。	基线：完成实验条件的平均时间 6 分 46 秒（SD = 1 分 0 秒）；自动介入与 HMI 出现前的被试平均车速 39.218 km/h（SD = 8.142）。核心客观结果：AR-HUD 条件下被试的注意力在 HMI 出现后显著更快地转移到行人身上，t(15) = 4.825, p = 0.0001。注视模式：AR-HUD 条件示例被试在第 2 步注视即识别行人；S-HUD 条件示例被试先注视 S-HUD 线索、经过若干步后才转移视线，在第 6 步注视才识别行人。论文未给出两组反应时的具体秒/毫秒均值与标准差（仅 Fig. 5 柱状图与 t 检验统计量）。接受度问卷仅 Q4 与 Q13 两项显著：Q4（自动介入的执行没有任何问题）AR-HUD 显著高于 S-HUD，t(31) = 1.708, p = 0.048；Q13（我能够迅速识别出目标行人）t(31) = 2.753, p = 0.004。反应时与接受度条目相关（AR-HUD 条件）：Q1 r(16) = −0.691, p = 0.003；Q2 r(16) = −0.621, p = 0.01；Q12 r(16) = −0.546, p = 0.028；Q13 r(16) = −0.543, p = 0.029；S-HUD 条件仅 Q7 r(15) = −0.589, p = 0.016。信源可信度：两组在 Competence、Caring、Trustworthiness 三因子上均无统计显著差异；但反应时与可信度因子相关（AR-HUD）：Competence r(17) = −0.531, p = 0.034；Caring/Goodwill r(17) = −0.564, p = 0.022；Trustworthiness r(17) = −0.637, p = 0.007；S-HUD 仅 Caring/Goodwill r(17) = −0.548, p = 0.027。UEQ：两组在六因子上均无统计显著差异（H3 未获支持）；但 AR-HUD 条件下反应时与 Efficiency 中等负相关 r(17) = −0.564, p = 0.022。定性反馈：AR-HUD 组 3 人 + S-HUD 组 1 人希望增加听觉预警；AR-HUD 组 2 人 + S-HUD 组 4 人对自动系统突然介入感到惊讶和害怕；3 人因车辆未做安全确认就换道而感到不安全、更希望车辆停下；3 人无法分辨究竟是自己还是自动系统在驾驶。作者以 Posner (1980) 的空间注意定向与聚光灯隐喻解释结果；自动介入总体被感知为突然且令被试不满，Q9（多亏视觉线索我在自动介入期间没有任何焦虑）评分相当低，且与预期相反 AR-HUD 未能改善该感受，作者归因于界面模态不足。⚠ 反应时的数据修正方式较为激进：AR-HUD 组 2 名被试（视线在线索出现前已落在目标行人区）被重新赋值为其他被试中最短三个反应时的平均值，S-HUD 组 3 名被试（视线完全没有与行人对齐）被赋值为其余被试中最长三个反应时的平均值——这一双向修正天然放大了组间差异，是解读 t(15) = 4.825, p = 0.0001 时必须注意的偏倚来源。⚠ t 检验自由度不一致（反应时 t(15)、接受度 t(31)、相关 r(17)），文中未解释成因。⚠ 与 idx 54（Merenda 2018）在「行人场景中 AR 图形类型是否影响注视行为」上直接冲突（Merenda 报告 FG/GT/FT 三指标在四种 AR 图形与三种紧迫度间均无显著差异，归因于单一行人的弹出效应），边界条件为本文刻意布置竞争性视觉杂乱 + 日落前低可见度 + 静止行人。⚠ 与 idx 46（Wintersberger 2018）在「AR 能否改善主观接受度」上部分冲突。	Nihan Karatas, Takahiro Tanaka, Kazuhiro Fujikakc	Nihan Karatas	2020	IEEE IV 2020	会议 (IF -) (智能车辆重要会议)	全文	强	(Karatas et al., 2020)	Karatas, N., Tanaka, T., Fujikakc, K., Yoshihara, Y., Kanamori, H., Fuwamoto, Y., & Yoshida, M. (2020). Evaluation of AR-HUD Interface During an Automated Intervention in Manual Driving. In *2020 IEEE Intelligent Vehicles Symposium (IV)* (pp. 2158–2164). IEEE. https://doi.org/10.1109/iv47402.2020.9304610	背景（技术/综述，未直接引用）
51	Augmented reality versus classical HUD to take over from automated driving: An aid to smooth reactions and to anticipate maneuvers	雷诺驾驶模拟器 CARDS（全车模型 full vehicle mock-up，240° 视场角，驾驶员坐在距主屏幕 2.2 m 处；因技术问题采用单眼 monoscopic 投影；SCANeR studio 仿真软件）。场景为三车道高速公路，限速 90 km/h；Level-3 自动驾驶接管任务，须换道以驶入分叉/出口并应对目标车道中减速的车辆。3 个场景以避免习惯化：场景 1 因高速公路分叉换到左车道并应对新车道中一辆制动的车辆；场景 2 同样因高速分叉向左移动到一条繁忙车道；场景 3 换到右车道以驶入下一个出口并应对前方一辆制动的车辆。无行人冲突场景。有分心任务（NDRT）：AD 模式期间在仪表板中央触摸屏上玩 Sonic Dash 游戏（需持续的视觉与认知注意）。	chevron 虚拟标志 = 蓝白相间；前导车 AD 模式 = 绿色梯形（green trapezoid）；前导车 MD 模式 = U 形线，橙色表示应减速；相邻车道车辆 = 下方的白色矩形（white rectangle beneath）；鸟瞰视图中自车 = 蓝色矩形、前导车 = 绿色矩形、相邻车道车辆 = 白色矩形；MD 距离警告图标 = 橙色。虚拟 HUD 模块模拟了透明度，但具体 α 值论文未明确报告；无 RGB/HEX/CIE 坐标。明确警示（引 Lorenz [5]）：以红色高亮「不该去的地方」的 AR 设计会产生不恰当的驾驶策略（制动而非转向）。	两块 HUD：传统 HUD 表面 4° × 15°（专用于车速、限速、导航与 TOR 消息，由 Optoma ML 1500e 微型投影仪生成）；AR-HUD 表面 9° × 15°，垂直方向从 0° 到 −9°，其中 0° 为地平线（即 AR-HUD 完全位于地平线以下的 9° 范围内）。AR-HUD 由 SCANeR 的虚拟 HUD 模块模拟，该模块模拟真实 HUD 产生的图像（视场角、投射距离、颜色、透明度），但具体投射距离数值论文未明确报告。参照系为世界锁定 contact-analog（chevron 沿路面铺设、车辆高亮跟随目标车）；侧后视镜上亦有 AR（车上的矩形）。无 AR 条件的对照为传统 HUD 上的鸟瞰视图，覆盖与 AR 大致相同的空间语境（前方 3 条车道、最远 75 m）。明确的遮挡规则：AR 标志被车辆遮挡（masked by vehicles），因为作者认为其优先级更低。	目标车道 = 沿路面铺设的危险弯道警示标志图标序列（chevron 形，蓝白相间），每 14 米放置一个虚拟标志（One virtual sign is placed every 14m），设计哲学为展示「要考虑的约束」与「可能轨迹的包络」而非强加一条轨迹；前导车 MD = 车下方的 U 形线（U-shaped line）；前导车 AD = 绿色梯形；相邻车道车辆 = 下方的白色矩形。线宽规则：MD 中前车的高亮应「细（thin）」以免干扰驾驶场景，AD 中的高亮可以「更粗（thicker）」以便快速探测并增大 AD/MD 差异限制模式混淆；具体线宽数值未报告。	AR 图形本身为静态世界锁定序列——遵循 Pfannmüller et al. [17] 的建议「限制动画（limit animations）」，本设计未使用动画；论文未报告任何闪烁频率或占空比。位置随车辆前进而透视更新（世界锁定的必然结果）。唯一的分级/升级动态是听觉通道：接管声持续整个转换期且被设计为听起来越来越紧急（sound more and more urgent），但升级的具体间隔与频率参数论文未明确报告。	TOR 消息在 AD 中被规划为出现在定义机动极限点（maneuver limit point）的斜纹路面标线之前 546 米。该 546 m 的构成：264 m（车辆在最小风险机动结束时应停止的位置，该位置仍允许驾驶员处理换道机动）+ 282 m（AD 系统在 10 s 转换期内驾驶车辆 + 在最小风险机动中将其停止所需的距离）。限速 90 km/h = 25 m/s，按此换算 546 m ≈ 21.8 s（笔记推算，非原文明示）。文献基准：Merat et al. [2] 认为所需转换时间最少 10 秒，作者担忧 10 s 对建立完整情境意识可能过短。MD 条件的导航消息同样仅在场景结束前 30 秒出现以保持意外性。论文未明确报告 TTC 阈值（使用 THW 而非 TTC 作为纵向风险度量）。	转换期 = 10 秒：驾驶员需按下方向盘上的按钮 A 进入 MD；若不按按钮但把手放在方向盘上，系统会在持续 10 s 的转换期结束时转入 MD；若两者都没有则执行最小风险机动（MRM，把车制动至完全停止）；转换期内系统按 AD 模式巡航。接管声持续整个转换期（10 s）。从 TOR 到场景结束驾驶员通常驾驶约 30 秒。AR 图形的具体撤销/渐隐规则论文未明确报告。	视觉通道无分级（单级 TOR 消息 + 持续的 AR 高亮）。听觉通道有分级：接管声持续整个 10 s 转换期且被设计为听起来越来越紧急，构成一个渐进升级机制，但升级的具体间隔、级数与频率参数论文未明确报告。另有 MD 细 / AD 粗的线宽分级用于区分驾驶模式（非紧迫度分级）。	被试在三阶段流程中完成：第一阶段（真实车辆，1 小时）驾驶 Mini Cooper 使用自适应巡航控制与传统 HUD 以获得纵向控制交给车辆的经验；第二阶段（CARDS，约 1 小时）熟悉模拟器、高速公路交通、AD 系统、HMI 与游戏并练习 TOR；第三阶段（正式测试）在每个实验条件下各驾驶一次，每次运行持续 11 分钟以让驾驶员在 AD 中完全脱离驾驶任务（玩 Sonic Dash）。运行末尾驾驶员须在收到 TOR 后 10 s 内接管，在 MD 中完成换道并因前方制动车辆而在该车道减速。	被试内设计，3 条件，顺序平衡：MD（全程手动）/ AD without AR（从 AD 转到 MD，使用传统 HUD 上的参考 HMI）/ AD with AR（从 AD 转到 MD，使用 AR）。另有场景因子 3 水平（场景 1/2/3，亦平衡）。招募 36 人，因模拟器病与技术问题最终每个条件有 26 份可用结果；志愿者全部为雷诺男性员工，年龄 24–61 岁（均值 47）。	Hands on (s)（TOR → 手放方向盘）、Press button (s)（TOR → 按下按钮 A）、Pedal pressed (s)（TOR → 首次踩下任一踏板；制动踏板判定阈值施力 > 2 N，油门踏板判定阈值 1%）、Steering > 2° (s)、Indicator (s)（TOR → 激活对应转向灯）、Lane change (s)（TOR → 到达目标车道）、Steering rate (°/s)（最大值与频谱）、踏板下压速度（%/s 与 N/s，首次与最大）、车辆纵向/横向/合成加速度最大值（a_res = √(a_long² + a_lat²)）、换道时距机动极限点的距离 (m)、车辆最大速度 (km/h)、最小车头时距 THW (s)（THW = D_int / v_ego）。眼动测量与口头报告在本文中明确未被处理。统计为 ANOVA（因子含被试、条件、场景、条件×场景交互），α = 0.05，显著主效应做 Bonferroni 校正事后 t 检验。	接管过程：无人进入最小风险机动；无 AR 时全部被试都按了按钮 A，有 AR 时 3 名被试忘记该动作（均在第一次运行中）但因手已在方向盘上而进入 MD；全部被试都踩了制动踏板，3 人（1 无 AR、2 有 AR）未使用油门踏板，油门是最常被首先使用的踏板（无 AR 19 人、有 AR 15 人）。接管时间序列（无 AR vs 有 AR，p 值为 ANOVA 条件因子）：TOR→手放方向盘 M=3.12 s, SD=1.24 vs M=3.13 s, SD=1.42，p=0.645；TOR→按下按钮 A 4.63 s, SD=1.87 vs 5.09 s, SD=2.58，p=0.24；手放方向盘→按按钮 A 1.49 s, SD=1.63 vs 1.44 s, SD=1.36，p=0.262；TOR→首次作用于踏板 7.55 s, SD=4.47 vs 8.95 s, SD=7.83，p=0.301；手放方向盘→首次踩油门 4.63 s, SD=3.18 vs 5.12 s, SD=3.25，p=0.872；手放方向盘→首次踩制动 14.01 s, SD=10.65 vs 11.68 s, SD=9.25，p=0.576——所有反应时均未显示显著影响。与 Lorenz [5] 与 Gold [19] 相比「TOR→手放方向盘」在本研究中更长：约 3.10 s vs [1.39, 1.85] s 与 [1.45, 1.79] s，作者归因于分心手段不同或情境紧急性不同（本文无紧急性）。作者提炼：大多数被试用 1–4 s 把手放到方向盘、2–5 s 按下按钮 A，因此 2 秒代表驾驶员接管驾驶的最短持续时间。H1 与 H2：驾驶员在 AD 后的 MD 中比在 MD 中更早对方向盘施加 >2° 动作（平均 0.9 s vs MD 中 4.8 s），条件影响显著 F(2,23)=15.1, p<.0001；最大转向速率不受条件影响，但转向速率频谱在 AD 后的 MD 中在高频（>1 Hz）具有更多能量。首次作用于油门踏板的时刻 MD 0.3 s 对比 AD 中平均 8 s，F(2,23)=46.7, p<.0001。制动踏板首次动作的时刻与强度不受条件影响；最大动作时刻受影响 F(2,23)=7.88, p=.001（有 AR 25.4 s、无 AR 27.5 s，对比 MD 15.6 s）；条件×场景对制动踏板最大动作强度有影响 F(4,21)=3.14, p=0.024，仅场景 1 中条件有差异——AD 无 AR（1237 N/s）显著高于 MD（654 N/s, p<.0001），AD 有 AR（977 N/s）与两者均相似。最大车速 F(2,23)=7.63, p=.001，MD 96.2 km/h 高于 AD（无 AR 89.3、有 AR 87.6 km/h）。纵向加速度不受影响 F(2,23)=2.51, p=.093；横向加速度不受影响 F(2,23)=0.92, p=.404；合成加速度受轻微影响 F(2,23)=3.74, p=.032，MD 最低 8.0 m/s²、AD 无 AR 最高 8.6 m/s²（事后 p=.009）、AD 有 AR 居中 8.4 m/s²（与两者均无显著差异）。最小 THW 条件间无显著差异：MD 1.97 s、AD 无 AR 1.52 s、AD 有 AR 1.33 s。H3 与 H4：TOR 后实际执行换道的被试比例 MD 50%、AD 无 AR 96%、AD 有 AR 92%。换道时距机动极限点的距离 F(2,23)=3.65, p=.039，有 AR（147 m）显著高于无 AR（86 m），p=.004；按场景看场景 2 差异最大（有 AR 224 m vs 无 AR 89 m），场景 3 差异很小（66 m vs 64 m，因出口尺寸仅 85 m 限制）；置信区间在有 AR 时更大（驾驶员轨迹变异更大）。TOR→激活转向灯 F(2,23)=10.53, p=.001，MD 4.7 s 与 AD 两条件显著不同（p<.0001 与 p=.01），后两者彼此相似；使用转向灯比例 MD 85%、AD 无 AR 76%、AD 有 AR 75%。TOR→换入正确车道 F(2,23)=16.87, p<.0001，条件×场景 F(4,21)=2.93, p=.04；场景 1 无显著差异（平均 14.1 s）；场景 2 AD 无 AR 22.1 s 比 MD 5.6 s 更久（p<.0001）也比 AD 有 AR 12.8 s 更久（p=.001），MD 与 AD 有 AR 无显著差异（p=.064）；场景 3 AD 有 AR 19.6 s 比 MD 10.2 s 更久（p=0.001），AD 无 AR 18.4 s 与 MD（p=.003）及 AD 有 AR（p=.596）。⚠ 与 idx 50（Karatas 2020）在「AR 是否缩短反应时」上直接冲突（本文 AR 对接管全部反应时无显著影响；Karatas 报告 AR-HUD 显著加快行人识别 t(15)=4.825, p=0.0001），边界条件为测量层面不同（运动层面重获控制权 vs 知觉-注意层面首次注视目标）。⚠ 与 Lorenz [5] 在「AR 对轨迹变异性的影响」上明确冲突（作者自己指出）：Lorenz 的建议轨迹型 AR 使驾驶员轨迹彼此更接近，本文的约束包络型 AR 使距机动极限点的距离变异更大。⚠ 与 Merat [2] 的「10 s 最小转换时间」共识存在张力：实测 TOR→首次踩踏板平均已达 7.55–8.95 s（SD 高达 4.47–7.83 s），10 s 应视为下限而非充分值。⚠ 真实车折扣：真实车中 AR 图像常投射于固定距离（如 8 m），叠加仅在 2D 有效，AR 效率可能低于本模拟器结果。	S. Langlois, B. Soualmi	S. Langlois	2016	ITSC 2016	会议 (IF -) / CCF C (ITSC 国际智能交通会议)	全文	强	(Langlois & Soualmi, 2016)	Langlois, S., & Soualmi, B. (2016). Augmented reality versus classical HUD to take over from automated driving: An aid to smooth reactions and to anticipate maneuvers. In *2016 IEEE 19th International Conference on Intelligent Transportation Systems (ITSC)* (pp. 1571–1578). IEEE. https://doi.org/10.1109/itsc.2016.7795767	背景（技术/综述，未直接引用）
52	Effects of Driving Background Complexity and Interface Opacity on Visual Cognition in AR-HUD Systems	双阶段实验方法（dual-phase experimental approach）。实验 I 基于静态驾驶场景图像（static driving scene images）做主观评价 + 客观验证以标定驾驶背景复杂度；实验 II 的刺激是静态图像还是动态视频摘要未明确说明（从 static driving scene images 仅用于实验 I 的表述推断实验 II 可能仍用静态图像，须核验）。道路类型、车速、行人冲突形式、是否有分心任务：摘要全部未报告。AR-HUD 信息类型为文本（text）类信息，而非图形化的碰撞预警标记——这是本篇用于本课题时最重要的边界条件。	摘要未报告色相、RGB/HEX/CIE 坐标或颜色名称。本篇的核心视觉参数是不透明度而非颜色：信息不透明度 10 水平梯度 0.1–1.0（步长 0.1）；结论为不透明度应至少设为 0.6，0.7 为背景免疫阈值。驾驶背景复杂度的客观量化含色彩丰富度（color variety）这一维度，但具体计算方法与阈值摘要未报告。	摘要未报告。逐项核对均缺失：无呈现位置、无空间参照系分类（屏幕固定/世界锁定/目标锁定/仪表/下视显示）、无 FOV、无偏心度、无虚像距离、无文本在界面中的位置。摘要仅说明 AR-HUD 信息为文本（text）类，未给出其呈现区域。	摘要未报告。逐项核对均缺失：文本的字号、字体、颜色、位置全部未报告；无图形形态（边界框/虚拟阴影/箭头/风险区/图标）、无尺寸、无线宽。本篇的研究对象是 AR-HUD 文本信息而非图形化的碰撞预警标记，这是其用于本课题时最根本的边界条件。	摘要未报告。逐项核对均缺失：未说明静态还是动态、未说明是否随距离/TTC/风险等级变化、无闪烁频率、无占空比、无更新率。实验 I 明确使用静态驾驶场景图像（static driving scene images）；实验 II 的刺激是静态图像还是动态视频摘要未明确说明，须全文核验。	摘要未报告。逐项核对均缺失：无 TTC / TTMD / THW 阈值、无距离阈值、无减速度阈值、无事件触发条件、无预警提前期（lead time）、无系统时延。本篇对本课题的时间参数章无直接数值贡献，其价值在空间/视觉参数与场景复杂度量化两方面。	摘要未报告。逐项核对均缺失：无图形/文本持续时长、无「持续到什么条件」的规则、无撤销/渐隐规则、无闪烁周期与占空比。本篇为静态图像下的视觉认知研究，不含时序设计。	摘要未报告，无紧迫度分级设计（无级数、无各级触发点、无级间间隔）。本篇的「分级」指两个自变量的水平划分——驾驶背景复杂度 DBC 的三级（低 L / 中 M / 高 H）与信息不透明度的 10 级梯度（0.1–1.0，步长 0.1），而非预警紧迫度的分层升级。	实验 I：基于静态驾驶场景图像，通过主观评价将驾驶背景复杂度分为低、中、高三级，再对选定图像进行复杂度的客观评估（色彩丰富度、边缘密度、纹理特征三维度）；评价量表、评价者人数、图像数量摘要均未报告。实验 II：从因变量含反应时推断存在某种视觉搜索或识别判断任务，但具体任务内容、任务指导语、反应通道、试次数、平衡方式摘要全部未报告；两个实验的被试数均摘要未报告。	实验 II 为 IV1 = 驾驶背景复杂度 DBC 3 水平（L-DBC / M-DBC / H-DBC，由实验 I 标定）× IV2 = 信息不透明度 10 水平（0.1–1.0，步长 0.1），共 30 个条件（条件数由因子结构推得，摘要未明说）。被试内/被试间设计摘要未明确报告。	① 反应时（reaction time，本篇主指标；起止时点与任务性质摘要未报告，从结论表述判断是对 AR-HUD 界面内信息的识别/判断反应时而非对外部危险的反应时）；② 平均瞳孔直径（mean pupil diameter，认知负荷生理代理，摘要未报告任何结果）；③ AOI 注视时长（AOI fixation duration，摘要未报告任何结果）。DBC 的客观测量为三维度：色彩丰富度、边缘密度、纹理特征（计算方法与分级阈值摘要未报告）。	① DBC 与不透明度存在显著交互（原文「Results revealed significant interactions between DBC and opacity levels」，交互的统计量未报告）。② 反应时与不透明度的关系呈分段（phased）形态，且分段模式随 DBC 而异（原文「Under L-DBC, M-DBC, and H-DBC conditions, the relationship between information opacity and reaction times exhibited different phases」；各段转折点数值除下述两个阈值外未报告）。③ 阈值结论一：为优化视觉认知表现，AR-HUD 不透明度应至少设为 0.6（原文「To optimize visual cognitive performance, AR-HUD opacity should be set at a minimum of 0.6」）。④ 阈值结论二：当不透明度低于 0.7 时，DBC 越大，同一不透明度下的反应时越长（原文「When opacity levels are below 0.7, the greater the DBC, the longer the response time for the same opacity」）——低不透明度区间存在背景复杂度惩罚。⑤ 阈值结论三（最重要的工程结论）：当不透明度高于 0.7 时，无论 DBC 高或低都能获得较快的反应时（原文「When the information opacity is above 0.7, quicker reaction times can be achieved, regardless of whether the DBC is high or low」）——0.7 是一个背景免疫阈值，超过该值后界面可读性不再受背景复杂度影响。⑥ 结论：为在复杂驾驶背景下优化 AR-HUD 文本不透明度提供了设计指南。⚠ 笔记明确列出使用禁令：本篇属证据等级 B，不得用作数值锚点。尽管给出了 0.6 与 0.7 两个明确数值，仍不得将其作为本课题行人预警图形不透明度的数值锚点，原因有三：① 对象是文本非预警图形；② 因变量是界面内识别反应时，与本课题关心的外部危险检测方向相反；③ 摘要未提供被试数与任何统计量。不得写入任何「不透明度 X 时反应时为 Y ms」的条目。⚠ 与 idx 53（Lopez 2025）在「20% 是否可用」上直接冲突（本篇要求至少 0.6，Lopez 报告 20% 与 60% 均支持情境意识），冲突根源为因变量方向相反（界面内可读性 vs 界面外环境感知）、信息类型不同（文本 vs 导航图像）、DBC 是否受控。⚠ 与 idx 48 在最优不透明度上存在方向性张力。⚠ 本篇内部潜在自相矛盾（待核验）：既说「应至少 0.6」，又说「高于 0.7 才不受 DBC 影响」，若 0.6–0.7 区间仍受 DBC 影响则 0.6 这个下限的适用条件不明——这是引用本篇数值时的最大风险点。⚠ 摘要列出三个因变量却只报告了反应时的结果，瞳孔直径与 AOI 注视时长的结果均未在摘要中出现。	Jing Li, Chuchu Wang, Mo Chen	Jing Li	2025	J SID 2025	Q3 (IF 2.0) (显示技术专刊；百分位 44.2%)	仅摘要	中	(Li et al., 2025a)	Li, J., Wang, C., & Chen, M. (2025a). Effects of Driving Background Complexity and Interface Opacity on Visual Cognition in AR‐HUD Systems. *Journal of the Society for Information Display*, *33*(8), 919–936. https://doi.org/10.1002/jsid.2096	实验3、实验4
53	Opacity in car augmented reality head-up displays: users’ preferences, visual attention, and situation awareness	视频观看 + 眼动追踪 + 问卷范式，非闭环驾驶（摘要明确「Videos of driving scenes were created and navigation-related AR-HUD imagery was added at different opacity levels. Twenty-seven participants watched these videos while their eye movements were tracked」）。视频的道路类型、车速、时长、天气/照明摘要全部未报告；行人冲突形式：不适用（材料为导航相关 AR-HUD 图像，非行人预警）；是否有并行的主任务（如危险探测按键）摘要未报告——若无，则被试处于纯被动观看状态。	摘要未报告色相、RGB/HEX/CIE 坐标或颜色名称。本篇核心视觉参数为不透明度：结果段只提及 20% 与 60% 两个具体值（「opacity levels of 20 % and 60 % both support situation awareness」），水平总数摘要未给出——可能是 2 水平，也可能是 3–5 水平而只有这两个被报告为支持 SA。	摘要未报告。逐项核对均缺失：无呈现位置、无空间参照系分类（屏幕固定/世界锁定/目标锁定/仪表/下视显示）、无 FOV、无偏心度、无虚像距离、无与目标的相对位置。摘要仅说明 AR-HUD 图像被「叠加在车外视野之上（superimpose driving information on the outside view）」。	摘要未报告（AR 图像的形态、尺寸、线宽全部未报告；仅知是「navigation-related AR-HUD imagery 导航相关图像」，且图像类型是一个被操纵或至少被分析的因子，但具体有哪几类、各是什么摘要未报告）。	摘要未报告。逐项核对均缺失：未说明静态还是动态、未说明是否随距离/TTC/风险等级变化、无闪烁频率、无占空比、无更新率。材料为驾驶场景视频 + 后期叠加的导航相关 AR-HUD 图像，但图像自身是否含动效摘要未说明。	摘要未报告。逐项核对均缺失：无 TTC / TTMD / THW 阈值、无距离阈值、无减速度阈值、无事件触发条件、无预警提前期（lead time）、无系统时延。摘要完全未报告任何时间类指标，本研究亦未测量任何反应时，故对本课题的时间参数章无任何贡献。	摘要未报告。逐项核对均缺失：无图形持续时长、无「持续到什么条件」的规则、无撤销/渐隐规则、无闪烁周期与占空比。本篇为视频观看范式下的不透明度偏好、视觉注意与情境意识研究，不含时序设计。	摘要未报告，无分级设计（无级数、无各级触发点、无级间间隔）。本篇材料为导航相关 AR-HUD 图像，不含紧迫度升级机制。摘要提及的 20% 与 60% 是不透明度自变量的两个水平取值（水平总数未报告），而非预警的分层等级。	27 名被试观看叠加了不同不透明度水平的导航相关 AR-HUD 图像的驾驶场景视频，同时记录眼动，之后回答关于 AR-HUD 图像不透明度与其情境意识的问题。摘要未报告详细流程、是否有并行主任务、试次数、平衡方式、练习程序；被试内/被试间设计摘要未明确报告（27 名被试观看多段视频强烈提示被试内）。	IV1 = 不透明度水平（摘要未给出完整的水平清单，结果段只提及 20% 与 60% 两个具体值，水平总数不明——这是本篇最关键的方法学未知项）；IV2 = AR-HUD 图像类型（摘要明确「the effects of AR-HUD opacity are different for different types of AR-HUD imagery」，说明图像类型是被操纵或至少被分析的因子，但具体类别摘要未报告）。	① 主观意见/偏好（通过问卷，测量工具与题目摘要未报告）；② 视觉注意（眼动指标，具体指标名称摘要未报告；从「opacity affects how people look at and perceive the roadside environment」推断至少包含对路侧环境的注视指标）；③ 情境意识 SA（通过问卷，测量方法摘要未报告——是 SAGAT 冻结探测、SART 自评还是自制问题未说明）。本研究未测量任何反应时或绩效终点指标。	摘要给出的全部结果四条，全部为定性且用「Results suggest」这一保留措辞：① 驾驶员对 AR-HUD 不透明度态度矛盾（ambivalent），即没有一致的主观偏好——这是一个重要的零/混合结果，说明不能靠用户偏好来定不透明度参数。② 不透明度影响人们如何注视与感知路侧环境（「opacity affects how people look at and perceive the roadside environment」），但方向与数值摘要未报告——摘要只说有影响，未说是高不透明度减少还是增加对路侧的注视，这是本篇最遗憾的信息缺失。③ 20% 与 60% 两个不透明度水平均支持情境意识（「opacity levels of 20 % and 60 % both support situation awareness」）；措辞「both support」暗示这两个水平被单独挑出来作为可用的，可能存在其他被检验但不支持 SA 的水平。④ 不透明度的效应因 AR-HUD 图像类型而异（「the effects of AR-HUD opacity are different for different types of AR-HUD imagery」）——这是本篇最重要的边界条件性结论。⑤ 作者自身的结论是保留的：摘要末句「Thus, AR-HUD opacity levels need to be further investigated to maximize driving safety」——作者明确表示不透明度水平仍需进一步研究，未给出确定性建议。⚠ 笔记明确列出使用禁令：本篇属证据等级 B，不得用作数值锚点。允许转录「20% 与 60% 均支持情境意识」，但必须附带三重边界（导航图像 / 视频观看范式 / SA 为因变量、未测反应时），并必须同时引用 idx 52 的「至少 0.6」这一冲突结论否则构成选择性引用；禁止给出任何眼动数值、SA 得分、统计量；禁止推断不透明度对路侧注视的效应方向（摘要未报告）；禁止声称「低不透明度优于高不透明度」（摘要只说两者都支持 SA，未做优劣比较）；禁止把 20%/60% 用作行人预警图形的不透明度依据。⚠ 与 idx 52（Li 2025）在「20% 是否可用」上直接冲突（20% 与「至少 60%」直接冲突），三条可能原因：因变量方向相反、信息类型不同（文本 vs 导航图像）、背景复杂度是否受控。⚠ 与 idx 48 在低不透明度上部分冲突（48 的 T0.35 未被推荐，本篇 20% 比 T0.35 更低却被认为可用）；需明确指出 SA 与 IB 是两个不可互换的指标——维持 SA 不等于不发生 IB。⚠ 与 idx 33（Cheng 2022）在「用户偏好能否指导设计」上存在张力。⚠ 摘要未报告不透明度水平的完整清单、图像类型清单、任何眼动指标名称与数值、SA 的测量方法与得分、任何统计量、注意效应的方向、被试的人口学特征。	Juan Camilo Lopez, Nadine Marie Moacdieh	Juan Camilo Lopez	2025	Applied Ergonomics 2025	Q2 (IF 3.5) (人因工程权威期刊；百分位 70.4%，未过 Q1 线)	仅摘要	中	(Lopez & Moacdieh, 2025)	Lopez, J. C., & Moacdieh, N. M. (2025). Opacity in car augmented reality head-up displays: users’ preferences, visual attention, and situation awareness. *Applied Ergonomics*, *129*, 104610. https://doi.org/10.1016/j.apergo.2025.104610	实验3、实验4
54	Augmented Reality Interface Design Approaches for Goal-directed and Stimulus-driven Driving Tasks	真实道路（on-road）户外停车场测试床实验，测试车为 2009 款 Honda Odyssey 配本田研究院提供的体积式 HUD。停车场约 100 米 × 110 米封闭区域，宽度足以让被试在 10 mph 下体验至少 10 秒的直线驾驶；被指示车速 10 mph（≈16 km/h ≈ 4.47 m/s），偏离 10 ± 2 mph 超过 5 秒即口头提醒。事件区左右两侧各 9 个停车位，其中各 3 个停有颜色相同的货车（共 6 辆）。研究 1 为目标导向导航任务；研究 2 为刺激驱动的行人碰撞任务——行人演员从停放的货车后走出并面向道路，其方式表明即将穿越到车辆路径中（实际未走进交叉路径），属遮挡后横穿（每辆货车尾部悬挂黑布以防被试在行人步出前看到其双脚）。光照约 1000–2000 lux 有用日光照度。无附加分心副任务。	研究 1（导航）：蓝色（screen-fixed 静态蓝色转向箭头、conformal 蓝色路面箭头、compass 内的蓝色导航箭头、pathway 的动画蓝色箭头）。研究 2（行人）：黄色（screen-fixed 静态黄色行人符号、compass 内的黄色行人标志）；conformal 的行人穿越路牌与 pathway 的动画行人符号颜色未明确报告。论文未明确报告 RGB/HEX/CIE 坐标与透明度 α 值。	四种设计路径按 2×2 分类（行为：固定/动画 × 参照系：屏幕中心/世界中心）：Screen-fixed（固定于 HUD 位置，不附着场景对象）；Conformal（世界固定，知觉上锚定于真实对象旁）；Compass（虚拟附着于被试车辆、位于前视场约 8 米处的扁平圆形区域）；Pathway（世界动画）。体积式 HUD 光学参数：基于投影的扫掠体积（swept-volume）技术，在 8 m 到无穷（0.125D ~ 0D）的焦距范围内使用快速切换图像平面，在约 17° 圆形视场角（about 17° circular field of view）内提供无闪烁外观。背景引用值：当前商用 HUD FOV 6–15 度；中央凹 5 度半径内的符号往往被驾驶员认为烦人且总体无效；HUD 一般应放置在驾驶员正前方（方向盘后）或方向盘右侧第三区且不超过驾驶员视线下方 30 度；固定焦平面短焦深（如 3 m）会增加注意切换成本。眼动仪 SMI ETG 追踪范围 80° × 60°，30 Hz。	研究 1（导航）：Screen-fixed = 静态蓝色转向箭头 + 剩余距离的动态计数器；Conformal = 涂绘在路面上的蓝色转向箭头；Compass = 前视场约 8 米处的扁平圆形区域内含蓝色导航箭头；Pathway = 跨地面移动并指向目标停车位的动画蓝色箭头。研究 2（行人）：Screen-fixed = 静态黄色行人符号 + 到行人剩余距离的动态计数器；Conformal = 行人穿越路牌（pedestrian crossing signpost）；Compass = 同样的扁平圆形区域内含黄色行人标志；Pathway = 模拟真实行人预测路径进入街道的动画虚拟行人符号。具体像素/角度尺寸与线宽论文未明确报告。形态规则：平面 AR 图形若呈现为垂直于驾驶员视线将更显著；在远处平铺于地平线上的平面贴合图形应当避免；推荐近处贴合线索近乎平贴地面、远处线索直立。	两种静态 + 两种动态。Screen-fixed 与 Conformal 为固定（fixed）；Compass 为屏幕-动画——内部符号随自车相对目标位置的变化而动态定向（rotate），具体旋转速率未报告；Pathway 为世界-动画——跨地面移动的动画箭头（导航）/ 模拟行人预测路径进入街道的动画行人符号（行人），具体动画速度与周期未报告。Screen-fixed 含动态距离计数器（更新频率未报告）。闪烁频率与占空比论文明确声明未探索（「排除了与显著性相关的动画，如图形闪烁或淡入淡出」）。GPS 采样约 20 Hz，眼动 30 Hz，峰值减速度用 5 个样本的移动平均滤波器。	研究 2（行人）三个紧迫度水平基于文献中确立的 TTC 度量：高紧迫度（high urgency）≈ 2 s TTC、中紧迫度（medium urgency）≈ 3 s TTC、低紧迫度（low urgency）≈ 4 s TTC；在被指示的 10 mph 车速下，所得 TTC 换算为距目标行人约 9 m、13.5 m、18 m。研究 1（导航）三个距离 9 m、13.5 m、18 m（near/medium/far），定义为 AR 图形出现（onset）时与目标停车位位置之间的距离。行人演员触发含约 0.5 秒的提前量（approximate 0.5 second lead time）用于补偿演员反应时间；使用 0.5 m 容差的触发映射（在约 20 Hz GPS 采样率下）。	论文未明确报告 AR 图形的持续显示时长（研究 1 中图形持续至被试给出口头回答；研究 2 中持续至制动完成，但均未给出秒数）。作者在结论中明确承认排除了「时间依赖性（temporal dependencies）」这一维度——即「基于任务完成的线索持续时长」vs「预定的呈现持续时长」——正是本课题需要的时间参数，本文明确留为空白。撤销/渐隐规则论文未明确报告。	无分级升级机制。单级、单次呈现，论文未报告级数、级间间隔与升级规则。紧迫度（高 ≈ 2 s TTC / 中 ≈ 3 s / 低 ≈ 4 s TTC，对应 9 / 13.5 / 18 m）是被试内自变量的三个水平，即不同试验采用不同紧迫度，而非同一次事件中随 TTC 递减而逐级升级。作者在结论中明确承认排除了与显著性相关的动画（如闪烁、淡入淡出）这一可用于分级编码的维度。	两项研究使用同一批 24 名驾驶员（17 男、7 女，18–40 岁，均值 27.35 岁；视力完好或矫正后完好、至少 2 年驾驶经验）。研究 1（目标导向导航）：被试绕停车场循环行驶，进入事件区时出现导航图形，用它定位随机指定的目标停车位，一旦有信心即口头念出该停车位编号，被指示在不损失准确性前提下尽快定位。研究 2（刺激驱动行人碰撞）：被试像平常那样驾驶并使用 HUD 图形对任何突发事件做出反应；周期性地经历行人事件——行人演员从停放货车后走出面向道路，同时 HUD 显示行人警报 AR 图形，被试需制动以避免理论碰撞（Wizard of Oz 技术同步，GPS 触发视觉警告并通过无线电向演员发信号）。每次试验后填 5 项 7 点 Likert 主观问卷。练习驾驶至舒适为止，之后佩戴眼动眼镜并校准。	两项研究均为二因素被试内重复测量实验，采用 4×3 嵌套平衡设计（nested counterbalanced design）：IV1 = AR 图形设计路径 4 水平（Screen-fixed / Conformal / Compass / Pathway）；IV2 研究 1 = 到目标停车位距离 3 水平（9 / 13.5 / 18 m，near/medium/far）；IV2 研究 2 = 紧迫度 3 水平（高 ≈ 2 s TTC / 中 ≈ 3 s / 低 ≈ 4 s TTC，对应 9 / 13.5 / 18 m）。	研究 1：口头反应时（AR 图形出现到被试给出口头回答）、口头反应准确度（带符号定位误差，以距正确目标停车位的车位个数计，正为高估、负为低估）、眼动 FG（AR 图形出现到注视该 AR 图形，注意捕获度量）、GT（注视 AR 图形到注视目标停车位，注意引导度量）、FT（AR 图形出现到注视目标 = FG + GT）、主观 5 项 7 点 Likert。研究 2：Time to stop（行人演员开始步入道路且 AR 图形同时出现的瞬间到被试车速度达零静止的时间差）、Vehicle stop gap（被试停下的测试车位置与行人演员之间剩余的纵向距离，m）、制动期间峰值减速度（m/s²，用于计入后方碰撞风险）、FG/GT/FT、主观 5 项。统计为双因素重复测量 ANOVA + Tukey 校正事后对比；主观数据非正态用 Friedman 检验，研究 2 事后用 Wilcoxon 符号秩；缺失数据用 Satterthwaite 近似。	研究 1 口头反应时：界面主效应 F(3,51)=4.755, p=0.005；距离主效应 F(2,32)=8.793, p<0.001；无交互。事后：compass 长于 conformal（t(49)=3.264, p=0.010）与 pathway（t(50)=3.270, p=0.010）；近距离 compass 比 conformal（p=0.008）与 pathway（p=0.008）更长，中距离 compass 比 conformal 更长（p=0.026），远距离各类型无显著差异。口头反应准确度：AR 图形主效应 F(3,51)=10.246, p<0.001；距离主效应 F(2,35)=41.861, p<0.001；交互 F(6,99)=5.340, p<0.001。事后：screen-fixed 比 conformal（t(52)=5.378, p<0.001）与 pathway（t(53)=4.149, p<0.001）被更多地高估；compass 相比 conformal 被一贯地高估（t(50)=3.390, p=0.007）；95% CI 显示 conformal 在中距离被最严重地低估（−1.05 个车位 [−1.65, −0.46]）与远距离（−1.5 个车位 [−2.09, −0.91]）；所有图形类型在远距离都趋向低估。眼动 FG：AR 图形主效应 F(3,6)=3.218, p=0.024，距离无主效应；conformal 被注视得比 screen-fixed 更慢（t(53)=3.022, p=0.019）。GT：图形类型 F(3,98)=5.4956, p=0.001；距离 F(2,61)=5.139, p=0.007；被试能比从 compass（t(176)=3.904, p<.001）与 pathway（t(177)=2.805, p=.028）更快地把注视从 conformal 转移到目标。FT：AR 图形 F(3,102)=5.580, p=0.001；距离 F(2,64)=5.254, p=0.006；compass 比 screen-fixed（t(179)=2.759, p=0.032）与 conformal（t(177)=3.453, p=0.003）更长；远距离 pathway 比 screen-fixed（p=0.013）与 conformal（p=0.058）更长。主观：Friedman 未发现 AR 图形主效应。核心洞见：screen-fixed 与 world-fixed conformal 在定位目标的总时间（FT）上无显著差异，但支持任务的方式非常不同——屏幕固定线索快速捕获注意但引导缓慢，世界固定贴合线索捕获缓慢但引导迅速。研究 2 Time to stop：紧迫度主效应 F(2,34)=28.818, p<0.001，AR 图形无主效应亦无交互；事后仅中紧迫度下 pathway 显著快于 screen-fixed（p=0.013）；停车时间随紧迫度增加而减小。Vehicle stop gap：图形类型主效应 F(3,151)=334.06, p<0.001；距离主效应 F(2,34)=58.020, p<0.001；无交互；停车间隙随紧迫度而减小且在所有图形类型间相似，唯 compass 例外——其停车间隙显著短于其他所有 AR 图形（所有成对比较 p<0.001）；特别值得注意：在高紧迫度情境下 compass 图形关联到负的停车间隙（negative stop gaps），意味着行人碰撞可能已经发生，即被试平均停在了行人之外。峰值减速度：紧迫度主效应 F(2,34)=31.631, p<0.001；未发现 AR 界面主效应。注视行为关键零结果：FG、GT、FT 三个测量上均未发现 AR 图形类型或紧迫度的显著差异，作者归因于单个行人在空旷场景中产生的弹出效应（pop-out effect）。主观 Friedman：快速捕获注意 χ²(3, N=239)=12.304, p<.01；对情境紧迫性做出反应 χ²(3, N=239)=11.801, p<.01；预测对象的未来运动 χ²(3, N=239)=8.012, p<.05。Wilcoxon 事后：快速捕获注意上 conformal 低于 screen-fixed（p=0.034）与 compass（p=0.043）；对情境紧迫性做出反应上 conformal 低于 screen-fixed（p=0.015）与 pathway（p=0.038）；预测对象未来运动上 pathway 高于 conformal（p=0.002）、screen-fixed（p=0.031）与 compass（p=0.030）；总体 conformal 评分普遍比其他图形差。关键 FOV 发现：用于提示高度紧迫（近距）行人的世界固定贴合 AR 图形常常快速出现随后即移出 AR-HUD 视场的左/右边缘——由于从侧面进入道路的邻近行人按定义位于车辆左右两侧，鉴于当前 HUD 有限的水平 FOV，贴合地标注这些行人是困难甚至不可能的。⚠ 研究 1 讨论段落存在一处明显文字错误：「the world-fixed cue is quick to capture attention but slow to guide, whereas the world-fixed conformal cue is slow to capture but quick to guide」——按 Figure 5 结果与上下文前半句应为 screen-fixed，引用时须以结果数据为准。⚠ 正文未报告任何反应时/停车时间/注视时间的具体数值均值与标准差（全部只给 F 值、p 值与图形），严重限制与其他文献的直接数值比较与元分析纳入。⚠ 与 idx 50（Karatas 2020）在「AR 贴合线索能否加快行人识别」上直接冲突（本文 FG/GT/FT 全部零结果 vs Karatas t(15)=4.825, p=0.0001），边界条件为目标自身显著性（Karatas 刻意布置竞争性视觉杂乱 + 低可见度 + 静止行人）；作者自己也明确警告该建议难以推广到孤立单个行人用例之外。⚠ 车速极低（10 mph ≈ 16 km/h），9/13.5/18 m 的距离值不可直接迁移到更高车速，须按 TTC 而非距离迁移。⚠ 两项研究使用完全相同的 24 名被试且研究 1 在前，可能存在跨研究学习/迁移效应。	Coleman Merenda, Hyungil Kim, Kyle Tanous	Coleman Merenda	2018	TVCG 2018	Q1 (IF 6.8) / CCF A (可视化和计算机图形学顶刊；百分位 92.2%)	全文	强	(Merenda et al., 2018)	Merenda, C., Kim, H., Tanous, K., Gabbard, J. L., Feichtl, B., Misu, T., & Suga, C. (2018). Augmented Reality Interface Design Approaches for Goal-directed and Stimulus-driven Driving Tasks. *IEEE Transactions on Visualization and Computer Graphics*, *24*(11), 2875–2885. https://doi.org/10.1109/tvcg.2018.2868531	背景（技术/综述，未直接引用）
55	Attentional differences in driving judgments for country and city scenes: Semantic congruency in inattentional blindness	静态图片观看范式（非模拟器、非实车、非视频）。刺激为从驾驶员视角拍摄的城市/乡村道路照片（Adobe Photoshop Elements 添加元素、移除原有行人），显示于 100 cm × 50 cm 大屏 LG 显示器，场景占屏幕 80%，被试距屏约 1 m（作者说明这与真实驾驶中驾驶员到风挡的平均距离一致）。每张照片呈现 2 s。行人冲突形式：意外刺激为静态置于照片右侧的商务人士或袋鼠（无横穿运动、无遮挡操纵）。车速不适用（静态照片）。主任务为安全/不安全判断 + 口头说明理由，构成注意负荷但无独立分心副任务。	意外刺激颜色仅描述为「棕色」（棕色袋鼠、棕色外套商务人士），已通过预实验对尺寸与颜色作视觉匹配。论文未涉及 AR 图形的颜色编码、RGB/HEX/CIE 坐标、分级配色或透明度。	意外刺激位于照片右侧，距场景中心点约 12.9° 视角（VA）偏心；在照片呈现的全部 2 s 内持续存在。显示几何：100 cm × 50 cm 屏、场景占 80%、观察距离约 1 m。本研究不含 HUD 图形，故无空间参照系（screen-fixed / world-locked）操纵；无 FOV、无虚像距离。US 仅置于单侧（右侧），未对称平衡，论文未检验左右差异。	意外刺激为真实物体图像而非图形符号：棕色袋鼠约 2.9° × 4.2° 视角（VA）；棕色外套商务人士约 4.5° × 1.7° VA（原文如此，横纵比与袋鼠相反，疑为宽×高与高×宽标注不一致，笔记原样转录）。无边界框、箭头、风险区等图形元素，无线宽参数。	静态。意外刺激（棕色袋鼠或棕色外套商务人士）在照片呈现的全部 2 s 内持续静态存在，不随距离、TTC 或风险等级变化形态、尺寸或颜色。论文未涉及闪烁频率、占空比或更新率；刺激为静态照片而非动态视频，故无运动线索、无光流、无逼近率信息。	无预警设计。唯一时间参数为刺激呈现时长 2 s（US 在 2 s 内全程可见）；关键试次为第 9 试次。论文未报告 TTC / TTMD / THW 阈值、距离阈值、减速度阈值或预警提前期。笔记转引的相关时间常数：场景语义提取仅需约 125 ms（Potter, 1975；Biederman et al., 1982 的单次注视模拟），为转引非本文实测。	不适用于预警（本研究无预警图形）。相关时间参数：每张照片呈现 2 s，意外刺激在这 2 s 内全程可见；刺激呈现后接由随机黑线构成的掩蔽（mask），每个试次前有灰屏 + 中央注视十字。无撤销/渐隐规则，论文未测量反应时。	无。本研究不含任何预警图形，故无分级设计——无级数、无各级触发点、无级间间隔。本研究操纵的是场景环境（城市/乡村）与意外刺激的语义一致性（袋鼠/商务人士），属注意集与无意视盲的心理学操纵，而非预警紧迫度分级。	88 名本科生（43% 女性，M_age = 22 岁，SD = 4.5）观看共 10 个试次的驾驶场景照片，每张呈现 2 s，每张后判断该情境「安全（按 1）/ 不安全（按 2）」并向实验者口头简要说明理由（控制试次均被设计为安全性有一定歧义以确保被试必须注意画面）。试次结构：前 3 个练习 + 5 个控制试次（随机顺序）+ 第 9 试次为关键试次（含 US）+ 关键试次后再插 1 个标准控制试次 + 第 11 试次为全注意试次（含 US）。关键试次后开放追问「除了（汽车、路牌、树、房屋 / 汽车、树、建筑、交通灯）之外，你是否注意到任何其他东西」，检出者需描述并指出位置，随后给出含 6 个形状的强制选择表（骑车人、商务人士、袋鼠、马、农夫、购物者）；未检出者被告知上一试次多了一个物体须从 6 项中猜一个。最后填写驾驶经验与人口学问卷。	2（环境：城市 vs 乡村）× 2（意外刺激：袋鼠 vs 商务人士）被试间设计，得四个条件：Country/Kangaroo（一致）、Country/Businessman（不一致）、City/Businessman（一致）、City/Kangaroo（不一致）。	① 是否检出 US（无意视盲二分类，主要 DV）；② 强制选择识别（内隐加工/选项偏好检验）；③ 驾龄（年，作为 logistic 回归预测变量）；④ TotalUnsafe（10 次安全判断中判为不安全的次数 0–10，作为判断风格/警觉倾向代理变量）。统计为 Pearson χ²、logistic 回归、独立样本 t 检验。论文未测量反应时。	总体 Road-Task × IB 交互 χ²(3, N = 95) = 7.56, p = 0.056（边缘显著）。四条件的 US 检出率：City/Businessman（一致）33%；City/Kangaroo（不一致）12%；Country/Kangaroo（一致）48%；Country/Businessman（不一致）42%。城市条件内检出 × 一致性交互 χ²(1, N = 48) = 3.0, p = 0.07（边缘显著）——一致的商务人士 33% 比不一致的袋鼠 12% 更易被看见；乡村条件内一致性效应不显著（48% vs 42%）。城市 vs 乡村（合并一致性）χ²(1, N = 95) = 5.036, p < 0.05——城市场景的 IB 率显著高于乡村场景。由于 77% 的被试主要在城市驾驶（乡村仅 3%，两者相当 18%），作者重构解释为「城市/乡村」实际上可能是「熟悉/不熟悉」驾驶环境的代理变量。驾驶经验：城市条件 logistic 回归正确分类 96% 的未检出者、36% 的检出者，总正确率 81.4%；驾龄显著预测 IB，B = 0.197, S.E. = 0.092, Wald χ² = 4.6, df = 1, OR = 1.217, p = 0.032；χ² 分析驾龄少者显著更不易看见 US，χ²(1, N = 43) = 11.2, p < 0.002；检出者（N = 11）平均驾龄 7.3 年（SD = 4.7），未检出者（N = 32）平均 3.8 年（SD = 3.6），t(41) = −2.3, p = 0.04（边缘显著且受 3 倍样本不平衡影响）。乡村条件驾龄不显著：B = −0.072, S.E. = 0.098, Wald χ² = 0.54, df = 1, OR = 0.93, p = 0.462；检出者（N = 19）平均 2.7 年（SD = 1.6），未检出者（N = 20）平均 3.5 年（SD = 5.4）。判断风格 TotalUnsafe：城市条件不显著（β = 0.142, S.E. = 0.228, Wald χ² = 0.388, df = 1, OR = 1.15, p = 0.533）；乡村条件显著（β = 0.725, S.E. = 0.275, Wald χ² = 6.97, df = 1, OR = 2.065, p = 0.008），模型正确分类 85% 未检出者、38% 检出者，总正确率 63.8%；χ² 分析倾向判「安全」者显著更不易看见 US，χ²(1, N = 47) = 9.26, p = 0.002。强制选择表结果：未报告看见 US 的被试显著更倾向选「骑车人」，其次商务人士、再次购物者，χ²(3, N = 64) = 40.5, p < 0.001——存在明显选项偏好，故不支持内隐加工的解释。各条件描述统计无差异：性别女性比 57%/60%/54%/59%（p = 0.97）；年龄 21.9(4.8)/21.4(5.02)/22(3.9)/23(4.6)（p = 0.65）；驾龄 2.85(1.6)/3.4(5.5)/4(4.2)/4.8(3.9)（p = 0.43）；典型驾驶环境（p = 0.54）。⚠ Table 1 的「典型驾驶环境」列标签与正文（77% 城市驾驶、3% 乡村、18% 两者相当）明显不一致，疑为排版时列标签错位，笔记以正文为准。⚠ 正文与图中出现的 N 值不一致（χ² 分析中 N = 95、N = 43、N = 47、N = 48、N = 64，而最终样本为 88），论文未解释，笔记原样转录。⚠ 「熟悉度」是事后（post hoc）解释：城市/乡村是在看到 77% 被试主要城市驾驶后才被重构为「熟悉/不熟悉」的。⚠ 与 idx 44（Chen et al. 2019）在驾驶经验方向上存在重要冲突：本文（城市/熟悉场景）报告熟练驾驶员 IB 更少、检出更好（OR = 1.217/年, p = 0.032），Chen 报告在行人意图判定任务上新手的敏感性 d′ 显著更高（1.960 vs 1.535, p = 0.015）、熟练者虚警率更高（0.43 vs 0.30, p = 0.029）；边界条件为两者测的是情境意识的不同层级（探测 vs 意图识别判别力），不构成真正矛盾但写规范时必须分层表述。	Kristen Pammer, Caroline Blink	Kristen Pammer	2013	AAP 2013	Q1 (IF 7.4) (交通安全领域权威期刊)	全文	中	(Pammer & Blink, 2013)	Pammer, K., & Blink, C. (2013). Attentional differences in driving judgments for country and city scenes: Semantic congruency in inattentional blindness. *Accident Analysis & Prevention*, *50*, 955–963. https://doi.org/10.1016/j.aap.2012.07.026	背景（技术/综述，未直接引用）
56	Efficient Information Representation Method for Driver-Centered AR-HUD System	3DOF（三自由度）运动式高保真驾驶模拟器（力反馈 + 丰富 3D 音频环境），前、左、右三通道显示器提供 130° × 40° 全尺度视场角；图形由 SCANNeR 软件在 1024 × 768 分辨率下以 60 Hz 帧率生成；车辆数据（位置、运动、速度、加速度、RPM、制动、转向）以 50 Hz 采集。实验驾驶路线基于 3D 图形场景数据库中的一条真实道路规划，共设计 50 个事件覆盖 4 种路线类型；A 路线同时包含一条 80 km/h 的车行道（roadway）与一条人行道（footpath），从 E1 起至 E16 止，其中 E4、E9、E10、E15 是同一事件类型即行人警告信息（pedestrian warning information）。系统设计目标包含不利天气（雨、雾、阴、雪）与夜间的不可见情境。无附加分心副任务。	论文未明确报告任何颜色。逐项核对均缺失：无 RGB/HEX/CIE 坐标、无颜色名称、无分级配色方案、无透明度 α 值、无亮度或对比度参数。Table 1 仅给出六类信息的形态（箭头/矩形）与位置（上方/下方/头部位置），完全未涉及色彩编码。	透视式（see-through）HUD，采用「交互式设计（interactive design）」；具体虚像距离、焦平面数量与投影平面深度论文未明确报告；HUD 本身的 FOV 论文未明确报告（130° × 40° 为驾驶模拟器三通道显示器的视场角）。参照系为驾驶员视点自适应的世界锁定配准：驾驶员视线追踪模块用安装在显示壳体设备上的摄像头检测头部位置、估计视线、计算视点，配准模块把整合的 3D 数据变换为驾驶员所见真实世界的坐标；关键简化假设为「驾驶员的眼睛与其头部朝向同一方向」，是配准精度的潜在误差源。眼动系统 faceLAB 4.6 安装在仿真车辆的仪表板（dashboard）上。图形的角度位置或距离论文未明确报告，仅有 Table 1 中「upper（上方）」「under（下方）」「at head position（位于头部位置）」这类定性描述。	六类信息的 3D 可视化形态（Table 1）：Route（路线）= short upper arrow（短的上方箭头）；Vehicle（车辆）= rectangle（矩形）；Pedestrian（行人）= arrow at head position（位于行人头部位置的箭头）；Lane Change（换道）= under arrow（下方箭头）；POI（兴趣点）= rectangle（矩形）；Traffic Sign（交通标志）= rectangle（矩形）。即「人用指向式、物用包围式」的形态分工，路线用上方箭头、换道用下方箭头的上下空间分工。尺寸数值论文未明确报告（「short（短的）」为唯一的定性尺寸修饰）；无线宽参数。	论文未明确报告任何动效参数（无静态/动态说明、无闪烁频率、无占空比、无幅度）。可提供的时间相关参数均为设备/采集参数而非设计参数：图形帧率 60 Hz（1024 × 768 分辨率下）、车辆数据采样率 50 Hz。3D 对象识别模块含白天/夜间分工（白天由立体图像 + HOG-SVM 检测并提供距离；夜间由夜视 + 雷达融合追踪超出视觉范围的障碍物），隐含一个条件依赖的传感策略切换，但无具体切换阈值。	论文未明确报告（无 TTC / TTMD / THW 阈值、无距离阈值、无减速度阈值、无触发距离或触发时间）。论文给出了事件在路线上的编号与顺序（E1–E16 等）与路线示意图，但未给出任何图形相对于目标的触发距离或触发时间。	论文未明确报告。逐项核对均缺失：无图形持续时长、无「持续到什么条件」的规则、无撤销/渐隐规则、无闪烁周期与占空比。论文给出了事件在路线上的编号与顺序（E1–E16 等），但未给出任何图形的呈现起止时刻或驻留时长。	论文未明确报告，无紧迫度分级设计（无级数、无各级触发点、无级间间隔）。六类信息之间是否有优先级或时序编排，Table 1 亦未涉及。本文的分类维度是「信息类型」（Route / Vehicle / Pedestrian / Lane Change / POI / Traffic Sign）与「表征形式」（非表征 vs 3D 可视化），而非风险等级分层。	30 名被试针对 AR-HUD 系统中提供的每一种信息类型从起点驾驶车内模拟器到目的地，顺序为平衡（counter balanced）；被试被鼓励遵守以下准则：遵守交通信号、维持路牌所示限速、避免与其他车辆或行人碰撞。共设计 50 个事件覆盖 4 种路线类型，为执行每个事件所有被试沿同一路径驾驶若干不同次数。注意：本文明确声明结果将在未来分析，未报告任何实验结果数据——第四节写明「为证明该表征的适宜性，我们也描述了实验设计。该实验的结果将在未来支持 AR-HUD 系统的有效性与有用性……为此，我们将根据本文所述实验设计进一步分析三种不同方法」。	信息表征形式：每类信息设置一对「非表征（non-representation，Default）vs 3D 可视化」的对照，覆盖六类信息（Route / Vehicle / Pedestrian / Lane Change / POI / Traffic Sign），用成对比较（pairwise comparison）分析。注意 Route 类型的对照为「仅音频（only audio）」vs「3D 可视化」，属跨模态对比而非同模态对比，与其余五类不同质。	车辆数据（速度、方向盘转角、油门与制动踏板角度、车辆位置与运动，50 Hz）；眼动数据（头部位置与朝向、注视朝向 gaze orientation、注视区域 gazing region、注视时长 fixation time、PERCLOSE，由 faceLAB 4.6 采集）；视频数据（用于数据验证）；主观评估（多选题问卷与 RSME 主观努力评定量表，测量主观满意度、偏好与认知工作负荷）；另有假设中提及的「驾驶员认知反应率（driver cognitive reaction rate）」与摘要提及的「情境驾驶员意识（situational driver awareness）」，但两者均无操作化定义、无单位、无计算方法。计划的三种分析方法：配对 t 检验（非表征 vs 3D 可视化）、图形分析（30 名被试的平均分布）、问卷测量主观偏好与认知负荷。	论文未报告任何实验结果。本文实际交付的内容为：① 一套完整的驾驶员中心 AR-HUD 系统架构（5 模块：车辆位置估计（GPS + IMU + 改进卡尔曼滤波器 + 3D 地图 DB）、3D 对象识别（立体图像检测地平面障碍物 + HOG-SVM 分类为行人或车辆并在白天提供距离；夜间用夜视与雷达融合）、驾驶员视线追踪、配准、投影与显示）；② 一个明确的假设——每类信息所用的表征方法因信息的特征而不同，需要研究一种允许更快识别且易于理解的表征类型；③ 六类信息的分类与各自的「非表征 vs 3D 可视化」对照表征形式（行人 = 位于头部位置的箭头，车辆/POI/交通标志 = 矩形，路线 = 短的上方箭头，换道 = 下方箭头）；④ 一套完整的实验设计（30 名被试、4 条路线、50 个事件、3DOF 高保真模拟器、130° × 40° 视场、1024 × 768 @ 60 Hz、车辆数据 50 Hz、faceLAB 4.6 眼动、RSME）；⑤ 计划的三种分析方法。⚠ 本文是一篇「系统 + 实验设计」论文，无任何实证结果，因此不能作为任何设计参数的经验证据引用，只能作为信息分类框架与系统架构参考；在论文中引用时必须避免暗示本文提供了实证支持。⚠ 摘要与正文不一致：摘要以过去时写道「测量了情境驾驶员意识」「追踪了眼动」「用 RSME 评估了主观负荷」暗示实验已完成，但正文第四节明确表示结果将在未来分析——引用时须以正文为准并明确标注「未报告结果」。⚠ 关键指标缺乏操作化定义：driver cognitive reaction rate 与 situational driver awareness 均无定义、无单位、无计算方法。⚠ Table 1 的实验条件配对存在设计隐患：各类信息的「非表征」与「3D 可视化」条件被分配到不同的事件编号、有时甚至不同的路线，导致对照条件之间的道路几何、交通密度、驾驶阶段（疲劳水平）均不匹配，构成严重的混淆变量；B 路线出现「E6.5」这一非整数事件编号，暗示实验设计在事件编排上可能有临时调整。⚠ 与 idx 41（Bolton 2015）在「箭头 vs 方框」上存在潜在冲突：本文对行人使用箭头，而 41 的实证结果明确显示方框显著优于箭头（LB 5.01 s / 95.8% vs LA 5.62 s / 92.7%，偏好上 LB 显著优于 LA, p < .05），原因是箭头指向哪个对象难以判断、深度感知线索有限。⚠ PERCLOSE 的拼写：通篇写作「PERCLOSE」，标准术语为 PERCLOS。⚠ 驾驶员视线追踪的核心假设过强（假定驾驶员的眼睛与其头部朝向同一方向），在实际驾驶中会引入显著配准误差，尤其对外周区域的行人标注。	Hyesun Park, Kyong-ho Kim	Hyesun Park	2013	Springer LNCS 2013	会议论文集 (IF -) (Springer LNCS)	全文	弱	(Park & Kim, 2013)	Park, H., & Kim, K. H. (2013). Efficient Information Representation Method for Driver-Centered AR-HUD System. In *Lecture Notes in Computer Science* (pp. 393–400). Springer Berlin Heidelberg. https://doi.org/10.1007/978-3-642-39238-2_43	背景（技术/综述，未直接引用）
57	A Comparison of Display Concepts for a Navigation System in an Automotive Contact Analog Head-up Display	视频叠加式 AR mock-up 装置（非驾驶模拟器、非实车）：投影屏置于 cHUD mock-up 前方 10 m，播放真实驾驶场景的视频录像（1280×960 px），虚像叠加其上。路线约 600 m，经过一个交通稀少的住宅区；被试不主动驾驶、无法干预驾驶过程。车速论文未明确报告；无行人冲突形式（为导航路径引导任务）；无分心/次任务。	论文未明确报告任何颜色——无 RGB/HEX/CIE 坐标，无颜色名称，无分级配色。Figure 2 与 3 展示了 boomerang 与 arrow 两概念的四种变体，但正文无任何颜色描述；透明度 α 值亦未报告，仅在定义 AR 时提到「投影到一个透明平面上」。	接触类比 HUD（cHUD）：信息呈现在驾驶员主要视场中并直接叠加到车外真实驾驶环境上，属世界锁定/道路贴合参照系。投影屏位于 mock-up 前方 10 m；cHUD 虚像起始于 mock-up 前方 12 m（虚像起始平面比投影屏远 2 m）；虚像物理分辨率 858×600 px。视场角 FOV 与偏心度论文未明确报告，仅定性指出水平面显示范围受限、无法跨整块风挡以接触类比方式显示。	两种导航图形概念：Boomerang = 一串离散的回旋镖形符号（a string of boomerangs）；Arrow = 一个连续的、延展的、且相当显著的箭头。四种设计变体：(a) cut-off 被有限显示范围切断；(b) no cut-off；(c) tilt 接近机动点时沿纵轴倾斜；(d) 2D 接近机动点时由一个非接触类比的 2D 箭头补充。图形尺寸与线宽论文未明确报告。	cut-off 与 no cut-off 为静态贴合呈现；tilt 变体为动态（接近机动点时沿纵轴倾斜）；2D 变体为时序切换（接近机动点时由 2D 箭头补充）。倾斜角度、角速度、动画时长与更新率论文未明确报告；本研究无闪烁设计，无闪烁频率与占空比数据。	本文为导航显示概念评估，非碰撞预警，无 TTC/TTMD/THW 阈值、无距离阈值、无减速度阈值。仅定性说明导航符号在「转入一条街道时」被切断或不被切断，在「接近机动点（maneuver point）」时倾斜或被 2D 箭头补充；相对于机动点的触发距离与触发时间论文未明确报告。	论文未明确报告显示持续时长，也未报告撤销或渐隐规则。可确认的相关原则是作者建议虚拟元素仅「情境性地（situationally）」并「在驾驶员希望时（if desired by the driver）」显示，即按需触发而非常显。被试在看过每个概念的每一种变体后填写问卷，共 8 次。	无分级。本文为单一层级的导航图形呈现，不含预警级别、各级触发点与级间间隔。2D 变体隐含一种「接近机动点时用 2D 符号补充/临时替换接触类比符号」的时序切换设计，但作者明确将其列为待进一步研究的开放问题，未给出切换时刻或间隔秒数。	30 名被试（7 女 23 男，M_age = 32.9，SD = 6.4，22–52 岁，全部为 AUDI AG 员工，平均年行驶里程 26,383 km，57% 为传统 HUD 使用者）观看叠加了 cHUD 导航图形的真实驾驶视频；被试不主动驾驶，仅在看过一个概念的每一种变体之后填写一份主观问卷，共 8 次。	被试内双因素设计。自变量 1 显示概念，2 水平：Boomerang / Arrow。自变量 2 设计变体，4 水平：cut-off / no cut-off / tilt / 2D。显示概念顺序随机化，但由于技术限制，每个概念内的四个变体以固定顺序 a–d 呈现（cut-off → no cut-off → tilt → 2D）。	9 个主观 5 点 Likert 评分（端点为「完全不同意」与「完全同意」）：吸引力、位置准确性、功能性、清晰/无歧义性、烦扰度、分心度、3D 表征质量、可解读性、直观性。统计为双因素重复测量 ANOVA + Greenhouse-Geisser 校正 + Bonferroni 事后 t 检验。本文无任何客观指标：无反应时、无注视时长、无 TTC、无驾驶绩效。	概念主效应：箭头显著比 boomerang 更有歧义 F(1,28) = 4.84, p < .001；更难解读 F(1,28) = 4.42, p = .003；更不直观 F(1,28) = 4.32, p = .003；其他项目无概念主效应。变体主效应显著于 8 项：吸引力 F(3,26) = 25.09, p < .001；位置准确性 16.16, p < .001；功能性 14.09, p < .001；清晰性 8.64, p < .001；烦扰度 27.66, p < .001；分心度 18.71, p < .001；可解读性 4.81, p = .002；直观性 8.77, p < .001；唯「3D 表征质量」各变体无显著差异。事后比较：tilt 在吸引力、位置准确性、功能性、歧义性、可解读性、直观性 6 项上最差，作者明确结论 tilt 不能被推荐用于汽车 cHUD；tilt 与 2D 在烦扰度与分心度上显著劣于 cut-off 与 no cut-off；「让符号被虚像水平边界切断」并未如预期产生负面影响。⚠ 笔记标注 §4.1 三处 F 值与 p 值配对疑有排印错误（F(1,28) = 4.84 在 α = .05 下约对应 p = .036，不应为 p < .001），引用时应以方向性结论为准而非直接引用具体 F/p 数值。⚠ 变体顺序未平衡（固定 a–d），tilt 与 2D 始终最后被评价，其负面评分无法与顺序/疲劳/对比效应分离，笔记称此为本文最严重的内部效度威胁。	Lisa Pfannmüller, Martina Kramer, Bernhard Senner	Lisa Pfannmüller	2015	Procedia Manufacturing 2015	会议论文集 (IF -) (Elsevier，已停刊)	全文	中	(Pfannmüller et al., 2015)	Pfannmüller, L., Kramer, M., Senner, B., & Bengler, K. (2015). A Comparison of Display Concepts for a Navigation System in an Automotive Contact Analog Head-up Display. *Procedia Manufacturing*, *3*, 2722–2729. https://doi.org/10.1016/j.promfg.2015.07.678	背景（技术/综述，未直接引用）
58	SPIDER 2.0: Driver Distraction and Visual Attention	无实验场景。本篇为受邀理论综述（Annual Review of Vision Science），聚焦视觉分心，不含模拟器、实车、视频或算法仿真；无道路类型、无车速、无行人冲突形式、无分心任务操纵。摘要仅把行人、道路标志、其他车辆列为多任务时易被忽略的对象（行人列第一位）。	摘要未报告。本篇不涉及任何显示设计，无颜色编码方案、无 RGB/HEX/CIE 坐标、无颜色名称、无分级配色。摘要通篇把额外视觉负荷视为损害源，未提及 HUD 或 AR-HUD 的图形属性。	摘要未报告呈现位置与空间参照系（屏幕固定/世界锁定/目标锁定/仪表/下视显示均未涉及），也未报告 FOV、偏心度与虚像距离。唯一可迁移的空间性判断是否定性约束：摘要明确无意视盲可发生于「直接位于视线之内」的信息，故把图形放到视线中央不能保证被感知。	摘要未报告。本篇为理论综述，不含任何图形形态设计（无边界框、虚拟阴影、箭头、风险区、图标或文字），亦无尺寸、线宽等几何参数；摘要通篇不涉及车载显示技术，未提及 HUD 或 AR-HUD 的任何图元。	摘要未报告。本篇为理论综述，不涉及静态或动态图形设计：无随距离、TTC 或风险等级变化的量级映射，无闪烁频率、无占空比、无更新率、无动效幅度与周期；摘要未提及任何显示设计参数。	摘要未报告。本篇不涉及预警算法与触发判据：无 TTC/TTMD/THW 阈值、无距离阈值、无减速度阈值、无事件触发条件、无预警提前期或 TOR lead time。摘要亦未报告 SPIDER 各阶段耗时（笔记标注这是本篇最关键的缺失项）。	摘要未报告。无持续时长、无撤销或渐隐规则、无闪烁频率与占空比。摘要仅定性区分「探测失败」与「对已探测事件的反应减慢」两类可分离损害，未给出任何毫秒级数值。	摘要未报告。本篇不涉及分级预警，无级数、无各级触发点、无级间间隔。摘要提出的是加工阶段划分（scanning、predicting、identification、decision-making、executing a response）而非预警级别划分。	无被试实验（本文为理论综述类研究）。摘要未报告任何被试、任务或流程；文献纳入标准、检索策略与是否为系统综述均未报告，据 Annual Review 邀稿体例推断很可能为叙述性综述，须全文核验。	不适用（无被试实验）。本篇为受邀理论综述，无操纵变量与水平设置，也无文献纳入标准与检索策略的报告。摘要仅列出被讨论的构念：多任务/视觉分心作为损害源，以及五个注意加工阶段作为分析框架。	不适用（无被试实验）。摘要列出的是被讨论的构念而非本篇实测指标：情境意识、视觉扫视危险的能力、无意视盲（漏掉直接位于视线之内的信息）、对已探测事件的反应时、碰撞的可能性与严重度；全部无数值、无统计量、无效应量。	摘要层面五条定性结论：① 视觉与视觉注意对安全驾驶是首要（paramount）因素，是维持有效情境意识的核心通道；② 多任务降低情境意识，使驾驶员忽略或误判环境要素，摘要明确以行人为第一位举例；③ 多任务损害视觉扫视危险的能力，降低注意到并响应道路变化的能力；④ 多任务可诱发无意视盲，使驾驶员漏掉直接位于视线之内的重要信息；⑤ 除注意削弱之外，多任务还独立地减慢对「已探测」事件的反应时，从而增加碰撞的可能性与严重程度。SPIDER 五阶段为 scanning、predicting、identification、decision-making、executing a response；本次 2.0 更新聚焦视觉分心。⚠ SPIDER 原文未报告任何阶段耗时（摘要内无任何数值——无被试量、无统计量、无阶段耗时），本篇属证据等级 C，绝不可用作数值锚点；不得声称「Strayer & McDonnell (2025) 给出了各阶段耗时」或「本篇讨论了 AR-HUD」，亦不得假定五阶段严格串行、耗时可加。	David L. Strayer, Amy S. McDonnell	David L. Strayer	2025	Annu Rev Vis Sci 2025	Q1 (IF 6.5) (视觉科学年度综述)	仅摘要	弱	(Strayer & McDonnell, 2025)	Strayer, D. L., & McDonnell, A. S. (2025). SPIDER 2.0: Driver Distraction and Visual Attention. *Annual Review of Vision Science*, *11*(1), 521–540. https://doi.org/10.1146/annurev-vision-110423-025626	实验1
59	A new dynamic spatial information design framework for AR-HUD to evoke drivers’ instinctive responses and improve accident prevention	驾驶模拟实验，摘要明确为手动驾驶条件（under manual driving conditions），场景为交叉口的一个危险场景（a hazardous scenario at an intersection）。摘要未报告模拟器型号、道路几何、车速、危险目标类型（是否为行人横穿未知）、遮挡与冲突形式，亦未报告是否有分心/次任务。	摘要未报告任何颜色编码方案——无 RGB/HEX/CIE 坐标、无颜色名称、无分级配色。尽管标题以 dynamic 为核心，摘要未给出图形的任何视觉参数。	摘要未报告呈现位置与空间参照系（屏幕固定/世界锁定/目标锁定均未说明），也未报告 FOV、偏心度与虚像距离。可确认的只有三个信息要素的名称：横向预警（lateral warning）、动态驾驶空间（dynamic driving space）、速度表（speedometer）；其中「动态驾驶空间」的命名暗示存在贴地/路面的空间表达，但笔记明确标注须核验，未核验前不得作为复合锁定的证据。	摘要未报告任何图形形态与几何参数（无边界框、虚拟阴影、箭头、风险区、图标或文字的形态描述，无尺寸、无线宽）。仅有三个信息要素的类别名称：横向预警、动态驾驶空间、速度表。	摘要标题与框架名称均含「动态（dynamic）」，构念为动态空间信息设计（DSID），但摘要未报告任何动效物理参数——无随距离/TTC/风险等级变化的映射规则、无频率、无幅度、无周期、无闪烁占空比、无更新率。笔记称这是本篇最遗憾的缺失。	摘要未报告。无 TTC/TTMD/THW 阈值、无距离阈值、无减速度阈值、无事件触发条件、无预警提前期或 TOR lead time、无报警延迟与系统时延。摘要完全未报告任何时间类指标，本篇对时间参数无直接数值贡献。	摘要未报告持续时长、撤销或渐隐条件、闪烁频率与占空比；摘要亦未说明四个界面的信息要素是持续常显还是事件触发出现。本篇完全未报告任何时间类指标，对时间参数无直接数值贡献。	摘要未报告分级预警。本篇操纵的是信息要素的组合（四个界面为横向预警、动态驾驶空间、速度表三要素的不同组合），而非风险级别的分级；无级数、无各级触发点、无级间间隔。四个界面的具体组合方式摘要亦未报告。	驾驶模拟实验，手动驾驶条件下通过交叉口危险场景，测量情境意识、事故规避能力与认知负荷。摘要未报告被试数量、年龄、性别、驾龄、报酬，也未报告指导语、试次数、平衡方式与练习程序；SA 与负荷的测量工具均未报告。	AR-HUD 界面设计，4 水平（四种不同动态设计的 AR-HUD 界面，为横向预警、动态驾驶空间、速度表三要素的不同组合；至少一个界面含全部三要素）。摘要未报告是被试内还是被试间设计，也未报告四个界面的具体组合方式与统计方法。	情境意识 SA、事故规避能力（accident-avoidance capabilities）、认知工作负荷（cognitive workload）。三者的测量工具、操作化方式与数值摘要全部未报告；无任何统计量与效应量。摘要完全未报告时间类指标（无 TTC、无反应时、无预警提前期），也未报告无意视盲、漏检率等代价指标。	摘要层面四条定性结论：① DSID 框架增强了驾驶员的情境意识与事故规避能力，同时降低了认知工作负荷（三赢结论）；② 四个界面中，同时包含全部三个信息要素（横向预警 + 动态驾驶空间 + 速度表）的界面表现最好，未出现信息过载导致绩效下降的倒 U 型关系；③ 理论层面，AR-HUD 通过 SRK 分类法与情境意识理论的整合「成功唤起了驾驶员的本能反应」，核心机制是把知识型/规则型层面加工的符号（symbol）与标志（sign）信息转换为技能型层面可直接处理的信号（signal）信息；④ 作者认为框架在其他类似危险驾驶场景中有潜在应用价值。⚠ 摘要未报告任何数值（无被试数、无 SA 得分、无负荷数值、无规避能力数值、无统计量、无效应量、无动效参数、无时间参数），本篇属仅摘要级、证据等级 B，不得用作数值锚点。⚠ 本篇完全未测量代价指标（无意视盲、未增强目标漏检率、遮挡评价），笔记明确要求引用「全要素最优」时必须附带此声明，其「三赢」结论须据此打折；⚠ 不得把「唤起本能反应」表述为已被独立验证的机制。	Jianmin Wang, Jingyan Yang, Qianwen Fu	Jianmin Wang	2024	IJHCS 2024	Q1 (IF 6.0) (HCI 重要期刊)	仅摘要	中	(Wang et al., 2024)	Wang, J., Yang, J., Fu, Q., Zhang, J., & Zhang, J. (2024). A new dynamic spatial information design framework for AR-HUD to evoke drivers’ instinctive responses and improve accident prevention. *International Journal of Human-Computer Studies*, *183*, 103194. https://doi.org/10.1016/j.ijhcs.2023.103194	实验3、实验4
60	Inattentional Blindness in Augmented Reality Head-Up Display-Assisted Driving	驾驶模拟器 + 预录视频范式（因模拟器无法实时增强目标，由实验员在 STISIM 3 中驾驶并屏幕录制，再后期叠加 AR 图形）；共 10 段视频，自车在 2 km 长四车道机动车道上以恒速 65 km/h 行驶，含弯道、信号灯、建筑、树木、标志、车辆与行人。行人冲突形式为前方行人横穿马路（实验 1 每组 6 次）；被试为假装驾驶并按键报告，无独立分心次任务，负荷通过道路元素密度操纵。	论文未明确报告边界框的颜色、线宽与透明度（无 RGB/HEX/CIE 坐标，无分级配色）。仅给出屏幕物理参数：72 英寸 LED 屏、1920×1080 px、观察距离约 1.5 m。作者在讨论中建议对不同类型道路要素使用不同视觉编码，但未给出具体色值。	世界固定（world-fixed）AR-HUD，图形贴合真实道路对象、围合被增强目标；论文明确讨论屏幕固定（适合车速等非绑定信息）与世界固定（适合增强真实道路对象、用于寻路与危险预警）的分工。视场角 FOV、偏心度与虚像距离论文未明确报告；仅给出 72 英寸屏、1920×1080 px、垂直距离约 1.5 m。行人出现的偏心度亦未报告。	矩形边界框（bounding box），围合被增强对象（包围式，非贴地投影、非头部指示）。尺寸与线宽论文未明确报告。作者在讨论中批评该形态：边界框叠加到真实对象上时对驾驶员「过于突出（too prominent）」，建议改用更柔和、干扰更小的提示，如 Kim & Gabbard 的虚拟阴影，或 Park & Kim 把绿色箭头置于行人头部位置。	静态（单级设计，图形出现即持续）。论文未报告任何动效、闪烁频率、占空比或更新率；增强图形随目标在视频中的位置贴合，但无随距离、TTC 或风险等级变化的量级映射。论文亦未报告增强图形的持续时长。	论文未使用 TTC 阈值触发增强——AR 图形为视频后期叠加，所有道路元素与事件出现在随机距离处，因此未明确报告 TTC 条件、距离阈值或减速度阈值。可复用的是 IB 判定时间窗：行人到达风挡中央位置时无按键反应即判为无意视盲；注视/未注视分界为 AOI 注视停留时间 100 ms（= 30 Hz 采样下连续 3 帧）。	论文未明确报告增强图形的持续时长与撤销/渐隐规则，为单级「出现即持续」设计。视频总体参数（2 km、65 km/h，单段约 110 s 量级）可推算，但论文未明确报告单个行人事件的刺激呈现时长。	无分级。论文未涉及分级预警与升级间隔，为单级设计（图形出现即持续）；无级数、无各级触发点、无级间间隔。自变量为「是否增强行人」这一二分条件，而非风险等级。	实验 1：60 名持照驾驶员（M = 20.94 岁，SD = 2.32，驾龄 3.15 年 SD = 1.35，里程 362 km）以第一人称视角观看驾驶视频，发现任一关键事件（超速、闯红灯、车距过近、行人横穿）即按指定按键；要求对所有事件响应以避免形成对行人的预期，但仅行人数据进入分析；2 个练习 trial（不含行人横穿）+ 每组 10 个正式 trial（6 个含行人横穿），拉丁方平衡，结束后填 NASA-TLX。实验 2：20 名驾驶员（M = 21.63 岁，驾龄 2.74 年 SD = 1.21，里程 283 km），行人在所有视频中均未被增强。	实验 1：单因素被试间，增强条件 3 水平——No AR HUD（无增强，基线）/ AR HUD-NP（增强道路标志、信号灯、前车但不增强突发行人）/ AR HUD-P（同时增强标志、信号灯、前车与突发行人）。实验 2：单因素被试内，认知负荷 2 水平（低/高，用道路复杂度操纵，行人均未被增强），两 block 顺序按 ABBA 平衡，block 内 5 个 trial 拉丁方平衡。	IB 发生（有/无）、IB 类型（普通盲视 vs LBFTS 错误）、无盲视时的反应时、NASA-TLX 主观负荷（加权平均 = 量表分 × 权重 ÷ 15）。统计：实验 1 用广义线性模型 GLM（IB 发生与类型用二元 logistic 连接、反应时与 TLX 用线性连接），Bonferroni 事后校正；实验 2 用广义估计方程 GEE；SPSS 26.0。眼动用 SMI RED-m，采样率 30 Hz。	实验 1（348 个有效 trial，168 个出现 IB，剔除 3 个后 165 个进入类型分析）：IB 发生率增强条件主效应 χ²(2) = 21.484, p < .001；以 AR HUD-P 为参照，No AR HUD（B = −0.697, SE = 0.272, χ²(1) = 6.554, p = .010, OR = 0.498, 95% CI [0.292, 0.849]）与 AR HUD-NP（B = −1.275, SE = 0.275, χ²(1) = 21.453, p < .001, OR = 0.280, 95% CI [0.163, 0.479]）的 IB 发生率均显著高于 AR HUD-P；AR HUD-NP 的 IB 比例边缘显著高于 No AR HUD（p = .087）。IB 类型 χ²(2) = 10.493, p < .01；No AR HUD（B = 0.936, χ²(1) = 4.303, p = .038, OR = 2.549）与 AR HUD-NP（B = 1.394, χ²(1) = 10.487, p = .001, OR = 4.032）的 LBFTS 比例显著更低；三组 LBFTS 绝对频次几乎相同（27 / 28 / 27），差异来自普通盲视频次（28 / 46 / 11）。无盲视时反应时 χ²(2) = 13.490, p < .001；No AR HUD 比 AR HUD-P 慢 111.655 ms（SE = 31.4158, χ²(1) = 12.632, p < .001）；AR HUD-NP 与 AR HUD-P 无差异（B = 18.5, SE = 35.7514, χ²(1) = 0.268, p = .605）。主观负荷仅边缘显著 χ²(2) = 5.630, p = .06，两两无显著差异。实验 2（117 个有效 trial）：TLX 操纵检验 χ²(1) = 10.556, p = .001（B = −6.267, SE = 1.9288）；IB 发生率 χ²(1) = 6.050, p = .014（B = 0.740, SE = 0.301, OR = 2.097, 95% CI [1.162, 3.782]），高负荷 IB 显著更多；反应时 χ²(1) = 4.576, p = .032（B = −141.450, SE = 66.126），高负荷反应时更长约 141.45 ms。⚠ 笔记标注两处内部不一致：反应时的反应通道表述在原文中不一致（2.2.4 节写「行人开始移动到按键」，2.3.1/3.3.1 节写「踩下刹车踏板减去刺激出现时刻」），引用时须注明；实验 2 表 4 中该参数符号为负而正文结论为「更长」，方向表述不一致，引用具体数值时须谨慎并标注。	Yuwei Wang, Yimin Wu, Cheng Chen	Yuwei Wang	2021	IJHCI 2021	Q1 (IF 6.1) (HCI 重要期刊；百分位 91.7%)	全文	强	(Wang et al., 2021)	Wang, Y., Wu, Y., Chen, C., Wu, B., Ma, S., Wang, D., Li, H., & Yang, Z. (2021). Inattentional Blindness in Augmented Reality Head-Up Display-Assisted Driving. *International Journal of Human–Computer Interaction*, *38*(9), 837–850. https://doi.org/10.1080/10447318.2021.1970434	背景（技术/综述，未直接引用）
61	Study on AR-HUD Design in Unprotected Intersection Scenario Under Autonomous Driving	自动驾驶模式下的无保护交叉口（unprotected intersection）场景，冲突对象为周边车辆（surrounding vehicles）而非行人。摘要未报告平台（模拟器型号未知）、自动化等级（L2/L3/L4）、车速、交叉口几何、冲突车来向、每方案时长，也未报告是否含分心次任务。迁移到行人预警属跨对象类推。	摘要未报告任何颜色编码方案——无 RGB/HEX/CIE 坐标、无颜色名称、无分级配色。摘要未描述必要信息（周边车辆距离预警）与三类附加信息（自车轨迹预测、周边车辆轨迹预测、盲区视频）的任何视觉参数。	摘要未报告呈现位置与空间参照系（未说明各类信息画在风挡的哪一区域，也未说明是屏幕固定、世界锁定还是目标锁定），也未报告 FOV、偏心度与虚像距离、HUD 亮度等光学参数。笔记推断轨迹预测在几何上须与道路对齐（世界/目标锁定）、盲区视频为屏幕固定图像窗口，但明确标注为推断而非原文结论。	摘要未报告任何图形形态与几何参数（无边界框、虚拟阴影、箭头、风险区、图标或文字的形态描述，无尺寸、无线宽）。可确认的只有信息类别名称：必要信息为「周边车辆距离预警」，三类附加信息为自车轨迹预测、周边车辆轨迹预测、盲区视频。	摘要未报告静态或动态、无动效参数、无闪烁频率与占空比、无更新率。轨迹预测本质上要求一个预测时域（prediction horizon）参数，但摘要完全未报告该参数；盲区视频是常显还是事件触发亦未说明（笔记指出若为常显，则其负荷最低的结论可能部分来自「无需搜索」而非「信息更好」）。	摘要未报告。无 TTC/TTMD/THW 阈值、无距离阈值、无减速度阈值、无事件触发条件、无预警提前期或 TOR lead time、无报警延迟与系统时延。注意「distance warning」按字面是距离判据而非时间判据，但连距离阈值也未给出。	摘要未报告持续时长、撤销/渐隐规则、闪烁频率与占空比。摘要亦未说明盲区视频与两类轨迹预测是持续常显还是按条件出现与撤销；笔记指出若盲区视频为常显，其负荷最低的结论可能部分来自「无需搜索」。	摘要未报告分级预警，无级数、无各级触发点、无级间间隔。本篇操纵的是信息类型的组合（在固定的必要信息之上叠加三类附加信息的不同组合），而非风险级别分级；摘要亦未说明是否穷尽 2³ = 8 种全组合。	两阶段研究：第一阶段用户需求调研，筛选高需求的 AR-HUD 驾驶辅助信息（方法、样本量、条目池均摘要未报告）；第二阶段在自动驾驶无保护交叉口场景下，以「周边车辆距离预警」为固定的必要信息，对叠加不同附加信息组合的方案做对照测试，采集主观数据与眼动数据。摘要未报告被试数量、年龄、性别、驾龄、自动驾驶经验、试次数与呈现顺序。	在固定必要信息（周边车辆距离预警）基础上叠加的三类附加信息的不同组合：① 自车轨迹预测；② 周边车辆轨迹预测；③ 盲区视频。摘要未报告具体做了几个方案（是 2³ = 8 种全组合还是只取若干种）、是否被试内/被试间设计、试次数与平衡方式。	信任度（trust degree，主观；量表名称、题项数、评分范围摘要未报告）与负荷度（load degree/workload，主观 + 眼动综合；是否用 NASA-TLX、用哪些眼动指标均未报告）。摘要未报告任何时间类指标（无反应时、无 TTFF、无 TDT、无接管时间）、任何空间类指标，也未测绩效类因变量（反应时、避险成功率、碰撞率、TTC）。统计方法仅称 data analysis。	摘要层面四条定性结论：① 需求调研中「周边车辆距离预警」为需求最高的 AR-HUD 驾驶辅助信息，被确定为必要信息；② 不同方案之间信任度无显著差异（no significant difference in trust among different schemes）；③「周边车辆轨迹预测 + 盲区视频」的组合负荷最低（lowest workload）；④ 作者认为该两类信息的组合为相对最优（relatively optimal）。⚠ 摘要不含任何数字，包括样本量——无均值、无 SD、无统计量、无效应量，本篇为会议论文 + 仅摘要，证据等级 C，不可作为定量锚点。⚠ 笔记明确记录该文由零结果推论「信任提升」属推论过度：摘要 Result 2 说信任无显著差异，结论第 4 句却称最优组合「将对驾驶信任带来显著改善」，二者自相矛盾，不得引用「该组合提升信任」这一说法；信任的零结果既可能是真饱和，也可能是统计效力不足或量表天花板效应，摘要无法区分。⚠ 本篇未测绩效因变量，其「负荷最低即相对最优」的判据缺少绩效侧约束，直接照搬存在把 AR-HUD 优化成「低负荷但低效」方案的风险。	Chang Wei, Yangbin Jin, Yingying Fu	Chang Wei	2025	CVCI 2025	会议 (IF -) (中国自动化学会车辆控制与智能会议)	仅摘要	弱	(Wei et al., 2025)	Wei, C., Jin, Y., Fu, Y., Zhang, Y., Su, Y., & Li, W. (2025). Study on AR-HUD Design in Unprotected Intersection Scenario Under Autonomous Driving. In *2025 9th CAA International Conference on Vehicular Control and Intelligence (CVCI)* (pp. 1–6). IEEE. https://doi.org/10.1109/cvci66304.2025.11348153	实验3
62	How to warn drivers in various safety-critical situations – Different strategies, different reactions	TU Braunschweig 静态中等保真驾驶模拟器（真实车内件、力反馈方向盘、三块 LCD 后视镜；三块投影屏距驾驶座约 2.1 m，正前 1.85 m × 2.10 m、左右各 1.85 m × 2.20 m，投影机 1400 × 1050 px，SILAB 软件，180° 视场，含风噪与发动机声）。城区道路，限速 50 km/h，主体为大致直路以降低晕动症风险。8 个安全关键场景含行人在直路横穿（PS）、行人在左转处横穿（PI）、骑车人在左转处横穿（BI）、骑车人在右转/T 字路口后横穿（BT）、前车在交叉口停车（LI）、前车在直路制动（LS）、坡后障碍物（OH）、弯道后障碍物（OC）。无分心次任务，驾驶员拥有完整横纵向控制权。	红色为核心警示色：红色警告三角形、红底停止标志、红白条纹交通锥。采用彩色交通标志（colored traffic signs）以借用既有语义。论文未报告 RGB/HEX/CIE 坐标，也未报告透明度 α 值与分级配色（本研究为单级预警，无按级别的颜色分档）。	HUD，位置为驾驶员中心正前方、发动机盖正上方；符号与道路现实在视野中重叠但不做接触类比配准（非 world-fixed 贴合目标），属符号固定/屏幕坐标类。尺寸最大 21 cm × 21 cm，对应 6° 视角（本文最可直接引用的空间参数）。虚像距离与偏心度论文未明确报告。副作用证据：HUD 在驾驶员视野中经常遮挡安全关键对象，导致注视归属无法可靠判定，本文最终放弃注视行为分析。	四类符号形态（本文核心自变量）：① 停止标志（八角、红底）用于反应通用 RG；② 停止标志与转向符号（红白条纹交通锥 + 侧向箭头）交替，用于反应具体 RS；③ 红色警告三角 + 感叹号，用于注意通用 AG；④ 红色警告三角 + 具体危险对象图标（行人/骑车人/汽车/交通锥），用于注意具体 AS。尺寸上限 21 cm × 21 cm（6° 视角）；线宽论文未明确报告。	静态符号，纯视觉、无附加听觉或触觉信号（为避免掩蔽视觉设计效应）。论文未报告任何动效或闪烁参数——无闪烁频率、无占空比、无随距离/TTC/风险等级变化的量级映射、无更新率。	论文未使用 TTC 阈值：作者明确写「由于技术约束以及场景的复杂性与多样性，本研究无法使用 time-to-collision 阈值」。触发方式为自车穿过指定路标（landmarks），触发点由前测确定并针对每个场景单独适配，从而把「时机」作为受控常量而非自变量。各场景具体触发点写在 Table 2，但该表在 PDF 中为图片，本地文本抽取未取到单元格内容。两条侧证：OC 场景的预警起始被作者自评为偏早；LI 场景有 50% 被试在预警起始之前就已制动（即该场景预警偏晚）。	论文未明确报告预警符号的持续显示时长，也未报告撤销或渐隐规则；本文无闪烁频率与占空比数据。相关的时间窗口是数据清洗规则：制动反应时纳入下界 ≥ 0.2 s（被认为是响应预警的最短可能时间）、上界截断 2.9 s（g 水平 3.0）；约 16% 的遭遇被作为离群值剔除，最终两个制动参数各纳入 77% 的数据点，LI 场景有一半数据点丢失。	本研究为单级视觉预警，无级数、无各级触发点、无级间间隔（论文未给出升级间隔的秒数）。但结论明确指向分级：作者建议把结果实现为多级系统——很危急情境/晚期阶段用反应通用的停止标志（RG），较不危急情境/早期阶段用注意通用的感叹号警告三角（AG），因后者在低危急场景与其具体版本效果相当却更灵活、更能容忍目标检测错误、降低误报风险；并建议在更危急阶段叠加听觉信号以帮助区分预警级别并唤醒分心驾驶员。	招募 66 人，6 人因模拟器晕动症被排除，最终 60 名驾驶员（女 27、男 33，M = 23.7 岁，SD = 3.7，驾龄 M = 5.7 年，SD = 3.6，年里程多数 < 3000 km，报酬 12 € 或课程学分）。15 min 训练驾驶后完成 2 个 trial、每个约 15 min、各含 8 个场景，共遭遇 16 次关键事件；有预警组仅被告知「有 HUD 碰撞预警辅助」而不解释符号含义，以检验直觉可理解性。每个场景结束后车辆短暂停车，被试在中控触摸屏上完成 3 项主观评分；实验以简短访谈收尾核验符号理解。全程约 1.5 h。	混合设计。被试间因素：预警类型 5 水平——C 无预警对照 / RG 反应通用（所有场景显示停止标志）/ RS 反应具体（可规避场景显示转向符号、其余显示停止标志）/ AG 注意通用（红色警告三角 + 感叹号）/ AS 注意具体（警告三角内绘出具体危险对象）。被试内因素：场景 8 水平（PS、PI、BI、BT、LI、LS、OH、OC）× 试次 2 水平，8 场景顺序随机化以控制时间效应。	碰撞频次（%）、制动反应时（s，从预警起始到刹车踏板被踩下，纳入条件 ≥ 0.2 s，含碰撞事件）、最大制动力（%，预警起始后至车速为零或释放刹车前的最大踩踏量）、情境危急度/预警可理解性/预警有用性（Heller 1982 两级量表转换为 1–15 分）。SILAB 以 60 Hz 记录全部驾驶行为；Dikablis 眼动眼镜 + D-Lab 记录注视但因 HUD 遮挡安全关键对象而最终放弃分析。统计：混合 ANOVA + Bonferroni、GEE 二元 logistic 回归、线性混合模型（REML）。	危急度操纵检验：场景主效应 F(5.4, 295.6) = 75.58, p < .0001, η² = 0.58；场景 × 试次交互 F(5.4, 295.6) = 2.97, p = .01, η² = 0.05；试次主效应边缘显著 F(1,55) = 3.46, p = .068；预警类型无主效应 F(4,55) = 1.09, p = .371。危急度排序 PS 最高 M ≈ 13/15，OC 最低 M ≈ 6。碰撞：场景主效应 χ²(7) = 118.76, p < .001, r = 0.35；试次主效应 χ²(1) = 5.14, p = .023, r = 0.07；预警类型无主效应 χ²(4) = 5.92, p = .205；总体碰撞率约 13%（960 次遭遇中 120 次碰撞），第二试次少 5%；分场景 PS 约 48%、BI 27%、PI 12%、LI 12%、LS 3%、BT/OH/OC 均 0%；描述性上对照组 C 最多 17%、RG 最少 8%。制动反应时：scenario F(7,616) = 17.8, p < .0001；warning type F(4,64) = 4.97；trial F(1,630) = 23.96；scenario × warning type 交互显著。学习效应：T2 比 T1 快 0.16 s（T1 M = 1.20 s ± 0.05 s, n = 374；T2 M = 1.04 s ± 0.04 s, n = 366），且不与场景或预警类型交互。四个预警组制动反应时均显著快于对照组（C–RG p = .001；C–RS p = .014；C–AG p = .019；C–AS p = .007），四个预警组之间无显著差异。均值（M ± 95% CI）：C 制动反应时 1.4 s ± 0.1 s、最大制动力 45% ± 6%；RG 1.03 s ± 0.06 s、68% ± 4%；AS 1.05 s ± 0.08 s、60% ± 5%；RS 最大制动力 46% ± 5%。即 RG 相对 C 快约 0.37 s、AS 快约 0.35 s。最大制动力：scenario F(7,611) = 84.71, p < .0001；warning type F(4,60) = 4.70；trial 无主效应；事后仅 RG 与他组差异显著（RG–C p = .007；RG–RS p = .001）。可理解性：warning type F(3,44) = 5.32, p = .003, r = 0.27；scenario F(5.0,222.0) = 6.67, p < .0001；trial F(1,44) = 14.91, p < .0001（T1 M = 9.8 ± 0.4 → T2 M = 10.5 ± 0.3）；交互 F(15.1,222.0) = 5.84, p < .0001, r = 0.29；RG 与 AS 理解最好（均 M = 11 ± 0.4），AS 显著优于 RS（M = 9）与 AG（M = 10），AS–RS 与 AS–AG 均 p = .016。有用性仅 scenario 主效应显著 F(4.5,197.5) = 5.35, p < .0001，预警类型无主效应 F(3,44) = 1.04, p = .384，LI 最低 6–7。RS 组 42% 被试在事后访谈中无法确定或错误理解转向符号含义；整个实验中仅 1 名被试真正做出规避机动，故无法分析转向行为。⚠ 笔记标注原文表 7 的 p 值排版有错位；⚠ 本文刻意把时机作为受控常量，不得把本文列为 TTC 证据；⚠ 与 15、16 号文献为同一实验室、同一 UR:BAN 项目、同一模拟器平台，汇报时须声明可能的样本/平台重叠。	Susann Winkler, Juela Kazazi, Mark Vollrath	Susann Winkler	2018	AAP 2018	Q1 (IF 7.4) (交通安全领域权威期刊)	全文	强	(Winkler et al., 2018)	Winkler, S., Kazazi, J., & Vollrath, M. (2018). How to warn drivers in various safety-critical situations – Different strategies, different reactions. *Accident Analysis & Prevention*, *117*, 410–426. https://doi.org/10.1016/j.aap.2018.01.040	实验0、实验1、实验2
63	The Effect of AR-HUD Takeover Assistance Types on Driver Situation Awareness in Highly Automated Driving: A 360-Degree Panorama Experiment	使用 360° 全景视频的驾驶仿真实验（a driving simulation experiment using 360° panoramic video），高度自动驾驶（highly automated driving）接管场景。摘要未报告头显与眼动仪型号、场景类型、危险目标类型（是否含行人未知）、车速、道路类型、遮挡与冲突形式，也未报告是否执行接管前的非驾驶相关任务（NDRT）。	摘要未报告任何颜色编码方案——无 RGB/HEX/CIE 坐标、无颜色名称、无分级配色。摘要未描述三类辅助信息的任何视觉参数。	摘要未报告呈现位置与空间参照系（屏幕固定/世界锁定/目标锁定均未说明），也未报告 FOV、偏心度与虚像距离。唯一相关信息是采用 360° 全景视频，即视觉环境覆盖全向，风险可能出现在大偏心度位置。笔记指出三类辅助的功能定位暗示 PSR 可能是目标锁定类、AS 可能涉及路面或环境的空间表达、MD 可能是符号型动作提示，但明确标注为推测，不得引用。	摘要未报告任何图形形态与几何参数（无边界框、虚拟阴影、箭头、风险区、图标或文字的形态描述，无尺寸、无线宽）。可确认的只有三类辅助信息的功能类别：PSR 辅助感知风险源、AS 辅助分析情境、MD 辅助做出决策。	摘要未报告三类辅助信息是静态还是动态，也未报告任何动效参数——无随距离、TTC 或风险等级变化的映射规则，无闪烁频率、无占空比、无更新率、无动效幅度与周期；摘要未描述任何图形的视觉呈现方式。	本篇用 TOR 提前期而非 TTC 判据：TOR lead time（TORlt）明确设两水平 5 s 与 7 s（摘要未定义其计时起止点，推测为 TOR 发出至接管必要时刻）。无 TTC/TTMD/THW 阈值、无距离阈值、无减速度阈值、无报警延迟与系统时延、无 TTC 计算公式。这是本篇唯一的确切时间数值。	摘要未给出显示时长的秒数，但明确报告它随 TORlt 共变：「TORlt 较短时，相应的 AR-HUD 显示时长也较短（with the corresponding AR-HUD display also being shorter）」。即 AR-HUD 显示时长不是独立自变量，而是 TORlt 的从属函数；撤销/渐隐规则、闪烁频率与占空比均摘要未报告。	无分级。本篇为单级辅助信息（三类辅助信息 + 无辅助基线），非分级预警；摘要未报告级数、各级触发点与级间间隔。摘要亦未报告「辅助类型 × TORlt」交互是否显著（笔记称这是本篇最值得核验的单一未知项）。	79 名被试（seventy-nine participants；年龄、性别比、驾龄、报酬、自动驾驶经验摘要全部未报告）在 360° 全景视频驾驶仿真中执行情境意识评估任务与视觉追踪任务（SA assessment and visual tracking tasks）。是否执行接管前 NDRT、试次数、平衡方式与练习程序摘要全部未报告；摘要未提及方向盘/踏板的闭环操作，故接管绩效很可能是通过问卷与眼动间接评估。	自变量 1：AR-HUD 辅助信息类型，4 水平——PSR（辅助感知风险源）/ AS（辅助分析情境）/ MD（辅助做出决策）/ Baseline（无辅助信息，control group），三类分别对应接管前的感知、理解、预测三个行为过程。自变量 2：TOR lead time，2 水平——5 s 与 7 s。摘要未明确报告是被试内还是被试间设计，也未报告统计方法。	情境意识 SA（通过问卷数据评估，具体量表未报告，是否分 L1/L2/L3 未知）、接管决策（takeover decisions，操作化未报告）、接管绩效（takeover performance，操作化未报告）、眼动指标（摘要明确使用了眼动数据，但未列出任何具体指标名——无 TTFF、无注视时长、无注视次数、无扫视幅度）。全部无数值、无统计量、无效应量。	摘要层面四条定性结论：① AR-HUD 辅助信息类型正向影响驾驶员 SA 与接管决策（问卷与眼动数据一致支持）；② AS（辅助分析情境）在提升 SA 与改善接管绩效上最有效——三类中最优者不是直接给动作建议的 MD，也不是仅指出风险源的 PSR，而是中间层的情境分析辅助；③ 当 TORlt 较短（5 s）时驾驶员 SA 更低，且摘要明确注明「相应的 AR-HUD 显示时长也较短」；④ 结论支持 AR-HUD 接管辅助信息设计的进一步优化。⚠ 摘要除 N = 79 与 TORlt 5 s / 7 s 外无任何数值（无 SA 得分、无眼动数值、无接管时间、无统计量、无效应量、未报告类型 × TORlt 交互），本篇属仅摘要级、证据等级 B，不得用作数值锚点；且 5 s / 7 s 是自变量水平设定值而非实测最优值。⚠ 作者自承提前量与显示时长共变，形成设计性混淆，「7 s 优于 5 s」无法在「时间预算不足」与「信息可用性不足」之间归因，笔记将本篇定位为「提前量与持续时长必须分离操纵」这一论点的最佳反面例证。⚠ 本篇属自动驾驶接管场景，5 s / 7 s 不可迁移为手动驾驶行人预警的时机推荐值。	Zhendong Wu, Lintao Zhao, Guocui Liu	Zhendong Wu	2023	IJHCI 2023	Q1 (IF 6.1) (HCI 重要期刊；百分位 91.7%)	仅摘要	中	(Wu et al., 2023)	Wu, Z., Zhao, L., Liu, G., Chai, J., Huang, J., & Ai, X. (2023). The Effect of AR-HUD Takeover Assistance Types on Driver Situation Awareness in Highly Automated Driving: A 360-Degree Panorama Experiment. *International Journal of Human–Computer Interaction*, *40*(20), 6492–6509. https://doi.org/10.1080/10447318.2023.2254645	背景（技术/综述，未直接引用）
64	In-vehicle human–machine interface guidelines for augmented reality head-up displays: A review, guideline formulation, and future research directions	摘要未获取，无法重构。本篇既无 PDF 与全文，也未获得摘要（Crossref / Semantic Scholar / OpenAlex / Europe PMC 四源均未返回摘要，ScienceDirect、Elsevier Pure、PsycNET 页面被反爬拦截），当前仅有题录级信息，因此无法判断是否含实验场景、平台、道路类型、车速、行人冲突形式与分心任务。	摘要未报告（实为摘要未获取，无法重构）。无法确认本篇是否包含颜色编码条目，亦无任何 RGB/HEX/CIE 坐标、颜色名称或分级配色可转录。笔记明确要求在取得全文前不得引述其内容、结论、条目或数值。	摘要未报告（实为摘要未获取，无法重构）。呈现位置、空间参照系、FOV、偏心度与虚像距离逐项均无法确认。笔记仅基于标题推断该指南条目「很可能」覆盖显示位置、视场角、亮度/对比度、遮挡与信息量等空间侧要素，但明确标注为推断，本篇实际是否包含这些条目及其取值完全未知。	摘要未报告（实为摘要未获取，无法重构）。无法列出任何图形形态（边界框、虚拟阴影、箭头、风险区、图标、文字）与尺寸、线宽等几何参数。	摘要未报告（实为摘要未获取，无法重构）。无法判断本篇是否涉及静态/动态设计条目，亦无任何随距离、TTC 或风险等级变化的映射规则、闪烁频率、占空比与更新率可转录。	摘要未报告（实为摘要未获取，无法重构）。预警时机、TTC/TTMD/THW 阈值、距离阈值、减速度阈值、事件触发条件、预警提前期与 TOR lead time 逐项均无法确认。笔记明确指出「不得假定一篇 HMI 指南类综述必然包含时间参数条目」。	摘要未报告（实为摘要未获取，无法重构）。持续时长、撤销/渐隐规则、闪烁频率与占空比逐项均无法确认。笔记把「是否含时序/时机维度」列为补全全文后必须提取的最关键一项。	摘要未报告（实为摘要未获取，无法重构）。无法确认本篇是否包含分级预警或时序结构条目，亦无级数、各级触发点与级间间隔可转录。笔记把「是否含时序/时机维度」列为补全全文后必须提取的最关键一项。	无被试实验（本文为综述与指南制定类研究）。标题含 review、guideline formulation 与 future research directions，据此推断很可能无被试；但摘要未获取，无法确认被试、任务与流程，笔记明确要求不得据标题断言。	不适用（综述与指南制定类研究，无操纵变量）。摘要未获取，无法确认本篇是否包含任何实证操纵；亦无法判断其是否为系统综述、是否有专家评议环节、指南条目数量与粒度。	不适用（综述与指南制定类研究）。摘要未获取，无法列出任何因变量、任何操作化定义，也无法判断本篇是否包含任何时间类指标、眼动指标、行为指标、主观量表或算法性能指标。	摘要未获取，无法重构。本篇不提供任何可转录的结果、数值或统计量。可确认的资料层面事实：2024 年发表于 Transportation Research Part F，DOI 10.1016/j.trf.2024.06.001，引用数 35（本批次最高），证据等级 C。⚠ 笔记明确记录引用禁则：本篇当前为题录级信息，禁止以任何形式引述其内容、结论、条目或数值；正文提及时只能表述为「另有 AR-HUD 车内 HMI 指南类综述（Yamin, Park, & Kim, 2024, TR Part F）」，不得附带任何具体主张；即便取得全文，其条目亦属二次证据，数值应回溯原始文献，不得把本篇当作某个 TTC 阈值或显示时长的一次性出处。⚠ 笔记同时指出这构成一处必须记录的风险：若其指南条目与本课题依据其他文献推出的参数不一致，在未核验前无从察觉，故应列入高优先级补全清单。	Putra A.R. Yamin, Jaehyun Park, Hyun K. Kim	Putra A.R. Yamin	2024	TR Part F 2024	Q1 (IF 5.0) (交通心理学与行为权威期刊)	仅摘要	弱	(Yamin et al., 2024)	Yamin, P. A., Park, J., & Kim, H. K. (2024). In-vehicle human–machine interface guidelines for augmented reality head-up displays: A review, guideline formulation, and future research directions. *Transportation Research Part F: Traffic Psychology and Behaviour*, *104*, 266–285. https://doi.org/10.1016/j.trf.2024.06.001	背景（时间专题）
65	A Novel Cooperation-Guided Warning of Invisible Danger from AR-HUD to Enhance Driver’s Perception	用户实验（user experiments），两个典型场景（two typical scenarios），预警对象为「不可见危险（invisible danger/hazards）」——即当前不在驾驶员直接视野内或被遮挡的目标。摘要明确同时检验 human-driving（手动驾驶）与 auto-pilot（自动驾驶）两种模式。摘要未报告模拟器型号、场景具体类型（是否含行人横穿未知）、遮挡物类型与几何、车速、道路类型，也未报告自动驾驶模式下是否有 NDRT。	摘要未报告任何颜色编码方案——无 RGB/HEX/CIE 坐标、无颜色名称、无分级配色。摘要未描述该「不可见危险」预警界面的任何视觉参数（图形形态、颜色、尺寸、透明度、空间位置、动效均未报告）。	摘要未报告呈现位置与空间参照系，也未报告 FOV、偏心度与虚像距离。唯一可确认的空间性构念是预警对象为「不可见危险」，即位于视野之外或被遮挡的目标——这本身是一个空间约束条件：预警图形无法贴合到一个当前不可见的目标上，故严格的目标锁定在此情形下退化为「指向遮挡物后方/视野外方位」的间接空间表达（笔记标注为推断，须核验）。	摘要未报告任何图形形态与几何参数（无边界框、虚拟阴影、箭头、风险区、图标或文字的形态描述，无尺寸、无线宽）。可确认的只有界面的功能定位：AR-HUD 被定位为「承载智能体认知信息的载体（a carrier for agents' cognitive information）」。	摘要未报告静态或动态、无动效参数、无闪烁频率与占空比、无更新率、无随距离/TTC/风险等级变化的映射规则。摘要亦未提及配准精度与深度线索处理。	摘要未报告。无 TTC/TTMD/THW 阈值、无距离阈值、无减速度阈值、无事件触发条件、无预警提前期或 TOR lead time、无报警延迟与系统时延、无 TTC 计算公式。笔记指出对「不可见危险」而言，提前量的上界由传感器探测时刻与探测可靠性决定而非人因最优值，但明确标注为推断。	摘要未报告持续时长、撤销/渐隐规则、闪烁频率与占空比。摘要亦未说明预警是持续常显还是按条件出现与撤销；本篇为单级预警，无时序结构参数，也未报告任何触发时机与显示时长的秒数。	无分级。本篇为单级预警，摘要未报告级数、各级触发点与级间间隔，也未报告任何层级操纵（笔记指出同课题组的双模式设计本可回答「最优 SRK 层级是否随驾驶模式变化」，但摘要未报告任何层级操纵，构成一处证据缺口）。	用户实验（user experiments），在两个典型场景中检验基于团队协同感知模型设计的 AR-HUD 不可见危险预警界面对驾驶员情境意识、反应时与信任的影响，且同时在手动驾驶与自动驾驶两种模式下进行。摘要未报告被试数量、年龄、性别、驾龄、报酬，也未报告指导语、试次数、平衡方式与练习程序，对照条件（是否有无 AR 基线或替代界面）亦未明确报告。	摘要未明确报告完整的自变量结构。可确认的操纵维度有两个：① 驾驶模式，2 水平（human-driving 手动驾驶 / auto-pilot 自动驾驶）；② 场景，2 水平（两个典型场景，具体类型未报告）。是否有无 AR 基线或替代界面作为对照条件摘要未明确报告；被试内/被试间设计亦未报告。	情境意识 SA（测量工具未报告，无数值）、反应时（reaction time；摘要明确报告改善，但计时起止点未定义，是按键 RT 还是制动 RT 未说明，无任何毫秒/秒数值）、对自动驾驶系统的信任（trust in the auto-pilot system；量表未报告，无数值）。摘要未报告任何空间指标或图形参数，也未报告无意视盲、漏检率、遮挡评价等代价指标。无任何统计量与效应量。	摘要层面三条定性结论：① 该设计显著提升驾驶员情境意识与反应时（can significantly improve drivers' situation awareness and reaction time），且在 human-driving 与 auto-pilot 两种模式下均成立——笔记称效应的跨驾驶模式一致性是本篇最有价值的结论；② 该设计增强了人类驾驶员对自动驾驶系统的信任；③ 作者主张模型与设计可推广到更多需要人机感知与认知协同的 AR-HUD 场景。⚠ 摘要无任何数值（无被试数、无反应时毫秒数、无 SA 得分、无信任评分、无统计量、无效应量、无图形参数、无触发时机与显示时长），本篇属仅摘要级、证据等级 B，不得用作数值锚点；⚠ 反应时的计时起止点未定义，引用时必须声明，否则会被误读为对预警的响应时间；⚠ 引用信任结论时必须声明未涉及误报条件——对不可见危险预警而言驾驶员无法用视觉核验预警真伪，笔记推断本篇信任结论很可能是在高可靠条件下取得的，不可外推到含误报的实际系统。	Fang You, Jun Zhang, Jie Zhang	Fang You	2023	IJHCI 2023	Q1 (IF 6.1) (HCI 重要期刊；百分位 91.7%)	仅摘要	中	(You et al., 2023)	You, F., Zhang, J., Zhang, J., Shen, L., Fang, W., Cui, W., & Wang, J. (2023). A Novel Cooperation-Guided Warning of Invisible Danger from AR-HUD to Enhance Driver’s Perception. *International Journal of Human–Computer Interaction*, *40*(8), 1873–1891. https://doi.org/10.1080/10447318.2023.2233734	背景（技术/综述，未直接引用）
66	Effects of a color gradient and emoji in AR-HUD warning interfaces in autonomous vehicles on takeover performance and driver emotions	模拟自动驾驶接管（takeover）实验。摘要未报告驾驶模拟器型号与 AR-HUD 呈现方式（真实 HUD、投影还是 VR 头显）、自动化等级、接管触发事件类型（是否含行人未知）、场景数量、道路类型、车速、每被试试次数，也未报告 TOR 触发时机、次任务类型与练习试次。	颜色渐变（color gradient）是本篇核心自变量之一，但具体色标（起止 RGB、渐变方向、级数）摘要未报告——无 RGB/HEX/CIE 坐标、无颜色名称、无分级配色数值。笔记指出摘要未说明「颜色渐变」是空间渐变（同一时刻沿图形空间维度的颜色过渡）还是时间渐变（随紧迫性上升的颜色演变），该二义性无法用摘要消解，引用时必须声明。	摘要未报告呈现位置与空间参照系（屏幕固定/世界锁定/目标锁定均未说明），也未报告 FOV、偏心度与虚像距离。摘要未报告任何空间类指标（无偏心度、无图形尺寸、无位置）。	emoji（表情符号）作为图形形态被操纵，但具体表情类型、尺寸、朝向与位置摘要未报告；颜色渐变所依附的图形形态亦未报告。可确认的只有构念层面：emoji 承载情感语义并提升情绪效价与易学性。笔记指出 emoji 无法指示危险的方向与距离，只能作为语义补充层而不能替代空间图元。	摘要未明确报告静态或动态。若「颜色渐变」为时间渐变（随紧迫性上升的颜色演变），则必然隐含一个「渐变时长」参数，但摘要未报告；闪烁频率、占空比与更新率均摘要未报告。摘要亦未报告随距离、TTC 或风险等级变化的具体映射规则。	摘要未报告。无 TTC/TTMD/THW 阈值、无距离阈值、无减速度阈值、无事件触发条件、无 TTC 计算公式。TOR lead time（预警提前期）亦摘要未报告——笔记指出这对一篇接管实验而言是严重缺失，因 TOR 提前期通常是接管研究的核心自变量。	摘要未报告持续时长、撤销/渐隐规则、闪烁频率与占空比。若「颜色渐变」为随紧迫性上升的时间渐变，则必然隐含一个渐变时长参数，但摘要未报告任何秒数；该空间/时间渐变的二义性无法用摘要消解。	摘要未报告分级预警，无级数、无各级触发点、无级间间隔。本篇操纵的是两种视觉修饰手段（颜色渐变有/无 × emoji 有/无）的 2 × 2 组合，而非风险级别分级；颜色渐变在概念上可作为分级预警的连续化实现，但笔记标注这是推断而非原文结论（本篇未测紧迫性感知也未测时机）。	48 名被试（A total of 48 participants；年龄、性别构成、驾龄、自动驾驶经验、视力/色觉筛查均摘要未报告，后者对本研究尤为关键因因变量涉及颜色）被分入四种预警界面（grouped into four different warning interfaces），即约 12 人/组的被试间设计，在模拟自动驾驶接管实验中完成接管并接受情绪、负荷与可用性测量。摘要未报告指导语、试次数与平衡方式。	2 × 2 被试间设计：颜色渐变（有/无）× emoji（有/无），构成四种界面——基线/仅渐变/仅 emoji/渐变 + emoji。摘要未逐一列举四种界面构成，该拆解是基于「four interfaces + two-way ANOVA」的推断而非原文明示。每名被试只经历一种界面。	接管时间（takeover time，时间类；计时终点摘要未报告，摘要 Results 用词为 takeover efficiency，两者是否同一指标未明确）、情绪（分 emotional valence 效价与 emotional arousal 唤醒两维，另有 negative emotions 一项；量表未报告）、任务负荷（task load，量表未报告）、系统可用性（system availability，量表未报告，另有 easier to learn 表述）。统计：two-way ANOVA + Kruskal–Wallis。未报告接管质量指标（无 SDLP、无最小 TTC、无最大横向加速度）。	摘要层面六条结论：① 零效应（关键）——接管效率（takeover efficiency）与任务负荷（task load）在四种界面之间均无显著差异；② 含颜色渐变与 emoji 的界面对驾驶员情绪产生正向影响；③ 效应分离——emoji 正向影响情绪效价（emotional valence），颜色渐变具有高情绪唤醒（high emotional arousal）效应，两种修饰手段各自作用于情绪的不同维度；④ 颜色渐变界面与 emoji 界面均对负性情绪具有抑制作用；⑤ emoji 界面更易学习，降低驾驶员学习成本；⑥ 作者认为这些发现为设计更安全、更友好的自动驾驶 AR-HUD 界面提供了有价值的启示。⚠ 摘要可引用的数值仅 N = 48 与 4 种界面，未报告任何均值、SD、F/χ²/p 值、效应量，也未报告交互效应（颜色渐变 × emoji）是否显著，亦未报告 system availability 的结果方向与接管时间的毫秒数；本篇属仅摘要级、证据等级 B，不得用作数值锚点。⚠ 零效应必须表述为「未检出显著差异」而非「不存在差异」：每组约 12 人的被试间设计使个体差异全部落入误差项，功效受限，100–200 ms 量级的接管时间差异很可能检测不到，故该零效应无法排除假阴性（Type II error）。⚠ 接管触发事件是否含行人摘要未报告，迁移到行人预警须声明为类推；本篇绩效侧只覆盖接管速度而未覆盖接管质量，「绩效无差异」不能外推到接管安全性。	Kaidi Yu, Dandan Du, Dongyu Yu	Kaidi Yu	2024	Traffic Inj Prev 2024	Q3 (IF 2.1) (交通伤害预防专刊)	仅摘要	中	(Yu et al., 2024)	Yu, K., Du, D., Yu, D., Zhi, J., Wang, Y., & Jing, C. (2024). Effects of a color gradient and emoji in AR-HUD warning interfaces in autonomous vehicles on takeover performance and driver emotions. *Traffic Injury Prevention*, *25*(5), 714–723. https://doi.org/10.1080/15389588.2024.2337120	背景（空间专题）
67	How does AR-HUD system affect driving behaviour Evidence from an eye-tracking experiment study	驾驶模拟器 + 眼动实验，含 5 个风险驾驶场景（five risky driving scenarios），摘要点出夜间驾驶情境（night driving situations）；本篇摘要未明示是否设白天对照（另一版本 idx 45 明示为昼/夜两水平）。摘要未报告模拟器型号与投影配置、5 个场景各是什么（是否含行人横穿未知）、道路类型、车速、行人冲突形式，也未报告是否有分心次任务。	摘要未报告任何颜色编码方案——无 RGB/HEX/CIE 坐标、无颜色名称、无分级配色。摘要未描述 AR-HUD 图形的任何视觉参数。笔记指出夜间收益更大提示图形亮度/对比度与环境照度存在交互，故颜色与透明度可能需随照度自适应，但标注为推断。	摘要未报告呈现位置与空间参照系（屏幕固定/世界锁定/目标锁定均未说明），也未报告 FOV、偏心度与虚像距离。唯一的空间性构念是「风险动态兴趣区（risky dynamic AOI）」，但它是测量侧构念（分析眼动数据时如何划定兴趣区）而非刺激侧设计参数；AOI 的几何尺寸、边界规则与更新频率摘要均未报告。	摘要未报告任何图形形态与几何参数（无边界框、虚拟阴影、箭头、风险区、图标或文字的形态描述，无尺寸、无线宽）。AR-HUD 图形的形态、颜色与位置摘要均未报告。	摘要未报告 AR-HUD 图形是静态还是动态，也未报告任何动效参数、闪烁频率、占空比、更新率与随距离/TTC/风险等级变化的映射规则。摘要中唯一含「动态」的是测量侧的动态 AOI（随目标运动更新边界），指的是风险目标在场景中是运动的，而非刺激侧的动态图形设计。	摘要未报告。本篇不是时机研究，未操纵触发时刻：无 TTC/TTMD/THW 阈值、无距离阈值、无减速度阈值、无事件触发条件、无预警提前期或 TOR lead time、无报警延迟与系统时延、无 TTC 计算公式。	摘要未报告持续时长、撤销/渐隐规则、闪烁频率与占空比。摘要亦未说明 AR-HUD 图形是常显还是事件触发；本篇不是时机研究，未操纵触发时刻，故也无从推断显示窗口的起止与长度。	摘要未报告分级预警，无级数、无各级触发点、无级间间隔。本篇操纵的是「有 AR-HUD vs 无 AR-HUD」的存在性对比（由 can significantly improve/reduce 推断，摘要未明写基线条件）与照明条件，而非风险级别分级。	驾驶模拟器中通过 5 个风险驾驶场景（含夜间条件），同时采集眼动数据以分析对风险动态 AOI 的注意，并测量信息加工难度、认知负荷与感知时间。摘要未报告被试数量、年龄、性别、驾龄、视力，也未报告车速、每场景时长、试次顺序、是否有次任务与练习程序；被试内/被试间设计与统计方法亦未报告。	AR-HUD 因子：有 AR-HUD vs 无 AR-HUD 的对照（由摘要 can significantly improve/reduce 推断，摘要未明写基线条件）；照明条件：摘要点出夜间驾驶情境，是否设白天对照本篇摘要未明示。被试内/被试间设计、水平数与统计方法摘要全部未报告。	感知时间（perception time / driver perception time，时间类；计时起点与终点摘要均未报告，摘要将其置于 reaction time 大类之下，说明作者把它视为反应时的感知分量）、对风险动态 AOI 的注意（眼动；用哪个眼动量未报告）、信息加工难度（操作化未报告）、认知负荷（量表/指标名称未报告，摘要表述为「降低信息加工难度，从而降低认知负荷」，暗示可能由眼动推断）。未报告制动反应时、碰撞率、最小 TTC 与减速度，也未报告任何空间类指标。	摘要层面四条定性结论：① 夜间条件下 AR-HUD 能显著提升被试对风险动态兴趣区（risky dynamic AOI）的注意（摘要把该效应限定在夜间，未声称白天亦然）；② AR-HUD 能降低风险驾驶场景中处理信息的难度，从而降低认知负荷（未限定照明条件）；③ 在反应时方面，AR-HUD 能显著缩短驾驶员对风险驾驶场景的感知时间（perception time），使其能更快对高风险情境做出反应——笔记称这是本库少见的「AR-HUD 缩短感知时间」直接证据；④ 结论验证了 AR-HUD 在提升行车安全与驾驶行为方面的作用。⚠ 摘要未报告任何被试数、均值/SD、F/t/χ²/p 值、效应量、5 个场景清单、AOI 的具体眼动量、认知负荷的量表名与分数、感知时间的毫秒数或缩短幅度；除「5 个场景」外全篇无数字，且仅有单一摘要来源（OpenAlex）。笔记明确红线：方向性结论可引用，数值不可引用。⚠ 笔记明确记录本篇与 idx 45（Cheng 2023, Transportation Research Interdisciplinary Perspectives 18: 100767, DOI 10.1016/j.trip.2023.100767）为同作者组、同年、同实验、几乎同题、摘要几乎逐句对应的两个版本，属近重复条目（疑似一稿两投/同一数据两次发表），引用时只计一次证据权重，不得当作两项独立研究互相印证；建议优先引 idx 45（开放获取、引用数 23 高于本篇的 5、且明示昼/夜双水平），本篇在脚注中标注为同一工作的另一版本。⚠ perception time 与 TTFF、PRT、BRT 不可互换使用（本篇未定义计时起止点）；5 个风险场景是否含行人横穿摘要未报告，用于行人预警论证处必须声明这一不确定性。	Cheng Yunuo, Zhong Xia, Tian Liwei	Cheng Yunuo	2023	Int J Vehicle Design 2023	Q4 (IF 0.7) (Inderscience；官网公示 Clarivate 2025 JIF 0.7、JCI 0.15)	仅摘要	中	(Cheng et al., 2023b)	Cheng, Y., Zhong, X., & Tian, L. (2023b). How does AR-HUD system affect driving behaviour Evidence from an eye-tracking experiment study. *International Journal of Vehicle Design*, *92*(1), 1–21. https://doi.org/10.1504/ijvd.2023.133262	背景（空间专题）
68	The impact of AR-HUD lane enhancement on lateral control performance under fog conditions	基于 Unity 的仿真（Unity-based simulations），构建受控的、沉浸式雾天驾驶场景；被试在雾天环境中的弯道（curved road）上行驶。摘要未报告是否使用 VR 头显、是否有物理驾驶舱与力反馈方向盘、弯道半径、车道宽度、路段总长、雾浓度/能见度、目标车速，也未报告是否有前车与次任务。本篇为车道增强任务，不含行人冲突形式。	摘要未报告任何颜色编码方案——未说明虚拟车道线的颜色、亮度与透明度，无 RGB/HEX/CIE 坐标、无颜色名称、无分级配色。笔记称这是本篇对本课题最严重的缺口之一：知道「有效」，但不知道「长什么样」。	摘要未报告呈现位置与空间参照系。车道增强在几何上必须与路面对齐，推定为世界锁定/共形（conformal），但摘要未明写；FOV、偏心度、虚像距离与纵向延伸距离均未报告。唯一被明确操纵的空间变量是纵向路段（driving segment），特别是 Approach Segment（首次遭遇雾天条件的初始阶段），这是一个沿行驶方向的位置分段变量而非风挡内的图形位置变量；各段起止里程与长度摘要未报告。	AR-HUD 车道增强（lane enhancement），即在风挡上叠加虚拟车道线/车道边界，把被雾遮蔽的道路几何补回驾驶员视野；属连续的、沿道路延伸的线状元素。线宽、共形性、更新频率与纵向延伸距离摘要全部未报告。	摘要未报告静态或动态。车道增强推定为常显的持续型辅助显示（continuous assistance display），无闪烁参数、无占空比、无更新率、无随距离/TTC/风险等级变化的量级映射；这些均摘要未报告。	摘要未报告。本篇是持续型辅助显示而非事件触发型预警，因此不存在触发时机这一概念（笔记称这是本篇与行人预警最根本的范式差异）：无 TTC/TTMD/THW 阈值、无距离阈值、无减速度阈值、无预警提前期或 TOR lead time、无报警延迟与系统时延。	摘要未报告持续时长、撤销/渐隐规则、闪烁频率与占空比。车道增强推定为常显的持续型辅助显示，但摘要未明写；本篇在时间维度上对本课题贡献为零，不提供任何可用的时间参数。	摘要未报告分级，无级数、无各级触发点、无级间间隔。本篇为单一的持续型车道增强显示，操纵的是「有 AR-HUD 车道增强 vs 无（基线）」与纵向路段（含 Approach Segment），而非风险级别分级。	被试在基于 Unity 的受控、沉浸式雾天仿真场景中沿弯道行驶，完成车道保持（横向控制）任务，比较有无 AR-HUD 车道增强的横向控制绩效，并按路段分段分析。摘要未报告被试数量、年龄、性别、驾龄、视力，也未报告目标车速、是否限速、是否有前车、是否有次任务、试次数与顺序、被试内/被试间设计与统计方法。	① AR-HUD 因子：有 AR-HUD 车道增强 vs 无（基线）；② 路段因子：路线被划分为若干路段（segments），其中一段被命名为 Approach Segment（接近段/进入段），定义为首次遭遇雾天条件的初始阶段。摘要未报告总共分了几段、各段名称与长度、各段雾浓度，也未报告雾浓度是单一还是多级，被试内/被试间设计亦未报告。	两个横向控制指标，均非时间类：① steering speed（SS，转向速度）——方向盘转动的角速度，摘要称其降低表示转向精度改善，具体是均值、RMS 还是标准差与单位未报告；② standard deviation of lateral position（SDLP，横向位置标准差）——车辆横向位置相对车道中心的标准差，单位与计算窗口未报告。摘要未报告任何时间类指标（无反应时、无 TTC、无 TTFF），也未报告纵向控制、主观负荷、情境意识与眼动。	摘要层面四条定性结论：① AR-HUD 系统在所有行驶路段（all driving segments）中都显著降低了 SS 与 SDLP；② SS 与 SDLP 同时下降被作者解读为转向精度（steering accuracy）与稳定性（stability）双双改善；③ 分段差异为本篇核心创新（摘要用 Notably 标记）——最显著的改善出现在初次遭遇雾天条件的阶段，即 Approach Segment（接近段）；④ 这凸显了 AR-HUD 在向低能见度条件过渡（transitioning to low visibility conditions）时的效用。⚠ 摘要不含任何数字——无被试数、无雾浓度/能见度、无路段划分与长度、无 SS/SDLP 的均值与 SD、无任何 F/t/p 值与效应量、无各路段效应量对比（只给出「Approach Segment 最大」这一定性排序）；本篇为会议论文 + 仅摘要，证据等级 C，绝对不得用作数值锚点。⚠ 笔记明确标注外部效度边界：本篇为雾天车道增强（持续型引导）研究，被增强对象是静态的车道线，属横向控制/车道保持辅助任务，不是行人碰撞预警任务，凡引用于行人预警语境者必须显式标注「非行人预警场景」。⚠ 本篇未测无意视盲、未测眼动、未测负荷，其「无代价」是因未测而未见，不构成对无意视盲文献的反驳；⚠ 仅 Unity 仿真且未说明是否有物理驾驶舱与力反馈方向盘，而转向类指标对操纵装置保真度极度敏感；⚠ 在行人回避任务中驾驶员必须产生较大转向输入，高 SS 与升高的 SDLP 未必是坏事，故 SS 与 SDLP 必须与「是否成功避险」联合解读，不可单独作为越低越好的指标。	Mengjin Zeng, Qiuyang Tang, Pingping Deng	Mengjin Zeng	2024	ICTETS 2024	会议论文集 (IF -) (SPIE 出版)	仅摘要	弱	(Zeng et al., 2024)	Zeng, M., Tang, Q., Deng, P., Jia, Y., Zhang, Y., Chen, H., Yu, D., & Zhao, X. (2024). The impact of AR-HUD lane enhancement on lateral control performance under fog conditions. In *Eighth International Conference on Traffic Engineering and Transportation System (ICTETS 2024)* (pp. 253). SPIE. https://doi.org/10.1117/12.3054840	背景（空间专题）
69	Visual Saliency Design for AR-HUD Navigation in Extreme Weather: Reducing Inattentional Blindness	Unity 2022 LTS 第一人称驾驶仿真，同时含雨与雾的极端天气场景（雨天分小雨/中雨/大雨/暴雨，雾天分薄雾/浓雾，各收集 50 张图像并用 Image Color Summarizer 计算平均照度以设定实验亮度；未给出具体照度 lux 值）。道路类型全部基于真实道路，含主干道、集散道路、高速公路、次要道路；自车恒速通过雨雾天气下的城市道路，执行转弯与直行；场景含建筑、树木、交通灯、路灯、道路标志、其他车辆与行人。三个 IB 测量事件：交通灯变红、行人踏入路面、前车跟车距离减小。无独立分心次任务。	导航图形为橙色（理由：该色在雨雾条件下已被证明稳健、适用）；轮廓显著性条件 CS+ 通过黑色描边（black outline）实现，文献依据明确指出彩色描边可能与图形或背景融合造成混淆，故应选黑色。论文未给出 RGB/HEX/CIE 坐标；未设置透明度变量、未报告透明度数值，仅引用文献「闪烁动效 + 透明度介于 0.5–0.75 可有效缓解 IB」。	AR-HUD 导航图形叠加于风挡；论文未明确说明是贴地水平面、垂直面还是屏幕坐标。视场角与偏心度论文未报告角度值，仅报告显示物理尺寸：34 英寸屏、16:9、约 79 cm 宽 × 34 cm 高（用以模拟典型汽车风挡尺寸）；未给出观察距离，故无法反算视角。本文的显著性设计作用于导航图形而非行人标注，故不涉及与危险目标的相对位置。	回旋镖形（boomerang-shaped）导航箭头。尺寸基准依据标准 AR-HUD 尺寸范围 150 × 150 px 至 300 × 300 px；动态条件下箭头从 150 px 放大到 300 px（线性尺度 2 倍、面积 4 倍）。轮廓条件 CS+ 为黑色描边、CS− 为无描边；描边线宽论文未明确报告。	2 × 2 中的动画因子：APS 为固定尺寸箭头（静态），APE 为动态缩放箭头——正常行驶时导航动画不变，接近危险时箭头从 150 px 放大到 300 px。动态放大动画的持续时长、放大速率与帧率论文未明确报告（作者在未来工作中明确承认这一缺口，建议探索不同动画速度与图形变换幅度）。本文未采用闪烁，无闪烁频率与占空比数据。	论文未使用 TTC 阈值。动态放大的触发条件仅定性描述为「车辆接近障碍物或感知到潜在危险时（as the vehicle approaches an obstacle or perceives a potential hazard）」「在临近危险时（in proximity to danger）」「在关键时刻（during critical moments）」，未给出触发距离、TTC 秒数或速度条件。可直接引用的时间门槛是 IB 判定窗：TTFF 最优区间 100–300 ms、TDT 最优区间 500–2000 ms。	论文未明确报告动态放大动画的持续时长、放大速率或帧率，也未报告撤销或渐隐规则与单个 IB 事件的刺激呈现时长。可用的相关门槛是总注视时长 TDT 的最优区间 500–2000 ms：≤ 500 ms 表示注意不足，≥ 2000 ms 可能表示因复杂、遮挡或误导内容而分心。	本文实质提出一种两级时间结构——常态阶段动画不变，临近危险阶段图标临时从 150 px 放大到 300 px，即「临界时刻临时放大图标以增强注意捕获」；但论文未给出两级之间的切换时刻或间隔秒数，也未给出各级的触发点数值。本文不含颜色或强度的多级分档。	G*Power 估算（α = 0.05，f = 0.25，power = 0.95）最低样本 18 人，实际招募 30 人（性别大致均衡，年龄 20–25 岁，M = 22.23 岁 SD = 1.73，均持有效驾照，平均驾龄 2.21 年 SD = 3.11，视力或矫正视力正常，右利手）。被试在模拟座舱中佩戴 Tobii Pro Glasses 3 并校准，完成练习 session 后进行正式阶段：每人完成 4 个 session（对应 4 个图形条件），每个 session 含 3 个 IB 测量场景，发现事件时用方向盘按键反应；4 个 session 顺序随机化以控制顺序效应；每 session 结束后填写 UEQ。	两因素被试内设计（2 × 2）：① 轮廓显著性——CS+（有黑色描边）vs CS−（无黑色描边）；② 动画呈现——APS（固定尺寸箭头）vs APE（动态缩放箭头，150 px → 300 px）。组合成 4 种导航图形条件：APE/CS+、APE/CS−、APS/CS+、APS/CS−。	反应时（ms，从三类事件出现到方向盘按键，分析使用跨所有 trial 的累积反应分数，值越高 = 反应越慢）、总注视时长 TDT（AOI = AR-HUD 导航图形上的累积注视时间，最优区间 500–2000 ms）、首次注视时间/时长 TTFF（最优区间 100–300 ms）、UEQ 用户体验问卷 6 维度（吸引力、易懂性、效率、可依赖性、刺激性、新颖性，7 点 Likert，用总分比较）。统计：两因素重复测量 ANOVA，正态性用 Kolmogorov–Smirnov 与 Jarque-Bera 检验，因每因素仅 2 水平未做 Bonferroni 事后检验。	反应时：Dynamic 主效应 F = 52.63, p < 0.001, ηp² = 0.31；Contour 主效应 F = 14.76, p < 0.001, ηp² = 0.11；交互 F = 8.08, ηp² = 0.05（p 值在结果节写 0.015、讨论节写 0.007）。各条件均值（M ± SD, ms）：APE/CS+ 1579.63 ± 271.02（最短）、APE/CS− 1654.33 ± 250.37、APS/CS+ 1839.70 ± 342.70、APS/CS− 2182.30 ± 316.86（最长）；最优与最差之差约 602.67 ms（约 27.6%）。TDT：Dynamic F = 54.60, p < 0.001, ηp² = 0.32；Contour F = 4.22, p = 0.042, ηp² = 0.04；交互 F = 23.86, p < 0.001, ηp² = 0.17；均值 APE/CS+ 1836.47 ± 359.52（落在 500–2000 ms 最优区间，判为最有效吸引注意）、APS/CS+ 1607.27 ± 704.83、APE/CS− 2471.30 ± 526.22（> 2000 ms，判为过长/分心）、APS/CS− 1348.17 ± 319.23（判为过短）。TTFF：Dynamic F = 16.59, p < 0.001, ηp² = 0.13；Contour F = 26.58, p < 0.001, ηp² = 0.19；交互 F = 11.34, p = 0.001, ηp² = 0.09；APS/CS+ 186.30 ± 72.12 与 APE/CS− 176.37 ± 48.26 均落在 100–300 ms 最优区间，APS/CS− 108.10 ± 35.34 判为过短、可能导致 IB。UEQ：Dynamic F = 73.946, p < 0.001；Contour F = 30.765, p < 0.001；交互不显著 F = 0.012, p = 0.911（即两者对主观体验的影响相加而非协同）；总分 APE/CS+ 35.57 ± 2.32（最高）> APE/CS− 33.13 ± 2.89 > APS/CS+ 31.77 ± 2.461 > APS/CS− 29.23 ± 2.08（最低）。机制解释：轮廓通过高对比度「捕获」注意，动态变化通过运动线索「保持」注意。⚠ 笔记标注文内多处数值自相矛盾，属必须声明的可靠性风险：交互 p 值 0.015 vs 0.007；反应时均值 1579.63 vs 讨论节 1594.67、2182.30 vs 2183.50；表 7 中 APE/CS+ 的 TTFF 被误填为 TDT 数值 1836.47 ± 359.52（排版错误，该数值不可用）；讨论称动态「减少」TDT 而表 5 数据显示动态条件 TDT 更高（方向表述与数据矛盾，须以表 5 数据为准）；IB 测试场景数 3 个 vs 4 个不一致；眼动设备 Tobii 桌面式与 Tobii Pro Glasses 3 两种表述并存。⚠ 笔记另指出本文混用了 Time to First Fixation（越短越好）与 First Fixation Duration（越长表示加工投入越多）两个不同指标，引用时必须区分并注明术语混用；⚠ 本文只测「静态 vs 放大」两级，未测过强条件，不能用于支持「动效越强越好」；⚠ 本文未评估「导航图形变强后对突发行人的 IB 影响」，是最重要的未覆盖风险。	Qi Zhu, Jiale Li, Yixiang Liu	Qi Zhu	2025	IEEE Access 2025	Q2 (IF 4.2)	全文	强	(Zhu et al., 2025)	Zhu, Q., Li, J., & Liu, Y. (2025). Visual Saliency Design for AR-HUD Navigation in Extreme Weather: Reducing Inattentional Blindness. *IEEE Access*, *13*, 137613–137622. https://doi.org/10.1109/access.2025.3588576	实验1、实验3、实验4
70	Differences in drivers’ pedestrian avoidance response based on Warning timing, stimulus-response compatibility and Drivers’ distraction of auditory pedestrian collision warning system	驾驶模拟器 + 听觉行人碰撞预警系统（纯听觉，无 HUD 图形）。行人冲突形式为行人横向冲出（摘要未说明具体冲出方式、左右侧或遮挡形式）。分心任务作为自变量操纵：control 无分心 / auditory distraction 听觉分心 / visual distraction 视觉分心。摘要未报告模拟器型号、道路类型、车速、场景类型、试次数、声压级与声音频率。	摘要未报告（本研究为纯听觉行人碰撞预警，无视觉图形，故无颜色编码方案、无 RGB/HEX/CIE 坐标、无颜色名称、无分级配色；摘要亦未报告声压级与声音频率等听觉侧的等效编码参数）。	摘要未报告（本研究为纯听觉预警，无 HUD 图形，无视觉呈现位置与空间参照系，无 FOV、偏心度与虚像距离；扬声器方位与声源空间化方式亦摘要未报告）。唯一可迁移的空间性变量是刺激—反应兼容性（S-R compatibility），即预警信号的空间侧位与驾驶员应做的回避动作方向之间的映射关系。	摘要未报告（本研究为纯听觉预警，无任何图形形态与几何参数：无边界框、虚拟阴影、箭头、风险区、图标或文字，无尺寸与线宽）。唯一与「形态」相关的操纵是听觉信号的空间侧位与回避动作方向的 S-R 映射（兼容/不兼容）。	摘要未报告（本研究为纯听觉预警，无静态/动态图形设计，无随距离/TTC/风险等级变化的量级映射，无闪烁频率、占空比与更新率）。	预警时机（warning timing）为核心自变量，仅设 2 个水平：TTC = 2 s 与 TTC = 4 s。摘要未报告 TTMD/THW 阈值、距离阈值、减速度阈值、TTC 计算公式与参数、预警提前期、报警延迟与系统时延。结论明确 TTC 4.0 s 优于 TTC 2.0 s。	摘要未报告预警持续时长、撤销/渐隐规则、声音的时长与重复次数，也未报告声压级与频率。摘要仅报告预警时机（TTC 2 s / 4 s）这一时间自变量，未涉及任何持续时间维度的操纵或数值。	摘要未报告分级预警，无级数、无各级触发点、无级间间隔。本篇操纵的是单级预警在两个不同时机（TTC 2 s / 4 s）与两种 S-R 映射（兼容/不兼容）下的效果，而非风险级别分级。	驾驶模拟器中在听觉行人碰撞预警系统辅助下完成行人回避任务，同时在三种分心条件下（无分心/听觉分心/视觉分心）驾驶。摘要未报告被试数量、年龄、驾龄，也未报告场景类型、车速、行人冲出方式、试次数、指导语与流程。	三因素设计（摘要未说明被试内/被试间）：① 刺激—反应兼容性，2 水平（compatible / incompatible）；② 预警时机，2 水平（TTC = 2 s / TTC = 4 s）；③ 驾驶员分心类型，3 水平（control 无分心 / auditory distraction 听觉分心 / visual distraction 视觉分心）。统计方法摘要未报告。	5 个因变量，其中 1 个为时间类：① time to initial steering wheel maneuvering（首次转向操作时间，时间类；具体计时起点是预警起点还是行人出现起点摘要未明确）；② steering wheel rotation angle（转向角幅度）；③ clearance distance to the pedestrian（与行人的余隙距离）；④ ratio of pedestrian-collision（行人碰撞率）；⑤ ratio of lane departure（车道偏离率）。摘要未给出任何一个因变量的数值均值、SD 或统计量。	摘要层面四条定性结论：① S-R 兼容性的效应随预警时机与分心类型而变（存在交互）；总体上「S-R 不兼容（incompatible）」条件比「兼容」条件更适合听觉行人碰撞预警系统；② TTC 2 s 相较 TTC 4 s：方向盘转角更大、行人碰撞率更高、车道偏离率更高——即 2 s 报警迫使驾驶员做出更激烈的转向，反而同时抬高了撞人风险与失控风险；③ 三类分心中视觉分心（visual distraction）对行人回避能力的损害最严重；④ 总结论（摘要原话）：提供 TTC 4 s 的 S-R 不兼容预警，在向驾驶员提供行人碰撞预警时更可靠、更有用。⚠ 摘要未报告各条效应的 F/p 值、效应量、具体均值，以及交互的具体方向分解（例如「不兼容优势」是否只在某一 TTC 或某一分心条件下成立）；预警时机仅 2 个水平，无法定位最优阈值曲线的拐点；因变量以转向类为主，缺少制动反应时（BRT）指标，与以制动为主的 FCW 文献不易直接对齐。⚠ 韩文期刊、单一实验、引用数仅 1，外部验证不足；无 PDF，无法核验被试量与统计效力，笔记明确「不宜将其数值单独作为规范定值」，引用时应标注为摘要级证据，数值仅引 2 s / 4 s 两个 TTC 水平及其定性优劣。	Hyunmin Kang, Kwanghee Han, Jaesik Lee	Hyunmin Kang	2016	Korean J Ind Organ Psychol 2016	未收录JCR (IF -) (韩国 KCI 收录期刊)	仅摘要	中	(Kang et al., 2016)	Kang, H., Han, K., & Lee, J. (2016). Differences in drivers’ pedestrian avoidance response based on Warning timing, stimulus-response compatibility and Drivers’ distraction of auditory pedestrian collision warning system. *Korean Journal of Industrial and Organizational Psychology*, *29*(2), 257–277. https://doi.org/10.24230/kjiop.v29i2.257-277	实验0、实验1、实验3
71	Effects of collision warning system under different warning timing on driving speed and distanc	BJTU 驾驶模拟器（整车 Ford Focus + VR 视听系统 + 一自由度运动平台，300° 前向视野显示系统，含仿真后视镜、侧视屏与后视屏）。场景为双向双车道城市道路，车道宽 3.5 m，限速 80 km/h；每个驾驶场景约 5 min，含 6 个信号交叉口，间距 800–1200 m。冲突形式为信号交叉口的闯红灯（RLR）车—车横向冲突：本车侧为绿灯，闯红灯车以 20 m/s 违规穿行，驾驶员必须减速回避。非行人场景；无分心次任务。	论文未明确报告（本研究预警为纯听觉，无视觉/HUD 呈现，故无颜色编码方案、无 RGB/HEX/CIE 坐标、无颜色名称、无分级配色）。	论文未明确报告（本研究预警为纯听觉，无 HUD 图形呈现位置与空间参照系，未报告扬声器方位或声源空间化）。视场角与偏心度不适用于预警呈现；模拟器提供 300° 前向视野含侧/后视屏，对生态效度有意义。可迁移的空间量是最大减速度时刻距冲突点的距离 33.24–59.49 m（80 km/h 限速城市道路条件）。	论文未明确报告（本研究为纯听觉预警，无任何图形形态与几何参数：无边界框、虚拟阴影、箭头、风险区、图标或文字，无尺寸与线宽）。预警由接近传感器在本车接近时间达到预设释放时刻时以声音形式发出。	论文未明确报告（本研究为纯听觉预警，无静态/动态图形设计，无随距离/TTC/风险等级变化的量级映射，无闪烁频率、占空比与更新率）。预警由接近传感器在预设时间距离精确触发，为单次单级释放。	预警释放时刻为唯一自变量，7 个水平：碰撞发生前 2.5 s、3.0 s、3.5 s、4.0 s、4.5 s、5.0 s、5.5 s（步长 0.5 s），外加无预警对照（NA）。触发机制：TTC 传感器实时计算本车到冲突点的接近时间，当本车距冲突点 7 s 时在 A 点以 20 m/s 触发闯红灯车穿越；接近传感器在本车接近时间达到预设释放时刻时发出听觉预警。水平区间设定原则：最晚释放时刻至少要允许驾驶员对预警作出反应，最早释放时刻不能增加用户对预警的不信任。论文未给出显式 TTC 公式、减速度阈值与报警延迟。	论文未明确报告预警的持续时长、撤销或渐隐规则（仅说明是听觉预警，由接近传感器按预设时间距离精确触发）。相关的时间量是「释放→剧烈减速」的响应潜伏期：3.0 s 释放约 0.5 s、4.0 s 释放约 1.5 s、5.0 s 释放约 1.5 s、5.5 s 释放约 2.0 s（由映射表推得，原文未显式给出）。	无分级。本研究为单级听觉预警，未做分级/升级设计，无级数、无各级触发点、无升级间隔数据。笔记指出「3.0 s 硬下限 + 3.0–4.0 s 推荐区间 + 5.0–5.5 s 仍有额外空间收益」的结构天然支持一个两级设计（早级放在 4.5–5.5 s 提示性、晚级放在 3.0–4.0 s 强制性），但明确标注为推断而非原文结论。	45 名被试（男性占 53%，年龄 31–39 岁、均值 35 岁，全部持照 ≥ 3 年且年均行驶里程 > 2 万公里，视力/矫正视力与听力正常）在驾驶模拟器中驾驶经过信号交叉口，遭遇闯红灯车横向切入并必须减速回避。流程：填写个人信息 → 指导语与操作训练 → 10–15 min 适应性练习驾驶 → 正式实验（8 个实验交叉口随机分布在 5 个相似场景中，每场景随机安排 1–2 个实验交叉口，使驾驶员无法依位置或时序记忆预测冲突事件，每名被试对每个预警条件只经历一次，场景间可休息 10 min）→ 结束后填写 ICWS 主观有效性问卷 → 支付报酬。	单因素设计，主因素为 ICWS 预警释放时刻，7 个水平：碰撞前 2.5 / 3.0 / 3.5 / 4.0 / 4.5 / 5.0 / 5.5 s（步长 0.5 s），外加无预警对照组（NA），共 8 个实验交叉口/人。	① 速度轨迹（以距冲突点的时间距离为横轴，从 6.5 s 到 0 s、切片 0.5 s，比较各条件均速）；② 最大减速度时刻距冲突点的距离（m，制动踏板力达最大值瞬间车辆到冲突点的距离）；③ 碰撞率；④ 剧烈减速发生的时间距离；⑤ 预警有效性起效时间距离（与无预警条件相比速度出现统计显著差异的最早时间切片）；⑥ 主观有效性问卷（原文未报告结果数值）。统计：配对 t 检验逐切片比较、单因素 ANOVA 比较余隙距离，α = 0.05。	速度轨迹与碰撞率：早期阶段（距冲突点 6.5 → 5.5 s）各条件速度无明显变化；无预警（NA）速度仅轻微下降，直到距冲突点 1.5 s 才猛踩制动，对应最高碰撞率 44.1%；2.5 s 预警碰撞率次高 29.4% 且未出现剧烈减速；3.0 s 预警剧烈减速出现在距冲突点 2.5 s；3.5 s 预警在 1.5 s；4.0 s 与 4.5 s 预警均在 2.5 s；5.0 s 与 5.5 s 预警均在约 3.5 s。逐切片配对 t 检验（p < 0.05）：NA vs 2.5 s 所有时间切片均无显著差异（最大差值 0.82 @0 s）；NA vs 3.5 s 同样全程无显著差异（差值 −0.02 至 0.24）；NA vs 3.0 s 自距冲突点 3.5 s 起显著（t = 2.17 @3.5 s、2.44 @3.0 s、2.77 @2.5 s、2.92 @2.0 s、3.25 @1.5 s、3.71 @1.0 s、4.01 @0.5 s、4.12 @0 s）；NA vs 4.0 s 自 3.0 s 起显著（2.36、2.71、2.82、2.81、2.74、2.67、2.82）；NA vs 4.5 s 自 3.0 s 起显著（2.56、4.18、5.71、6.62、6.71、6.00、5.13）；NA vs 5.0 s 自 3.5 s 起显著（2.08、3.87、5.64、7.00、7.24、6.28、5.02、4.09）；NA vs 5.5 s 自 4.0 s 起显著（2.32、3.61、5.24、6.94、8.08、8.01、6.89、5.44、5.13）。最大减速度时刻距冲突点的距离（ANOVA F = 7.464, p < 0.05）：NA 33.24 m（S.D. 40.75）、2.5 s 36.57（32.06）、3.0 s 44.44（28.10）、3.5 s 36.92（30.12）、4.0 s 50.07（28.95）、4.5 s 50.52（24.82）、5.0 s 56.26（29.09）、5.5 s 59.49（15.97）——释放越早余隙越大（跨度约 26 m）且个体差异越小。结论：预警应至少在碰撞前 3.0 s 释放；碰撞前 3.0 s 至 4.0 s 可能是提供预警的合适时刻；释放越早，最大减速度出现越早，为清除迫近碰撞预留的空间越大。⚠ 笔记标注 3.5 s 条件为本文最大的内部一致性问题：其剧烈减速时刻（1.5 s）与余隙距离（36.92 m）明显不符合「越早越好」的单调趋势，且与 NA 无显著差异，原文未解释此异常。⚠ 本文未测量反应时（RT/BRT）也未报告信任/接受度结果，故「越早越好」缺少信任侧的制衡证据，不能单独据此把阈值推到 5.5 s；⚠ ANOVA 只给出单个 F 值，未报告 df、事后比较与效应量；⚠ 场景为信号交叉口车—车横向冲突而非行人，限速 80 km/h，被试均龄 35 岁且年均里程 > 2 万 km，引用时须注明，避免直接外推到低速城市行人横向冲出场景。	Zhang Yuting, Li Xiaomeng, Yan Xuedong	Zhang Yuting	2015	ICTIS 2015	会议 (IF -) (交通信息与安全国际会议)	全文	强	(Zhang et al., 2015)	Zhang, Y., Li, X., Yan, X., & Xue, Q. (2015). Effects of collision warning system under different warning timing on driving speed and distanc. In *2015 International Conference on Transportation Information and Safety (ICTIS)* (pp. 380–385). IEEE. https://doi.org/10.1109/ictis.2015.7232174	实验0、实验1、实验2、实验3
72	Forward collision warning system considering both time-to-collision and safety braking distance	纯算法 + 仿真研究（无人类被试）。仿真所用实车数据为一段 767 s 的高速公路行驶记录（2010-02-05 上午 10:21:34 起），速度剖面为起初 96 s 加速段、随后约 600 s 维持高速、最后约 50 s 减速停车，速度轴范围 0–120 km/h。仿真车辆为 Mitsubishi Zinger 2.4（1620 kg + 1 人 60 kg = 1680 kg）。场景明确面向高速公路跟车的前向车—车碰撞，完全不涉及行人、横向冲突或城市低速场景；无分心任务。	论文未明确报告。全文只有系统结构图中的「Alarm」方框，未说明预警是视觉、听觉还是 HUD 呈现，也未给出任何颜色编码方案、RGB/HEX/CIE 坐标、颜色名称或分级配色。HMI 完全缺失。	论文未明确报告呈现位置与空间参照系（未说明是屏幕固定、世界锁定、目标锁定、仪表还是下视显示），也未报告 FOV、偏心度与虚像距离。可迁移的空间量为纵向距离预算：反应距离 D_r = t_r·V（60 km/h 时 12.3–19.5 m，100 km/h 时 20.6–32.5 m）、压力建立距离 D_p = t_p·V_0（60 km/h 时 5.0–12.5 m，100 km/h 时 8.3–20.8 m），合计 60 km/h 时 17.3–32.0 m、100 km/h 时 28.9–53.3 m（后者为笔记推算）。	论文未明确报告任何图形形态与几何参数（无边界框、虚拟阴影、箭头、风险区、图标或文字，无尺寸、无线宽）。报警的模态、位置、时长与视觉形式在全文中均未定义。	论文未明确报告静态或动态、无动效参数、无闪烁频率与占空比、无更新率。等级由实时判据切换（D 与 D_s,min/D_s,max 的比较、TTC 与临界 TTC 的比较、以及 dD/dt > 0 的趋势降级），即预警等级随距离与 TTC 实时变化，但图形侧的动静态表现未定义。	TTC 与安全制动距离双判据。临界 TTC，T_c = 1.5 s（依据 van der Horst）；TTC = D(t)/(dD(t)/dt)。空间判据：D < D_s,min 进 Rule 1，否则 D < D_s,max 进 Rule 2，否则判安全；D_s = D_b + D_r + D_p，D_s,max 取 μ_min/η_min + D_r,max + D_p,max，D_s,min 取 μ_max/η_max + D_r,min + D_p,min。反应时 t_r 分龄：18–33 岁 0.74–1.10 s、34–47 岁 0.75–1.12 s、48–57 岁 0.77–1.13 s、58–70 岁 0.78–1.17 s；三段分解 = 反射 0.44–0.52 + 判断 0.15–0.25 + 动作 0.15–0.40 s。制动压力建立 t_p = 0.3–0.75 s。安全 TTC 界 T_s,min/T_s,max 由 ANN 输出，论文未给数值与公式。	论文未明确报告预警持续时长与撤销/渐隐规则。等级由实时判据连续切换，无固定持续时间设计；报警延迟（warning lag）与系统时延亦未建模。可推算的相关时间量是「从危险出现到车辆真正开始有效减速」的总时延 = t_r + t_p = 1.04 s（最优，0.74 + 0.30）至 1.92 s（最差，1.17 + 0.75），该合计值为笔记据 Table 3 与 t_p 范围推算，原文未显式给出。	有分级，5 级结构：Level 0 / 1 / 2 / 3 / 4（Level 4 = 最危险、需立刻减速；Level 0 = 仅提示注意车距）。触发逻辑为空间判据优先于时间判据：先比较 D 与 D_s,min、D_s,max 选择 Rule 1 或 Rule 2，再在规则内用 TTC < T_c = 1.5 s 判定最高危级别；趋势判据 dD/dt > 0（间距在扩大）用于降级——即使车距不足，只要间距在扩大就降为 Level 1。升级间隔（level-to-level 的时间间隔）论文未明确报告，等级由实时判据切换，无固定时间间隔设计。	无被试实验（本文为算法 + 仿真类研究）。全文无人类被试、无统计检验；仿真基于一段 767 s 的实车高速公路行驶记录做算法自洽性演示。作者未评估驾驶员是否理解 5 级信号、是否会被 Level 0/1 骚扰，也未验证预警有效性。	不适用（无被试实验）。算法输入量包括车速 V、道路坡度 θ_s、驾驶员年龄、车重 W、路面材质与天气状况；仿真参数设定：W = 1680 kg、g = 9.8 m/s²、ρ = 1.18 kg/m³（25 °C）、A_f = 1.61 m × 1.775 m、C_d = 0.45（范围 0.15–0.5）、η_b 0.85–0.95（范围 0.8–1.0）、f_r = 0.015、γ = 1.04（范围 1.03–1.05）；路面附着系数 μ 按有/无 ABS 分列：干沥青 0.8–0.9 / 0.75、湿沥青 0.5–0.7 / 0.45–0.60、干混凝土 0.8–0.9 / 0.75、湿混凝土 0.8 / 0.70、雪 0.2 / 0.15、冰 0.1 / 0.07。	算法性能指标而非人因指标：TTC（按 TTC = D/(dD/dt) 实时计算）、临界 TTC（T_c = 1.5 s）、安全 TTC 上下界 T_s,min/T_s,max（ANN 输出，无数值）、反应时 t_r（分龄三段分解）、制动压力建立时间 t_p（0.3–0.75 s）、安全制动距离 D_s,min/D_s,max（m）、预警等级 Level 0–4。本文没有任何人因实验、没有统计量、没有对预警有效性的验证（无 F/p/效应量/被试反应时）。	仿真基于 767 s 实车高速公路数据：速度剖面为起初 96 s 加速、随后约 600 s 高速、最后约 50 s 减速停车（速度轴 0–120 km/h）；车距图中超过 200 m 的部分不显示；安全制动距离与实际车距对照可见，在大约第 140 s 至第 165 s 期间本车未保持安全制动距离；整段行驶中共出现 5 次 TTC 小于临界 TTC（1.5 s）的情形；系统输出 5 类预警等级（0–4）。结论：算法适用于 FCW，能给出有用的报警信息。可直接引用的时间参数：驾驶员反应时 0.74–1.17 s（反射 0.44–0.52 + 判断 0.15–0.25 + 动作 0.15–0.40）、制动压力建立 0.3–0.75 s、合计 1.04–1.92 s 不可压缩时延、临界 TTC 1.5 s、TTC = D/(dD/dt)。⚠ 本文无人因验证、无统计量，就人因实验证据而言仅为 C 级；仅一段 767 s 数据、无重复、无统计推断。⚠ 笔记标注年龄效应量级冲突：Table 3 给出的年龄反应时增量仅 40–70 ms（18–33 岁 vs 58–70 岁），与人因文献中老年驾驶员反应时显著延长（数百毫秒级）的结论不符；该分龄表来自车辆工程手册的经验值，是理想警觉状态下的下界，未包含注意分配、视觉搜索与决策复杂度的年龄效应，笔记明确「引用时不应把 Table 3 当作老年驾驶员反应时的实证依据」。⚠ 笔记另标注：制动距离公式在 PDF 抽取过程中排版严重错乱，引用时须核对原 PDF 第 1 页公式 (1) 的精确排版；f_r 在正文两处分别写 0.012–0.015 与 0.007–0.015；ANN 计算单元承担 D_s、T_s,min、T_s,max 的计算但全文未给出网络结构、训练数据、训练方法或验证误差，是本文方法学上最大的空洞。⚠ 引用其反应时、压力建立时间、临界 TTC 与 μ 表时须注明这些是手册经验值/工程设定值而非本文实测，且场景为高速公路车—车前向碰撞。	Yuan-Lin Chen, Kun-Yuan Shen, Shun-Chung Wang	Yuan-Lin Chen	2013	ICIEA 2013	会议 (IF -) (IEEE 工业电子与应用会议)	全文	强	(Chen et al., 2013)	Chen, Y. L., Shen, K. Y., & Wang, S. C. (2013). Forward collision warning system considering both time-to-collision and safety braking distance. In *2013 IEEE 8th Conference on Industrial Electronics and Applications (ICIEA)* (pp. 972–977). IEEE. https://doi.org/10.1109/iciea.2013.6566508	实验0、实验1
73	A-TTC: a multimodal fusion framework for personalized truck forward collision warning via dynamic threshold calibration	纯算法/数据驱动研究，无实验场景设置。数据为 569 辆卡车、3,519 条经视频核验的 FCW 触发事件（正式版口径）；对象为重型卡车车—车追尾，非行人冲突；预印本另述仿真覆盖静止/等速/缓减速/紧急减速四类纵向场景。驾驶员状态含 Distracted/Normal/Harsh（含分心）。道路类型与车速摘要未报告。	摘要未报告。本篇为算法框架研究，完全不涉及 HMI 与图形设计，未给出任何颜色编码方案、颜色名称、RGB/HEX/CIE 坐标，也无按风险等级划分的分级配色描述。	摘要未报告。不涉及 HUD 或任何显示位置与空间参照系（无屏幕固定/世界锁定/目标锁定描述），亦无视场角 FOV、偏心度或虚像距离。	摘要未报告。无图形形态、尺寸或线宽参数。唯一的空间性量是模型预测输出的制动距离（braking distance），其数值与误差分布摘要亦未报告。	动态。阈值为 Adaptive Time-to-Avoidance（A-TTC），随多模态识别的驾驶员状态（Distracted/Normal/Harsh）、预测反应时与预测制动距离动态标定，自我定位为 driver-in-the-loop 框架。闪烁频率、占空比与更新率摘要未报告。	用动态 time-to-avoidance（避险时间）阈值替代固定 TTC，阈值 = f（驾驶员状态、预测反应时、预测制动距离）。MMTANN 同步面部线索+道路场景+车辆动力学做状态识别（84.80%），GBDT 预测实时反应时，C-Trans 预测制动距离（RMSE 较 LSTM 降 51.8%）。阈值取值范围与秒数摘要未报告。	摘要未报告。未见任何关于预警图形/信号驻留时长的描述，也未给出撤销条件、解除阈值或渐隐规则；本篇只报告阈值标定与分类性能，不含 HMI 时序设计。	摘要未报告。仅报告单一的动态避险时间（time-to-avoidance）阈值，未见分级级数、各级触发点或级间间隔的任何描述；预印本与正式版摘要均未提及多级升级逻辑。	无被试实验（本文为数据驱动的算法/框架研究）。评估方式为自然驾驶 FCW 触发日志上的回溯事件级评估（retrospective event-based evaluation on pre-triggered FCW logs），无被试任务、无人因验证。	不适用（无被试实验）。模型输入为多模态驾驶员状态表征（面部线索、道路场景、车辆动力学）与运动学量，输出为动态避险时间阈值。	算法性能指标：总体准确率、驾驶员状态三分类识别准确率、事件级骚扰报警占比（event-level nuisance-warning proportion）、威胁事件召回率（threat-event recall）、反应时与制动距离预测的 RMSE 相对降幅。	正式版（AAP 236:108635）：569 辆卡车、3,519 条视频核验事件；总体准确率 81.42%；驾驶员状态三分类（Distracted/Normal/Harsh）识别准确率 84.80%；事件级骚扰报警占比 13.74%；威胁事件召回 89.25%；反应时/制动距离预测 RMSE 较标准 LSTM 降低 51.8%。⚠「固定阈值误报率 25.16%」出自 SSRN 预印本，正式版已删除，不得作为真实系统虚警率的依据；预印本的 816 车/9,435 条/82.67%/12.21% 均已废止。对象为重型卡车追尾，数值不得作本课题参数锚点。	Yibing Wang, Qi He, Jingqiu Guo	Yibing Wang	2026	AAP 2026	Q1 (IF 7.4) (交通安全领域权威期刊)	仅摘要	中	(Wang et al., 2026)	Wang, Y., He, Q., Guo, J., Stevenson, M., & Xu, Y. (2026). A-TTC: a multimodal fusion framework for personalized truck forward collision warning via dynamic threshold calibration. *Accident Analysis & Prevention*, *236*, 108635. https://doi.org/10.1016/j.aap.2026.108635	实验2
74	Alarm timing, trust and driver expectation for forward collision warning systems	Leeds Advanced Driving Simulator 固定基座模拟器（改装 Rover 216GTi，水平前向视场 230°、垂直 39°、后视 60°）；乡村单车道道路，有前车与偶有对向来车；车速 40/60/70 mile/h（容差 ±5%）；车头时距 1.7 s（短）与 2.2 s（长）；冲突形式为前车以 0.8 g 减速并亮刹车灯至停止（车—车追尾，非行人横穿、无遮挡）；无分心副任务。	论文未明确报告。本研究为纯听觉报警（主频 4000 Hz），无任何视觉或图形呈现，因此不存在颜色编码方案、颜色名称、RGB/HEX/CIE 坐标，也无按紧急度划分的分级配色。	论文未明确报告。纯听觉报警，未说明扬声器方位与是否做空间化；无 HUD、无空间参照系、无视场角或虚像距离。唯一空间参数是模拟器视场：水平前向 230°、垂直 39°、后视 60°（水平），用于生态效度说明。	论文未明确报告。无视觉图形形态、尺寸或线宽参数——报警为简单听觉信号（simple auditory alarm），主频 4000 Hz、持续约 2.0 s，全文不含任何视觉图形要素。	静态单级听觉报警（持续约 2.0 s、主频 4000 Hz，强度与频率不随距离、TTC 或风险等级变化，无闪烁/占空比参数）。但实际报警时刻随驾驶条件动态改变：同一套 SDA 参数在 6 种条件下产生 0.074–1.484 s 的不同 alarm time。	用 Stop-Distance-Algorithm 距离判据而非 TTC：Dw = Vf·RT + Vf²/(2Df) − Vl²/(2Dl)；RT = 1.25 s、Dl = 0.5 g；早报警 Df = 0.45 g、晚报警 Df = 0.60 g。实测 alarm time（自前车开始制动起算）：早报警 0.074–0.641 s、晚报警 0.661–1.484 s；短时距早报警均值 0.149 s、长时距 0.557 s、全条件 0.353 s。前车实际减速度 0.8 g。	听觉报警持续约 2.0 s（主频 4000 Hz）。论文未明确报告撤销条件、解除阈值或渐隐规则。相关时序：每次前车制动事件后约 8 s，前车逐渐重新起步，被试须加速回到目标车速。	无分级（单级听觉报警，无级间间隔，论文未明确报告分级设计）。仅设「早报警」与「晚报警」两个被试间时机水平（由假定本车减速度 Df = 0.45 g vs 0.60 g 实现），并非同一试次内的级联升级。	22 名被试（23–61 岁，M = 31.9、SD = 9.3，驾龄 ≥ 2 年）在模拟器中保持实验员指定车速（40/60/70 mile/h ±5%）并跟随前车避免追尾，明确指示只能用制动、不得换道；每 session 6 次前车 0.8 g 制动事件（间隔不规则以防预测）；每次事件后口头回答信任（10 点）与报警时机感知（early/correct/late）。	①报警时机（被试间 2 水平：早/晚，各 11 人）；②报警呈现（被试内 2 水平：无报警 session / 有报警 session，顺序平衡）；③车速（3 水平：40/60/70 mile/h）；④车头时距（2 水平：1.7/2.2 s）。共 6 种驾驶条件，顺序与试次均平衡。	①制动事件→踩刹车时间（总制动反应时 BRT）；②制动事件→松油门时间；③松油门→踩刹车时间；④信任 10 点量表评分（每次制动事件后口头评分）；⑤报警时机主观感知（early/correct/late 三级）；派生量 alarm time。	短时距早报警 BRT 1.20→0.93 s（Z=2.09, p<0.05；方差 F(1,64)=8.42, p<0.01），源于松油门 0.81→0.60 s；长时距晚报警 BRT 0.95→1.07 s（F(1,53)=5.32, p<0.05）。信任：时距×时机 F(1,115)=4.51, p=0.0357；早 6.7/6.8 vs 晚 5.2/3.9；感知 correct 7.3、late 4.3（F(1,115)=118.32, p<0.01）；correct 组 alarm time 0.51 s、late 0.77 s，判据参照线为无报警时自主松油门 0.72 s；alarm time 与信任 R=−0.46, p<0.01；全程零碰撞。	Genya Abe, John Richardson	Genya Abe	2006	Applied Ergonomics 2006	Q2 (IF 3.5) (人因工程权威期刊；百分位 70.4%，未过 Q1 线)	全文	强	(Abe & Richardson, 2006)	Abe, G., & Richardson, J. (2006). Alarm timing, trust and driver expectation for forward collision warning systems. *Applied Ergonomics*, *37*(5), 577–586. https://doi.org/10.1016/j.apergo.2005.11.001	实验0、实验1、实验2、实验4
75	The human factors of collision warning systems: System performance, alarm timing, and driver trust	驾驶模拟器研究（片段确证「This driving simulator study focuses on false and missing alarms produced by a forward collision warning system...」），研究对象为前向碰撞预警系统的误报与漏报；据 idx 74 转述其驾驶条件为「固定的驾驶条件（fixed driving conditions）」。道路类型、车速、行人/车辆冲突形式、是否有分心任务均摘要未报告。	摘要未报告。本篇摘要四源（Crossref/Semantic Scholar/OpenAlex/Europe PMC）均未获取，无任何颜色编码、颜色名称、RGB/HEX/CIE 坐标或分级配色信息可转录；不得据同作者组 idx 74 反填。	摘要未报告。呈现位置与空间参照系、视场角、偏心度、虚像距离均未获取；本篇是否与同作者组 2006 年研究一样采用纯听觉报警亦无法确证，不得据 idx 74 反填。	摘要未报告。无图形形态、尺寸或线宽信息可转录；本篇是否含视觉呈现要素亦无法确证（片段仅确证为驾驶模拟器研究、关注误报与漏报），不得据同作者组 idx 74 反填。	摘要未报告。无静态/动态判定，无随距离、TTC 或风险等级变化的描述，也无闪烁频率、占空比或更新率；仅由片段可知报警时机（alarm timing）是其操纵变量，但呈现方式未获取。	摘要未报告。报警时机（alarm timing）是本篇的核心自变量（由标题与片段确证），但其水平数与具体秒数、TTC/距离/减速度阈值、误报率与漏报率的设定值全部未获取。	摘要未报告。无持续时长、撤销条件、解除阈值或渐隐规则信息；本篇无任何可转录的原文内容，作为参照同作者组 idx 74 为听觉报警持续约 2.0 s，但不得反填本篇。	摘要未报告。级数、各级触发点与级间间隔均无任何信息可转录；片段仅确证本篇操纵报警时机（alarm timing）与系统性能（误报/漏报），未提及分级或升级机制。	摘要未报告。仅可确证为驾驶模拟器研究；被试数、任务指令、试次安排与流程均未获取（作为参照，同作者组 2006 年后续研究为 22 人的跟车—前车制动任务，但不得反填本篇）。	摘要未报告。据标题与片段可知至少涉及系统性能（具体化为误报 false alarms 与漏报 missing alarms）与报警时机（alarm timing），但水平数与取值未获取。	摘要未报告。据标题可知涉及驾驶员信任（driver trust），但量表形式与得分未获取；本篇是否测量了制动反应时等时间类因变量亦未获取。	摘要未报告——本篇无任何可转录的原文数值或统计量。唯一可引的二手转述（出自 idx 74 正文）：「Abe 与 Richardson（2004）发现，在固定的驾驶条件下，对早报警的信任高于对晚报警的信任」。⚠ 该转述严格来说指向同年 Transportation Research Part F 论文而非本篇 HFES 会议论文，存在文献识别混淆；本篇绝对不得用作数值锚点，且与 idx 74 不得当作两项独立证据并列计数。	Genya Abe, John Richardson	Genya Abe	2004	PsycEXTRA (APA) 2004	灰色文献 (IF -) (APA PsycEXTRA 收录报告)	仅摘要	弱	(Abe & Richardson, 2004)	Abe, G., & Richardson, J. (2004). *The human factors of collision warning systems: System performance, alarm timing, and driver trust* [Conference paper record]. American Psychological Association (APA). https://doi.org/10.1037/e577202012-006	实验1
76	Improvement of warning lag time in forward collision warning systems based on multifunctional warnings	真实道路实车实验（曼谷城市道路，含拥堵路段），单一驾驶员、单次 30 分钟行驶，测试路线含 28 个事故热点；场景为车—车跟车（非行人横穿），事故热点类型包含斑马线、交叉口、危险弯道；驾驶员不知系统输出以保证行为独立；无分心副任务（分心仅在引言中作为事故背景）。	论文未明确报告。全文未说明预警模态（视觉/听觉/触觉）与颜色，只有抽象的「Alarm / 系统输出」信号，无颜色名称、RGB/HEX/CIE 坐标或分级配色；HMI 在本文中完全缺失。	论文未明确报告。未说明预警是视觉、听觉还是 HUD，也未给呈现位置、空间参照系、FOV 或虚像距离。可迁移的空间量：激光测距仪装于挡风玻璃处朝前（接近驾驶员视点）；事故热点预警距离范围 dth = 30 m。	论文未明确报告。无图形形态、尺寸或线宽参数——HMI（模态、位置、时长、强度）在本文中完全缺失，作者亦将此列为无法直接迁移到 HUD 设计的局限。	论文未明确报告预警呈现的动静态。系统逻辑为两层并发、输出直接相加：FCW 按 Ts = D/v 实时判定，LW 按位置+速度+航向判定；无强度随距离、TTC 或风险等级变化的描述，无闪烁频率或占空比。	FCW 判据 Ts = D/v（假定本车加速度为 0、前车速度为 0），阈值由防御性驾驶「两秒法则」的 2.0 s 下调为实际采用的 1.6 s（曼谷激进驾驶习惯下的实车试错标定）。LW 判据：距事故热点 d < dth = 30 m 且 v > vth = 30 km/h 且航向指向热点（hth 数值论文未明确报告）。典型 FCW 作用时窗为碰撞前约 2–3 s（另一处表述为 2–5 s）。	论文未明确报告。预警持续时长、撤销条件、解除阈值与渐隐规则均未给出；本文只测「系统报警相对真实制动的时间差」，不涉及预警呈现的时序细节。	无时间上的分级升级——两个预警层（FCW + LW）的输出直接相加，无级间时序逻辑。但提出五级碰撞预防层级框架：Level 1 最小风险 / Level 2 开放条件 / Level 3 临界时刻（碰撞前 2–3 s）/ Level 4 碰撞不可避免 / Level 5 碰撞后；FCW 只覆盖 Level 3，LW 覆盖 Level 2。	一名正常驾驶员在城市真实道路驾驶 30 分钟，按平常习惯驾驶且不知系统输出；制动踏板装力敏电阻 FSR 记录真实制动动作（FSR 仅用于性能评估，正常运行不需要）。被试人数、年龄、驾龄论文未明确报告，是本文最严重的报告缺陷。	预警系统配置（对照设计，2 水平）：①FCW 单独运行；②FCW + LW（location-based warning，基于事故热点位置的预警）。两系统独立并发运行、预警输出直接相加，无层间时序编排；被试因素未操纵（近似单一驾驶员）。	①warning lag time（系统发出预警与无主动预警系统的正常驾驶员执行制动之间的时间差，用真实制动信号与系统输出信号的互相关法测量，取中部局部极大值与中心的距离；「+」表示预警晚于制动）；②系统预警准确率，分 correct / false positive / false negative 三项（%）。	FCW 单独 warning lag time=+1.47 s，correct 79.54%、FP 10.09%、FN 10.37%；FCW+LW=+1.32 s，correct 79.01%、FP 10.66%、FN 10.33%。即加 Level 2 位置层仅改善 0.15 s，准确率降约 0.53%。FN 主因是拥堵停车仍踩刹车被误计为制动。⚠ 无任何统计检验，样本近似单一驾驶员单次 30 min，1.47/1.32/0.15 s 只作个案量级参考；1.6 s 为曼谷本地试错标定值，非普适。	Peachanika Thammakaroon, Poj Tangamchit	Peachanika Thammakaroon	2012	ICVES 2012	会议 (IF -) (IEEE 车辆电子与安全会议)	全文	强	(Thammakaroon & Tangamchit, 2012)	Thammakaroon, P., & Tangamchit, P. (2012). Improvement of warning lag time in forward collision warning systems based on multifunctional warnings. In *2012 IEEE International Conference on Vehicular Electronics and Safety (ICVES 2012)* (pp. 146–150). IEEE. https://doi.org/10.1109/icves.2012.6294314	实验0、实验1
77	An Efficient Visual Forward Collision Warning Display for Vehicles	固定基座驾驶模拟器；高速公路（motorway）场景约 15 分钟，限速 110 km/h，前车固定距离巡航、车头时距约 1.5 s；车—车前向碰撞预警（非行人）；设视觉分心副任务——道路标志辨别，目标随机出现在中控台、场景最左（近左后视镜）、最右（近右后视镜）、高位中央（近内后视镜）四位置，平均每 4 秒一次；预警只在目标出现后 0.5 s 才呈现以确保处于视觉分心状态。	四种显示全部为红色，选闪烁红色以获得良好的周边视觉识别。眼位实测强度：CWHUD 1000 mcd（23 颗圆形透明红色高亮 LED，每颗 1000 mcd）；HHDD 80 + 80 mcd（2 个红色背光、16 颗 LED）；Cluster 80 mcd（1 个红色背光、8 颗 LED）；Steering Wheel 80 mcd（16 颗方形 LED）。经风挡反射后仅约 10% 视觉强度到达眼睛。论文未给 RGB/HEX/CIE 坐标。	四水平位置对比：CWHUD 位于仪表板顶部、经风挡下部反射（前向视野内）；HHDD 为仪表板顶部直视的高位下视显示；Cluster 为仪表盘内直视；Steering Wheel 为方向盘轮缘上方中央直视。四者均为车体/屏幕固定的发光条，非 contact-analog 世界锁定图形。引 NHTSA 指南「视觉预警应置于驾驶员正常视线 15° 以内」，Cluster 是唯一违反者。虚像距离与 FOV 论文未明确报告。	CWHUD 为细长红色光条 14.5 × 0.5 cm（无文字无图标，形态与位置隐喻前车刹车灯）；Steering Wheel 为 26 cm × 0.2 cm 灯带；HHDD 为 2.0 × 1.0 cm 指示灯 + 文字警告（CAMP symbol）；Cluster 为 1.5 × 0.7 cm 指示灯 + 文字警告。线宽未单独报告。	动态闪烁，但强度不随距离、TTC 或风险等级变化：每次预警持续 1.2 s，闪烁频率 4 次/秒（4 Hz），亮相 0.15 s、闪烁间隔 0.1 s；由此得周期 0.25 s、占空比 60%，1.2 s 内约 4.8 个周期（后者为推算）。	不由碰撞算法触发——预警由实验者按时间表随机触发：只能在分心目标标志显示后 0.5 秒才出现（以确保预警亮起时驾驶员正在看标志），平均每 30 秒预警一次，信号间最小间隔至少 15 秒，每种显示类型约记录 8 次响应。TTC 阈值、预警提前期、报警延迟与减速度阈值均论文未明确报告（本研究不含碰撞算法）。	每次预警持续 1.2 s，其内为 4 Hz 闪烁（亮相 0.15 s、闪相间隔 0.1 s，即周期 0.25 s、占空比 60%，1.2 s 内约 4.8 个周期）。论文未报告撤销条件、解除阈值或渐隐规则。	无分级（单级视觉预警）。原文引 CAMP 报告指出视觉预警是单级 FCW（single stage FCW）的必要组成部分；无级间间隔，论文未明确报告分级设计。	16 名有经验驾驶员（24–60 岁，均值 37；9 女 7 男）被试内体验全部四种视觉预警。主任务为高速公路按平常习惯驾驶并保持限速 110 km/h、跟随前车约 1.5 s 时距；副任务为对五种道路标志中的鹿标志按键（平均每 4 s 一个目标，总信号约 225 次，每位置约 12 次）；见预警须尽快踩下制动；驾驶结束后对四种预警灯做主观偏好排序。练习 5 min。	①预警显示类型（被试内 4 水平：CWHUD / Steering Wheel / HHDD / Cluster）；②分心目标出现位置（4 水平：中控台显示屏、投影道路场景最左侧、最右侧、高位中央）。	①制动反应时 BRT（从视觉预警亮起到踩下制动，报告均值/中位数/最小值/最大值）；②漏报警次数（missed warnings）；③副任务（鹿标志按键）反应时，按四个目标位置分别统计；④四种预警灯的主观偏好排序。	重复测量 ANOVA：均值 BRT F(3,45)=10.8, p<0.0001；中位数 F(3,45)=11.4, p<0.0001；最大值 F(3,45)=4.28, p<0.01。Tukey HSD：CWHUD 显著快于其余三者，均值 BRT 相差近 200 ms，CWHUD vs Cluster 效应量 0.87；其余三者无差异，无性别差异。漏报 CWHUD 1、HHDD 6、SW 12、Cluster 17（Wilcoxon 显著, α=0.05）。副任务位置 F(3,39)=27.0, p<0.0001，中央最快、右优于左。偏好 CWHUD>SW>HHDD>Cluster。⚠ 未给 BRT 绝对值；摘要段漏报归属与偏好排序有笔误。	Henrik Lind	Henrik Lind	2007	SAE Technical Paper 2007	技术论文 (IF -) (SAE 技术论文，非 JCR 期刊)	全文	强	(Lind, 2007)	Lind, H. (2007). An Efficient Visual Forward Collision Warning Display for Vehicles. In *SAE Technical Paper Series* (pp. 2007-01-1105). SAE International. https://doi.org/10.4271/2007-01-1105	实验1、实验2、实验3、实验4
78	Investigating the effect of urgency and modality of pedestrian alert warnings on driver acceptance and performance	诺丁汉大学中等保真度固定基座驾驶模拟器（Audi TT 车厢 + 三台吊装 HD 投影机提供 270° 前向与侧向场景）；STISIM Drive 建的笔直单车道城市道路、无划定人行横道；恒定车速 25 mph（40 kph）；危险行人初始静止于距车行道约 1 米处、面向道路、始终可见（不从遮挡后突现），以 0.5–3 mph 步速走向车行道；人行道每 50 英尺 5–10 名背景行人制造视觉杂乱；无分心副任务；单车道使转向规避不可行。	论文未明确报告。视觉警示仅描述为「通用的高对比视觉警示图标（generic high-contrast visual alert icon）」，未给颜色名称、RGB/HEX/CIE 坐标，也无分级配色方案；透明度亦未报告。	视觉警示由 Pioneer 激光扫描抬头显示器（HUD）呈现，位于驾驶员正常前向视野内；视觉与听觉警报均为空间一致（spatially congruent）——呈现在与行人走来的道路侧相对应的一侧，意图引导并定位驾驶员注视到目标行人。属图标式呈现而非 contact-analog / conformal 贴合式几何标注。HUD 的 FOV、虚像距离、图标视角尺寸与相对行人的偏心度论文未明确报告。	通用高对比视觉警示图标（静态），具体形状（如是否为三角警示符）、尺寸与线宽论文未在正文文字中描述。听觉通道为听觉图标（auditory icon），呈现声压 75 dB（依 Campbell et al. 2007 指南）。	静态图标（static），无动效、无闪烁；论文未报告闪烁频率或占空比，警报强度亦不随距离、TTC 或风险等级变化。图标呈现时长最长 4.0 s。	按预设 TTC 精确触发，四档紧迫性：TTC = 2.0 / 3.0 / 4.0 / 5.0 s，并与误报率线性耦合（20% / 40% / 60% / 80%，即 5 名行人中 1/2/3/4 人不横穿），依据 Keller & Gavrila (2014)。原文引述产业基准：PROSPECT（Continental）迫近声学+视觉预警 TTC = 1.8 s；Daimler 三级 4.0 s（early）→ 2.6 s（warning）→ 1.6 s（urgent）→ 1.1 s（braking）。只有误报，无漏报。	视觉警示图标呈现时长最长 4.0 s（依 Reader 1999 设计建议）。听觉警报的持续时长论文未明确报告；撤销条件与渐隐规则亦未报告。	本研究本身为单级警报（每个 drive 只用一个固定 TTC）。但原文引述产业级分级时序：Daimler 4.0 / 2.6 / 1.6 / 1.1 s（升级间隔依次 1.4 / 1.0 / 0.5 s，间隔为推算）与 PROSPECT 两级（模糊的早期预警 + TTC 1.8 s 迫近预警）；并明确规则「所有系统都会先警告驾驶员再采取动作」、「应随感知风险等级递增紧迫性」。	24 名驾驶员（15 男 9 女，19–55 岁，驾龄 ≥ 2 年、均值 10.7 年）平衡被试内完成 12 个 drive（每个约 6–8 min，总约 1.5 h），沿路行驶并保持恒定 25 mph；未就如何响应警报给出具体指示，只要求「自然」行为，也未特别告知有行人可能横穿；每个行人事件后须自行确认安全才恢复行驶；每 drive 后立即填 7 项 0–10 Likert 接受度量表；全程佩戴 SMI Natural Gaze 眼动眼镜。	①紧迫性 Urgency（4 水平 = 呈现警报时的 TTC：2.0/3.0/4.0/5.0 s，与误报率 20/40/60/80% 线性耦合，作者明确二者效应不可分离）；②模态 Modality（3 水平：无警报 None / 仅听觉 Audio / 听觉 + HUD Combined）。均为被试内、平衡设计。	主观接受度 7 项（Trust、Confidence、Annoyance、Desirability、Predictability、Reliance、Risk，0–10 Likert）；客观替代安全边际 4 项：TTC/Headway @ 首次注视危险行人、@ 松油门、@ 踩刹车，以及停车时距行人的车头距（m）。反应时数值本文未直接报告（已在 Large 2017 与 Merenda 2017 中发表）。	Urgency 主效应：Trust F(3,137.1)=5.111**、Confidence F(3,69.0)=4.148**、Desirability 2.843*、Predictability 6.021***、Reliance 5.534**、Risk 3.623*；Annoyance 不显著 F(3,67.9)=0.660；TTC 2.0 s 六项最差但全条件评分为正。Modality 仅 Confidence 显著 F(1,23.0)=4.590*。TTC@注视行人 Modality F(2,36.9)=0.50, p=0.608（HUD 未改善定位）；@踩刹车 F(2,45.8)=41.73***，仅 5.0 s 两模态差异显著（3.14 vs 2.85 s, t(178.9)=−2.65, p=0.024）；停车车头距 18.44→64.69 m。⚠ TTC 与误报率共变不可分离。	David R. Large, Hyungil Kim, Coleman Merenda	David R. Large	2019	TR Part F 2019	Q1 (IF 5.0) (交通心理学与行为权威期刊)	全文	强	(Large et al., 2019)	Large, D. R., Kim, H., Merenda, C., Leong, S., Harvey, C., Burnett, G., & Gabbard, J. (2019). Investigating the effect of urgency and modality of pedestrian alert warnings on driver acceptance and performance. *Transportation Research Part F: Traffic Psychology and Behaviour*, *60*, 11–24. https://doi.org/10.1016/j.trf.2018.09.028	实验0、实验1、实验2
79	Effects of Visual Crowding and Stimulus Location on Driver Pedestrian Perception in AR-HUD Warning	预录模拟驾驶视频观看实验（非闭环驾驶）：STISIM 生成场景，模拟车速 80 km/h、程序设定不与行人和车辆碰撞；共 16 个视频各 30 秒（4 个关键 + 12 个干扰）；意外刺激为行人横穿马路，分中心（马路上，约 2°）与外周（路边/人行道，约 7°）位置、拥挤（5 人）与非拥挤（1 人）密度；有按键反应任务，无独立分心副任务；72 寸屏 + 下巴托固定头位 + iView RED-m 遥测眼动仪。	预警为红色矩形增强框（AR 增强提示组），用于增强各类意外事件；风挡上另常驻 5 类 AR 图标（速度、油量、限速、档位信息、导航箭头）构成两组共同的视觉复杂度基线。论文未报告 RGB/HEX/CIE 坐标或分级配色，透明度亦未明确报告。	混合布局：红色矩形增强框为世界固定（world-fixed）、包围式贴合真实目标；5 类常驻 AR 图标为屏幕固定（screen-fixed），位于挡风玻璃处。偏心度明确给出：中心视野范围 0°–5°、外周视野范围 5°–10°；实验材料中中心行人离心率约 2°、外周行人约 7°。显示为 72 寸液晶屏，观察距离未报告，故角度值以论文给出的 2°/7° 为准。	红色矩形增强框（bounding box），包围式围合目标，非贴地投影、非头部指示；另有风挡上常驻的 5 类 AR 图标（速度、油量、限速、档位、导航箭头）。增强框的像素或角度尺寸、线宽与描边样式论文未明确报告。	静态增强框。论文未报告红色矩形增强框的持续时长、是否闪烁及任何闪烁频率或占空比参数，也未随距离、TTC 或风险等级变化。	论文未使用 TTC 触发——红色增强框在预录视频中随事件叠加呈现，未报告 TTC 秒数、TTMD/THW 阈值、触发距离、减速度阈值或预警提前期。可知的时间信息仅为：自车速度 80 km/h，每个视频持续 30 秒且含一类行人横穿事件。	论文未明确报告。未给出红色矩形增强框的持续时长，也未给撤销条件、解除阈值或渐隐规则；可知的仅为每个视频总时长 30 秒且含一类行人横穿事件，单个刺激的呈现时长未单独报告。	无分级。红色矩形增强框为单一形态，用于增强包括行人横穿在内的全部六类意外事件（超速、闯红灯、过弯道、障碍物、前车刹车、前车变道），未按风险等级或距离区分级别，无级间间隔。	60 名大学生（男 30 女 30，18–25 岁，M = 21.53、SD = 1.18，均持驾照，平均驾驶里程 773.02 km）观看 16 个 30 s 模拟驾驶视频，被要求想象自己是司机，发现超速、闯红灯、前车刹车或行人横穿等事件时立刻按键；先做 2 个不含横穿行人的练习试次；16 个试次完全随机播放；实验结束后填 NASA-TLX。	①AR 增强提示（被试间 2 水平：有红色矩形增强框 / 无）；②拥挤程度（被试内 2 水平：拥挤 = 5 个行人同时出现 / 非拥挤 = 1 个行人单独出现）；③行人位置（被试内 2 水平：中心约 2° / 外周约 7°）。2×2×2 三因素混合设计。	①按键反应时（ms，目标刺激出现到按键）；②眼动首次进入时间（AOI 为横穿马路行人，刺激呈现后 AOI 内第一个注视点出现的时间）；③眼动首次注视时间（AOI 内第一个注视点的持续时间）；④NASA-TLX 主观工作负荷（仅按有无 AR 提示分组）。	GEE 反应时：AR 提示 χ²(1)=38.281, p=.000；拥挤 19.449, p=.000；位置 9.453, p=.002；AR×拥挤 6.336, p=.012；拥挤×位置 6.930, p=.008；三阶 16.396, p<.001。有提示「拥挤+外周」最快 1172.70±517.86 ms（无提示 2475.63±700.90，快约 1303 ms）；「非拥挤+外周」2261.33±549.44 vs 2501.80±709.08（约 240 ms），显著慢于中心（ps<.001）。首次进入时间仅 AR 主效应 χ²(1)=3.965, p=.046 与三阶 4.173, p=.041 显著；首次注视时间全不显著。NASA-TLX 36.62±16.67 vs 38.60±17.44, F(1,58)=0.20, p=0.66。⚠ 拥挤更快与前人相反；与同组 60 号共享研究线。	鲍威宇 (Weiyu Bao)	鲍威宇 (Weiyu Bao)	2024	心理学进展 2024	未收录JCR (IF -) (中文期刊，汉斯出版社)	全文	强	(Bao, 2024)	Bao, W. (2024). Effects of Visual Crowding and Stimulus Location on Driver Pedestrian Perception in AR-HUD Warning. *Advances in Psychology*, *14*(08), 227–236. https://doi.org/10.12677/ap.2024.148539	实验3
80	Effect of AR-HUD Warning Information Presentation Modes on Driver Situation Awareness under Single-Hazard Scenarios	桌面式驾驶仿真（Unity 3D 建模 + AOC 17 英寸显示器 2560 × 1440 px，非风挡投影、非闭环驾驶）；L3 自动驾驶 + 非驾驶相关任务（NDRT）语境；12 段各 90 秒驾驶场景视频，属单危险场景（single-hazard scenario，每场景仅一个危险，具体危险类型未列出，未说明是否含行人）；有听觉副任务作为沉浸度/分心操纵；道路类型与车速论文未明确报告。	论文未明确报告。未给图标颜色、尺寸、透明度或分级配色方案；仅在文献综述中提到「用红色与熟悉的警告形状本能地捕获注意（Ling et al., 2019）」，未说明本研究实际采用的颜色。	论文未明确报告。未说明 AR-HUD 图标的呈现位置、空间参照系（屏幕固定/世界锁定/目标锁定）、视场角、偏心度或虚像距离；仅在综述中引 Charissis et al. (2021) 强调 AR-HUD 标志与真实场景的空间与语义一致性。显示器 17 英寸但观察距离未报告，无法反算视角，故本文不能用于空间维度证据。	论文未明确报告。未提供 AR-HUD 图标的形状、尺寸、线宽或任何图示描述（正文所引图 2 为实验环境照片而非图标示意），因此本文不能用于支撑任何图形形态类的空间参数条目。	动态闪烁，但不随距离、TTC 或风险等级变化：警告信号显示周期设定为 2 s，闪烁模式定义为「闪烁时间占 AR-HUD 信息总显示周期的比例」（占空比），四水平 0（无闪烁）/25%/50%/75%。推算 50% 即亮 1 s/灭 1 s、25% 亮 0.5 s、75% 亮 1.5 s。论文未报告闪烁频率（Hz），且全文把占空比误称为 flashing frequency。	论文未明确报告。本研究未使用 TTC，未报告任何 TTC/TTMD/THW 阈值、触发距离、减速度阈值或预警提前期，也未报告事件触发条件。可知的时间信息仅为每段驾驶场景视频 90 秒且包含一个危险事件。	警告信号的显示周期为 2 s（占空比即该 2 s 周期内闪烁时间的比例）。论文未报告图形的总驻留时长、撤销条件与渐隐规则。	本研究为单级预警，无级数、级间触发点或级间间隔。但作者在结论中提出基于认知状态实时监测的自适应两档方案：检测到低负荷（平稳巡航、听音乐）用更温和的 25% 占空比或静态高亮；检测到高认知负荷或分心迹象立即切换到 50% 占空比。	12 名北京高校大学生（男 10 女 2，平均年龄 24 岁、平均驾龄 4 年，均无 AR-HUD 使用经验）先做预实验熟悉操作，然后观看 12 段各 90 s 驾驶场景视频（4 闪烁模式 × 3 沉浸度，每单元格 1 个场景），期间执行相应听觉非驾驶任务，遇危险时制动；每段视频后填改编 SAGAT 情境意识问卷，随后休息 2 分钟。	①预警信号闪烁模式（被试内 4 水平：无闪烁、25%、50%、75% 占空比，显示周期均为 2 s）；②副任务沉浸度（被试内 3 水平：低 = 无提问 + 纯音乐、中 = 非意图诱导型问题 + 提问、高 = 意图诱导型问题 + 提问）。4 × 3 两因素混合设计。	①反应时（从危险出现到制动的毫秒数，由模拟器记录）；②主观情境意识得分（改编 SAGAT 主观问卷，观测值区间约 36–51）；③客观情境意识准确率（改编 SAGAT 客观问卷答题正确率，%）。	闪烁模式主效应：反应时 F(3)=5.218, P=0.005, η²=0.322；主观 SA F(3)=20.436, P<0.001, η²=0.872；客观准确率 F(3)=6.039, P=0.002, η²=0.354。沉浸度：反应时 F(2)=38.682, P<0.001, η²=0.886。50% 占空比最优 1041.58±380.87 ms，无闪烁最差 1633.38±1282.46 ms；高沉浸下 50% 为 1389.34±384.20 vs 无闪烁 2777.80±1696.34 ms，主观 SA 50.17±5.024 vs 36.42±3.825。75% 主观最高 48.47±4.116 却客观最差 59.17±14.015%（低沉浸 50.83%）。⚠ 仅 12 人；交互 P=0.126 却 η²=0.730 内部矛盾；图形参数全缺。	Chang Shen, Hua Qin, Shijiao Li	Chang Shen	2026	AHFE 2026	会议论文集 (IF -) (AHFE 国际人因会议)	全文	强	(Shen et al., 2026)	Shen, C., Qin, H., Li, S., Shi, X., ZOU, C., & Ran, L. (2026). Effect of AR-HUD Warning Information Presentation Modes on Driver Situation Awareness under Single-Hazard Scenarios. In *AHFE International*. AHFE International. https://doi.org/10.54941/ahfe1008065	实验1、实验2、实验3、实验4
81	Estimation of driver awareness of pedestrian for an augmented reality advanced driving assistance system	固定基座驾驶模拟器（SCANeR Studio；投影幕置于驾驶员前方 1.5 m、幕宽 1.6 m、覆盖约 90° 视场）。实验 B 为环路跟车场景，23 名行人构成 23 个临界情境（人行道行走/奔跑/站立），距行人 140 m 情境开始、前车随机加速 4/6/8/10 km/h，距行人 30 m 时行人可能被随机激活横穿；车速上限 27.8 m/s。主任务为跟车（与行人监视构成注意冲突），无独立分心副任务。	行人边界框的颜色论文未明确报告；非贴合式「Pedestrian Attention」警告面板为黄色，理由是黄色传达的是警告（warning）而非即时威胁（引 Chapanis 1994、Gelasca 2005）。论文未给 RGB/HEX/CIE 坐标；透明度、闪烁频率与占空比亦未报告（第 5.3.3 节明确把颜色、形状、尺寸列为未研究变量）。	双参照系并用：贴合式（conformal）行人边界框为目标锁定，光学叠加并锚定在行人的屏幕 2D 位置（2DPos = 3DPos × camViewMatrix × camProjMatrix）；非贴合式（non-conformal）黄色警告面板置于 HUD 左下角，准直在道路前方预设深度 2.5–4 m。HUD 用一块高不透明度矩形透明区模拟并限定 AR 活动区（POSdecision 门控，行人不在 HUD 区内则不显示）。现代 HUD 眼盒约 12 × 7 × 15 cm。	贴合式矩形边界框（动态跟随行人）+ 非贴合式警告面板（论文对非贴合图形的一般描述为封闭、不变化的不透明菱形，会使驾驶员难以辨别被高亮目标的信息）。边界框尺寸、线宽论文未明确报告。	动态隐喻（dynamic metaphor）：系统监测环境与车辆状态并推断驾驶员觉察状态以决定是否显示；边界框随行人移动动态跟随。显示与撤除完全由规则驱动（AR：检测到行人显示、无行人撤除；iAR：检出 DUP 显示、检出 DAP 撤除）。闪烁频率、占空比与更新率论文未明确报告。	决策模型用 TTC_critical 与 critical-Distance 双判据：d_critical = v_veh × TTC_critical，本论文实装 TTC_critical = 2 s（30 km/h 时对应 16.6 m）。阈值—人群覆盖对照表：1.0 s / 8.3 m → 45%；1.6 s / 13.3 m → 80%；2.0 s / 16.6 m → 90%。TTC = r/|v − v_ped|；RDP = v²/(2·r·g)。觉察判定减速反应阈 d_th = −0.075 g；紧急制动判定为踏板力 > 200 N 且 TTC < 2 s；DAP/DUP 滑动时间窗 1.5 s、20 Hz。	论文未明确报告固定持续时长——持续时间由规则决定：边界框在「行人落在 HUD 区内且（AR）检测到行人 /（iAR）检出 DUP」期间持续显示；警告面板在临界时刻 CM 期间持续显示；检出 DAP 或离开 CM 时立即撤除。作者发现 iAR 的「检出 DAP 即撤除」会使驾驶员误以为危险消失而放松警觉。	有，两级。第一级为贴合式动态边界框，在行人进入 HUD 区（AR：检测到行人；iAR：检出 DUP）时呈现；第二级在临界时刻 TTC_critical = 2 s（或 d_critical 达到）叠加非贴合式黄色警告面板。级间间隔不是固定秒数，而是「行人进入 HUD 区」到 TTC = 2 s 之间的可变时长（AR 条件下驾驶员平均在 81 m / TTC 4.5 s 处已觉察）。	实验 B：25 名被试（21 男 4 女，21–35 岁，驾龄 ≥ 3 年，熟悉模拟器）跟随前车并保持恒定距离，遭遇 23 个行人临界情境；驾前告知行人脆弱、即使无斑马线也可能随时横穿；须用方向盘按键指示「已看到行人」；每次驾驶 15–20 min，三种配置各一次（顺序随机化）。实验 A 另有 10 人（7 男 3 女，均龄 24 岁）用于 DAP/DUP 数据集构建。	辅助配置（被试内单因素 3 水平）：noAR（无 AR 提示）/ AR（检测到行人即恒显贴合边界框，CM 时叠加警告面板）/ iAR（按 DAP/DUP 分类结果自适应显示与撤除）。顺序随机化以消除学习与重复效应。	感知层 VRT（按键瞬间以 TTC 计）与 VRD（按键瞬间车—行人距离，m）；警觉层 HVD（跟车距离均值）与 APP（油门踏板位置）；预期层紧急制动次数（踏板力 > 200 N 且 TTC < 2 s）；系统侧 DUP 检出次数；主观问卷 12 题。	VRT F(2,963)=18.74, p<0.05——noAR≈TTC 3 s、AR≈4.5 s、iAR≈4.2 s（AR 与 iAR 无差异）。VRD F(2,963)=12.38, p<0.05——AR≈81 m、iAR≈78 m、noAR≈64 m。HVD F(2,1722)=4.87, p<0.05——118>97>86 m。APP F(2,1722)=9.11, p<0.05，noAR 0.46。紧急制动 noAR 72、AR 11、iAR 26 次。DUP 检出自 100 m 起 F(2,1724)=9.58、自 TTC 2 s 起 18.55（p<0.05）。MGHMM 78.2% TPR@5%FPR（Tw=1.5 s 最优）。主观 17/25 偏好边界框、25/25 愿用 HUD、19/25 认为 iAR 有效。⚠ DAP/DUP 可靠性仅 74%，iAR 效果与分类误差纠缠；场景过易存天花板效应；无眼动。	Minh Tien Phan	Minh Tien Phan	2016	博士论文 (UTC) 2016	学位论文 (IF -) (Université de Technologie de Compiègne，Heudiasyc UMR-7253)	全文	强	(Phan, 2016)	Phan, M. T. (2016). *Estimation of driver awareness of pedestrian for an augmented reality advanced driving assistance system* [Doctoral dissertation, Université de Technologie de Compiègne]. https://doi.org/10.70675/a7d4e2caz40d9z4210z8fb2z164f9a83bf26	实验2、实验4
82	Augmented reality cues and elderly driver hazard perception	交互式驾驶模拟器 SIREN（爱荷华大学，四通道显示、150° 前向视野 + 50° 后向视野，1994 GM Saturn 车舱）；6 个双车道乡村公路场景各约 6 英里；前车车速在 60–70 mph 之间波动，被试须保持 3–5 s 车头时距（≤ 3 s 显示 Too Close，> 5 s 显示 Not Close Enough 并后车鸣笛）。危险目标为路边行人/车辆/警示标志，约每半英里一个、可在道路任一侧、始终可见不被遮挡；次要非危险物总在道路对侧正对面。无独立分心副任务，跟车 + 双任务构成注意分配需求。	黄色。断续的黄色线段（broken yellow lines）逐步汇聚为菱形；明确理由是黄色传达「警示（warning）」而非「即时威胁（immediate threat）」（引 Chapanis 1994；Gelasca et al. 2005），可与红色构成两级色彩语义分级。论文未给 RGB/HEX/CIE 坐标；透明度未明确报告（不填充线框在功能上等价于极低遮挡率）。	世界固定、接触类比式（contact-analog / world-fixed）：AR 菱形始终以被标注物体为中心（always centered on the object），底部位于被标注物体下方（base positioned below the object）。视角随距离连续变化：提示起始时张 0.7° 视角，车辆通过时张 16.7° 视角，且菱形的尺寸、长度与倾斜方向本身编码被标注物体的位置与距离。模拟器 FOV 为前向 150° + 后向 50°。虚像距离不适用（非车载 HUD 硬件，为模拟器四通道显示上的 AR 叠加）。	不填充（not filled / unfilled）的开放菱形（rhombus），由断续黄色线段在 8 个阶段中逐步伸长并汇聚形成；明确目的是在传递信息的同时不遮挡道路物体。线宽与具体线段长度论文未明确报告。	动态渐进式收敛动画（非闪烁）：AR 提示分 8 个阶段逐步伸长并汇聚，每 43.75 m 更新一次；按 26.8–31.3 m/s 计算相当于每次更新间隔约 1.40–1.63 s（换算为推算）。汇聚的线条传达与驾驶员车速映射的运动感，纳入运动是因为运动起始能捕获注意。本文不含闪烁频率或占空比参数。	触发距离：当被试处于目标物 350 m 以内时开始标注。以 60–70 mph（≈ 26.8–31.3 m/s）计，350 m 对应约 TTC 11.2–13.1 s，与论文报告的「提示可见 11 至 13 s」相互印证，属早期警示级别而非紧急预警。AR 提示只标注目标物（行人、车辆、警示标志），从不标注次要物。TTC 公式、减速度阈值论文未明确报告。	11 至 13 s（在被试以 60–70 mph 接近过程中持续可见），期间更新 8 次、每 43.75 m 一次。被试闪灯响应后，一个白色方框立即遮挡目标物与次要物（防止回头看），此为实验控制而非预警撤销规则；论文未报告渐隐规则。	无分级——本文为单级、渐进式（8 阶段连续放大与汇聚）的早期警示，无级数划分、无级间间隔（论文未明确报告分级或升级机制）。但可靠性被操纵为 3 水平：0% 误报 + 0% 漏报 / 15% 误报 + 0% 漏报 / 0% 误报 + 15% 漏报，系统整体可靠性 ≥ 85%。	20 名老年驾驶员（65–85 岁，M = 73、SD = 5；男 13 女 7，平均驾驶经验 56 年）在模拟器中驾驶约 1 小时、完成 6 个场景（3 对，每对含 1 个有提示 + 1 个无提示）；主任务为跟随前车并保持 3–5 s 车头时距；一旦能分类即将到来的目标物（行人性别、车辆类型、标志类型）立即闪一次远光灯；每次经过目标物后回答一个录音记忆问题（一半问目标物、一半问次要物）；另完成 UFOV、TMT-A、Pegs 三项认知测验。	①提示（被试内 2 水平：cued 有 AR 提示 / uncued 无提示；每 instance 中无提示总先于有提示）；②instance 呈现顺序（3 水平，用于检验练习/疲劳效应）；③提示可靠性（被试内 3 水平：0%FA+0%miss / 15%FA+0%miss / 0%FA+15%miss，初步分析后因无效应被剔除）。协变量：年龄、性别、SOP 复合分。	①响应率（准确用远光灯识别目标物的次数，按行人/车辆/警示标志分别建模）；②TCR（Time to Collision at Response，激活远光灯时距潜在碰撞的秒数，值越大越快）；③问题响应准确率 QA（目标物与次要物）；④车头时距变异 HV（距目标物 400 m 以内片段内与前车时距的方差）。线性混合模型分析。	行人响应率 66.10%→91.13%（F(1,89)=21.77, p<.01）、警示标志 91.10%→96.10%（F=25.64, p<.01）；车辆无效应（F=0.86, p=.36）。TCR：警示标志提前 0.35 s（F(1,90)=5.24, p=.02）；行人仅趋势（F=2.70, p=.10）、车辆不显著（p=.11）；女性快 1.37 s（p<.01）。干扰均不显著：目标物 QA F(1,90)=0.00、次要物 0.20（ps>.05），HV F(1,90)=0.91。车辆 HV 的 SOP×提示 F=7.94, p<.01（无提示斜率 0.031, p=.036；有提示 0.002, p=.867；差 −0.029, p=.006）。可靠性（15% 误报/漏报）对所有因变量无效应。⚠ 无干扰结论受严格边界条件限制。	Mark C. Schall, Michelle L. Rusch, John D. Lee	Mark C. Schall	2013	Human Factors 2013	Q1 (IF 3.6) (人因工程顶刊，百分位 86%；同研究另有 Univ. of Iowa 学位论文版，不重复计数)	全文	强	(Schall et al., 2013)	Schall, M. C., Rusch, M. L., Lee, J. D., Dawson, J. D., Thomas, G., Aksan, N., & Rizzo, M. (2013). Augmented Reality Cues and Elderly Driver Hazard Perception. *Human Factors: The Journal of the Human Factors and Ergonomics Society*, *55*(3), 643–658. https://doi.org/10.1177/0018720812462029	实验1、实验2
83	Head-up Displays (HUD) in driving	无研究场景（叙事性文献与产品综述，无原创实验、无模拟器、无实车、无仿真）。所涉内容为航空与民用汽车 HUD 的应用沿革、优缺点、商用产品清单与未来展望；不涉及具体道路类型、车速、行人冲突形式或分心任务设置。	论文未明确报告具体颜色规范或坐标。仅有定性论断：BMW 全彩 HUD 使「更多颜色意味着更容易区分一般驾驶信息（如限速与导航方向）与紧急预警信号」，支持用颜色做信息类别与紧急度的分层编码；另转述 HUD 已可自适应环境光、昼夜自动调节亮度（无 cd/m² 数值）。	风挡作为合像器（combiner），位于驾驶员前向视野；本文强调汽车 HUD 无需像航空 HUD 那样提供相对道路的位置信息，实质上讨论的是屏幕固定（screen-fixed）符号式显示而非接触类比配准。唯一量化空间值：BMW HUD 虚像看起来位于约 2 米之外、发动机盖尖端上方（转引 BMW 官方）。Peugeot 3008 例外，投在仪表台后方一小块半透明聚碳酸酯面板。FOV 与偏心度论文未明确报告。	论文未明确报告。无图形形态、尺寸、线宽或透明度参数。仅转引夜视 HUD 专利：HUD 配置为把红外图像放大到与真实场景相同尺寸并补偿相机与风挡畸变，虚像可置于真实场景之上、之下或叠加其上（三种空间关系选项，无角度或尺寸数值）。	论文未明确报告。全文无闪烁频率、占空比或更新率数值；仅定性提及 Peugeot 3008 可设定与前车的安全距离，进入「危险区域」时 HUD 上的指示器会闪烁（flashes），但未给该安全距离的米数或秒数，也未给闪烁参数。	论文未明确报告。全文不涉及 TTC 阈值、TTMD/THW、距离阈值、减速度阈值或预警提前期。最接近的表述是概念性主张：应建设「情境感知的多模态主动推荐系统」，结合汽车传感器判定何时呈现信息（无任何参数）。另转引 Zwhalen et al. (1988)：视线离开道路超过 2 s 时交通事故风险显著增加。	论文未明确报告。全文无预警持续时长、撤销条件、解除阈值或渐隐规则的任何信息；本文为无原创实验的叙事综述，仅在产品描述中定性提及 Peugeot 3008 进入危险区域时指示器会闪烁。	论文未明确报告。全文未讨论分级预警、级数、各级触发点或升级间隔。仅在色彩层面暗示可用颜色区分「一般驾驶信息」与「紧急预警」两类语义。	无被试实验（本文为未经同行评审的叙事性综述，arXiv:1803.08383v1，资料主要截至 2016 年 3 月）。无被试、无实验设计、无任务与流程；所述设备均为市售产品或他人研究中的设备。	不适用（无被试实验，无操纵变量）。本文为叙事性文献与产品综述，无实验设计、无自变量与水平划分，也未说明文献检索策略与纳入排除标准。	不适用（无实证测量）。本文未定义任何指标或测量方法，全文无统计检验、无 p 值、无效应量、无置信区间；所涉数值一律为对他人研究与厂商资料的二手转引，未经本文验证。	无原创结果。转引数值：紧急事件响应时间（Liu & Wen 2004）低负荷 HUD 1.0073 s vs HDD 1.8684 s、高负荷 1.3235 vs 2.3274 s（HUD 快约 0.861/1.004 s）；3D 听觉相对单耳获取目标快约 2.2 s（Begault，航空 TCAS）；视线离路 > 2 s 事故风险显著增加（Zwhalen 1988）；BMW 虚像约 2 m。⚠ 全部为二手转引、无被试数与统计量，不宜作一手出处；内部并列「HUD 更安全」与「认知俘获」而未给边界条件，并把「用 HUD 车速更快」误列为优点；产品部分已过时。	Marcos Maroto, Enrique Caño, Pavel González	Marcos Maroto	2018	arXiv 预印本 2018	预印本 (IF -) (未经同行评议)	全文	弱	(Maroto et al., 2018)	Maroto, M., Caño, E., González, P., & Villegas, D. (2018). *Head-up Displays (HUD) in driving* [Preprint]. arXiv. https://arxiv.org/abs/1803.08383	背景（框架）
84	Pedestrian and cyclist forward collision warning system effectiveness estimation based on simulation of kinematic reconstructions	三部分：①事故库运动学重建（EDA + GIDAS-PCM 共 3770 例：行人 1509、骑行者 2261，100 Hz 重建）；②固定基座驾驶模拟器实验（Université Gustave Eiffel LMA，仪器化 Renault Megane，5 块投影幕、水平视场 200°、垂直 40°，中央幕距驾驶员 2.20 m，限速 50 km/h 并装 53 km/h 限速器），6 个场景含行人纵向、骑行者纵向、左转/右转 + 行人或骑行者横穿；③135,720 次参数化仿真。有分心副任务：纵向场景用视觉-认知任务，转弯场景用听觉-认知任务。	论文未明确报告。视觉 FCW 为中央幕上的文字「brake」（法文 freinez），未给颜色名称、RGB/HEX/CIE 坐标或分级配色；多条被试反馈指出该视觉信号「不够吸引注意」「未能及时被察觉」「位置过低」。	视觉 FCW 显示在中央投影幕上、位于风挡下部可见处（屏幕/车体固定的文字提示，非世界锁定或目标锁定）。听觉 FCW 由车载扬声器发出。模拟器视场为水平 200° × 垂直 40°，每幕 1.80 m × 1.35 m、1280 × 1024 像素，中央幕距驾驶员 2.20 m，地面到驾驶员眼睛平均 1.20 m。虚像距离与偏心度不适用/未报告。被试改进建议之一是「在环境中高亮危险物本身」（即贴合式标注）。	视觉信号为文字「brake」（非图形、非边界框、非风险区），尺寸、字号与线宽论文未明确报告。听觉信号为重复的 beep。检测/碰撞判定用包围盒：骑行者 1900 mm × 500 mm、行人 800 mm × 400 mm。	静态单级音+视觉报警：听觉为重复 beep、总时长 2 秒；强度与形态不随距离、TTC 或风险等级变化，无闪烁频率或占空比参数（视觉为文字提示）。触发时机在实验中为固定的碰撞前 1.7 s 或 2 s，但遮挡会使实际触发延迟至 VRU 重新可见时刻。	实验实测两个触发时机：碰撞前 1.7 s 与 2 s（1.7 s 依 Euro NCAP 2017a「FCW 信号应至少在理论碰撞前 1.7 s 触发」）。仿真扫描四档：TTC 1.7 / 2.0 / 2.3 / 2.6 s。触发下限推导：行人最晚制动时刻 tLTTB ≈ 碰撞前 1.5 s、骑行者 ≈ 1 s、左转 ≈ 0.8 s、右转 ≈ 1 s（理想制动 −8 m/s²，LTTB = V²/(2|a|)），加驾驶员反应时后 FCW 起点应从约 1.5 s 起算。现实制动过渡态 0.15 s 与 0.3 s。	听觉 FCW 为重复 beep、总时长 2 秒；视觉信号「brake」的持续时长论文未明确报告（推测与听觉同步，但原文未写明）。撤销条件与渐隐规则未报告。	无分级——本论文的 FCW 为单级音 + 视觉报警，无升级机制，级间间隔无从报告。但给出完整三段时间轴：FCW 触发（1.7–2.6 s）→ 驾驶员反应（0.6–1.2 s）→ 制动施加 → 最晚制动时刻 tLTTB（行人 1.5 s / 骑行者 1 s / 左转 0.8 s / 右转 1 s）；制动晚于 tLTTB 则事故不可避免。	180 名中年驾驶员（25–55 岁，驾龄 ≥ 3 年，非职业；全流程共 200 名志愿者）每人经历 2 个场景、同一 FCW 条件，先做 13 min 熟悉场景（含 1 次真正例与 1 次假正例 FCW 以抑制自动化反应），主任务为在 50 km/h 限速内正常驾驶并同时完成视觉-认知（5 位数字复述）或听觉-认知（每 2.25 s 一个数字的运算-记忆）副任务；单被试总计约 120 分钟，含 Karolinska 嗜睡量表与眼动记录。	FCW 触发条件（3 水平：无 FCW / 碰撞前 2 s 触发 / 碰撞前 1.7 s 触发）；场景（6 水平，被试间：P-L、C-L、TL-PL、TL-PR、TR-PR、TL-CR）。仿真部分另扫描 FOV（30°/50°/70° 半角）× FCW 触发（1.7/2/2.3/2.6 s）× 驾驶员反应时（0.6/0.9/1.2 s）共 36 组。	放油门时刻与踩刹车时刻（以理论碰撞时刻为零点、负值表示碰撞前，4 s 截断规则）；对 FCW 的放油门时长与踩刹车时长；碰撞次数；分心程度（眼动分析三档）；FCW 主观反馈（听觉信号、视觉信号、触发时机三项）；仿真侧避免率与减轻率。	制动反应时：FCW 2 s 组 0.9724±0.3100 s [0.6624,1.2837]（n=31），FCW 1.7 s 组反增至 1.17±0.2384 s [0.9316,1.4084]（n=19）；复杂环境 1.3036±0.2745 s。ANOVA 几近全不显著（仅 TR-PR 放油门 F(2,40)=3.23, p=0.03；新 TL-PL 踩刹车 F(1,18)=4.41, p=0.002 但 FCW 组更晚）。完全分心者制动仅在碰撞前 0.5–0.8 s，未分心者已在 1.98–2.19 s。触发时机负面反馈 2 s 组 40.5%、1.7 s 组 55.6%。仿真最佳（FOV 70°+2.6 s+反应 0.6 s）行人 84%（75%避免+9%减轻）、骑行者 82%（78%+4%）。真实事故仅 51% 制动、约 90% 在 1 s 内。⚠ 年份应为 2020（NNT 2020AIXM0610）。	François Char	François Char	2020	博士论文 (Aix-Marseille Univ.) 2020	学位论文 (IF -) (Aix-Marseille Université，NNT 2020AIXM0610)	全文	强	(Char, 2020)	Char, F. (2020). *Pedestrian and cyclist forward collision warning system effectiveness estimation based on simulation of kinematic reconstructions* [Doctoral dissertation, Aix-Marseille Université]. https://doi.org/10.70675/3b5791f1z1884z4ee3z8ff1z001f38f0b61c	实验0、实验1、实验3、实验4
85	The Development of Parameters and Warning Algorithms for an Intersection Bus-Pedestrian Collision Warning System	公交驾驶模拟（bus driving simulation），用于分析公交驾驶员对意外横穿行人的响应。场景覆盖两类交叉口情境：无信号交叉口，以及信号交叉口绿灯时段（对应行人在绿灯期间意外/违规横穿）。道路类型细节、车速、行人冲突形式的具体几何（横穿/遮挡/左右）、是否有分心任务均摘要未报告。	摘要未报告。摘要仅提到本篇产出了「视觉预警装置的布设位置」这一交付物，未给出任何颜色名称、RGB/HEX/CIE 坐标或按紧急度划分的分级配色方案；数值须转引 idx 86。	摘要确证本篇产出了视觉预警装置的布设位置以及车辆检测器与行人检测器的布设位置，但具体距离数值摘要未报告。空间参照系不适用——本篇的视觉预警是路侧/车外固定式装置（由「布设位置」表述可确证），不是车载 HUD，故无屏幕固定/世界锁定之分；视场角与偏心度摘要未报告。	摘要未报告。视觉预警装置的图形形态、尺寸与线宽均无任何信息；本篇的视觉预警为路侧固定式装置而非车载 HUD 图形，摘要只给装置的布设位置这一交付物名称，无几何参数。	摘要未报告。无静态/动态判定，无随距离、TTC 或风险等级变化的描述，也无闪烁频率、占空比或更新率；摘要仅列出参数名与交付物清单，不含任何呈现动态特性的描述。	摘要确证本篇由三个基本参数（公交驾驶员感知反应时、公交紧急减速率、行人步行速度）推导出听觉预警与视觉预警各自的时机，即承认视听两通道预警时机不相同；但全部数值摘要未报告——TTC/TTMD/THW 阈值、距离阈值、减速度阈值、预警提前期、系统时延一律未给。数值须转引 idx 86。	摘要未报告。无预警持续时长、撤销条件、解除阈值或渐隐规则信息；摘要仅确证本篇产出了听觉与视觉预警的「时机」，未涉及时长维度，相关数值须转引 idx 86。	摘要未报告级数与级间间隔。可确证的分派结构是「双受众、两套时机」：听觉预警与视觉预警各自标定时机，但两者的数值与差值方向摘要未报告。	被试为公交驾驶员，在公交驾驶模拟中面对无信号交叉口与信号交叉口绿灯时段的意外横穿行人并作出响应，用于参数分析。被试数量、性别、年龄、驾龄、是否职业驾驶员、试次数与流程一律摘要未报告。	摘要未报告完整设计。可确证的场景因素至少含交叉口类型 2 水平（无信号交叉口 / 信号交叉口绿灯时段）；是否含行人类型、预警类型等其他因素及被试内/被试间安排均未给出。	摘要未报告数值。可确证涉及三个基本参数的测量：公交驾驶员感知反应时（perception-reaction time）、公交紧急减速率（emergency deceleration rate）、行人步行速度（pedestrian walking speed）；另有定性观察项「公交驾驶员对预警信息的注意」。	摘要未报告任何均值、SD、F/p 值或效应量。可确证的定性结论：三个基本参数被确立为系统设计输入；由无信号交叉口与信号交叉口绿灯时段的意外行人横穿模拟推导出听觉与视觉预警的时机、车辆与行人检测器位置、视觉预警装置位置，并开发与讨论了若干预警算法；实验还揭示了公交在交叉口的若干驾驶行为特征；结论指出「公交驾驶员确实会注意预警信息」。⚠ 本篇不得用作数值锚点（摘要零数值），凡需数值一律引 idx 86；本篇与 idx 86 为同一研究计划的不同发表，不得当作两项独立证据并列计数；对象为公交（大型车），迁移到乘用车须显式声明车型差异。	Chien-Yen Chang, Ting-Wei Chang	Chien-Yen Chang	2013	图书章节 (IGI Global) 2013	图书章节 (IF -) (非期刊)	仅摘要	中	(Chang & Chang, 2013)	Chang, C. Y., & Chang, T. W. (2013). The Development of Parameters and Warning Algorithms for an Intersection Bus-Pedestrian Collision Warning System. In *Implementation and Integration of Information Systems in the Service Sector* (pp. 163–182). IGI Global. https://doi.org/10.4018/978-1-4666-2649-2.ch011	背景（技术/综述，未直接引用）
86	Parameters analysis for an intersection bus-pedestrian collision warning system	CHU-DS 公交驾驶模拟器（EON + 3D MAX 建三维场景，除主车公交外均为小客车）；交叉口场景，每方向 3 车道各 3.75 m 宽、人行道 2 m、中央分隔带 2 m、纵坡 0%、晴天白天，限速 50 km/h、其他车道 LOS = B；行人意外横穿，分无信号交叉口与信号交叉口绿灯时段（违规过街）两类，行人类型分儿童/成年/老年；事件在距人行横道边缘约 70 m 处触发；无分心副任务。	论文未明确报告。仅区分「语音预警（voice warning）」与「VMS 显示」两种预警模态，未描述 VMS 的颜色、字符样式、RGB/HEX/CIE 坐标或按紧急度划分的分级配色方案；亮度参数亦未给出。	路侧固定式装置，非车载 HUD。面向公交驾驶员的 VMS 安装在中央分隔带上（理由是避免被其他标志遮挡、保证可视性与易读性），最终建议位置为距停止线 50 m（实验中原设于人行横道边缘前 60 m）。面向行人的 VMS 位置 Vdp = 3 m（距路缘，由行人设计感知-反应时 2.5 s × 成年行人均值步速 1.29 m/s ≈ 3.2 m 取整）。行人检测器距路缘 dp = 7.1 m，车速检测器距碰撞点 Dc = 61 m。视场角与偏心度未报告。	论文未明确报告。VMS 的图形形态、尺寸与线宽均未描述；可知的仅是面向行人的 VMS 以倒计时（countdown）形式呈现由式 Twp = 3.6Dc/V0 算得的预警时机，面向驾驶员的 VMS 显示减速预警信息。	动态但非图形动效：面向行人的 VMS 以倒计时形式显示由式 Twp = 3.6Dc/V0 实时算得的预警时机（随实测车速变化）；面向驾驶员的预警在检出行人后发出减速预警信息。闪烁频率、占空比与更新率论文未明确报告。	解析式 Twd = Tr + V0/(3.6 d) − β（β = 停下的公交与停止线之间距离 / V0，由实测停车位置距人行横道边缘 11–13 m 再减 5.5 m 推得）。50 km/h 下通用值：语音预警 Twd = 6.28 s（各条件 5.96–6.77 s）、VMS 视觉预警 Twd = 6.07 s（5.70–6.46 s）；面向行人 Twp = 4.39 s。检测→发警缓冲 Tb1 = 0.1 s、车速计算缓冲 Tb2 = 0.1 s（假设值）。Dc = 0.278V0(Tr − β + Tb2) + V0²/(25.92d)。	论文未明确报告。预警持续时长与撤销/渐隐规则均未给出；面向行人的 VMS 以倒计时形式显示 Twp（4.39 s），隐含持续至预警时机耗尽，但原文未明示，亦未给解除阈值。	无分级升级——本文为单级预警，未报告分级级数、级间间隔或预警持续时长。但存在「双受众、两套时机」结构与按检出顺序的分派逻辑：先检出公交 → 先给行人 VMS 倒计时预警（Twp = 4.39 s）→ 若随后检出过街行人 → 再向公交驾驶员发出减速预警（Twd = 6.07/6.28 s）。	18 名台湾长途客运公司在职公交驾驶员（全部持照男性，驾龄 3–30 年、平均 15 年）在 CHU-DS 模拟器中驾驶接近交叉口，遭遇意外横穿行人并作出制动响应；共 18 个事件（2 交叉口类型 × 3 行人类型 × 3 预警类型）随机触发，每名被试完整做两遍、每个事件各遭遇两次。	3 因素设计共 18 个事件：①交叉口类型（2 水平：无信号 / 信号交叉口绿灯期间违规过街）；②行人类型（3 水平：儿童 / 成年 / 老年）；③预警类型（3 水平：语音预警 / VMS 显示 / 无预警）。因子型 ANOVA，α = 0.05。	①事故发生数；②感知-反应时间 Tr（有预警：从预警发出到公交开始减速；无预警：从行人出现到开始减速）；③紧急减速率 d（制动前车速 ÷ 总制动时间，即平均减速率）。另有现场实测的行人步速（均值与第 15 百分位）与推导量 Twd/Twp/dp/Dc/Vdp。	Tr：语音预警 2.07–2.27 s（SD 0.54–0.66）、VMS 2.13–2.32 s（SD 0.56–0.70）、无预警 1.60–1.76 s（SD 0.54–0.88）；预警类型影响显著（α=0.05），有预警 Tr 显著长于无预警。紧急减速率语音 2.77–3.18、VMS 2.97–3.41、无预警 3.10–3.56 m/s²，无预警显著高于语音（α=0.05）。交叉口与行人类型差异不显著。2 起事故全在「无信号+无预警」。步速均值 0.88/1.29/1.16、第 15 百分位 0.72/1.10（计算用 1.11）/1.00 m/s。推导 Twd 6.28（语音）/6.07 s（VMS）、Twp 4.39 s、dp 7.1 m、Dc 61 m、VMS 距停止线 50 m、Vdp 3 m。⚠ 步速两处不一致；Tb1/Tb2 为假设值。	Chien-Yen Chang, Ting-Wei Chang	Chien-Yen Chang	2009	IEEE APSCC 2009	会议 (IF -) (亚太服务计算会议)	全文	强	(Chang & Chang, 2009)	Chang, C. Y., & Chang, T. W. (2009). Parameters analysis for an intersection bus-pedestrian collision warning system. In *2009 IEEE Asia-Pacific Services Computing Conference (APSCC)* (pp. 239–245). IEEE. https://doi.org/10.1109/apscc.2009.5394118	背景（技术/综述，未直接引用）
87	Machine Learning-Based Pedestrian Intention Prediction Models for Collision Warning at Unsignalized Crosswalks	纯算法研究（离线评估），无实验场景与被试。数据为 JAAD + PIE + PSI 三个自然驾驶数据集整合的 4,835 条唯一行人轨迹（经滑动窗生成 539,285 条训练序列），专门筛选无信号路段（mid-block）人行横道与交叉口的关键交互区；数据以晴朗天气与良好光照为主，夜间与雨雪未验证。行人冲突形式为过街意图（是否进入车道），无车速、道路等级与分心任务设置。	仅有算法可视化的二值配色（Fig. 2）：绿色边界框 = 「安全/不过街」预测，红色边界框 = Social-LSTM 预测的「过街」意图。未给 RGB/HEX/CIE 坐标；该配色为算法可视化而非经人因验证的 HMI 设计。	论文未明确报告 HMI 呈现位置或空间参照系。可用的空间参数为算法侧：社会交互半径 5 m（该半径之外的行人对 0.5–1.0 s 短期意图预测影响可忽略）；所有空间坐标按视频帧宽与帧高归一化以学习相对运动模式。视场角、偏心度、虚像距离均未涉及。	边界框（bounding box），用于算法可视化；行人运动学特征取自从连续视频帧提取的行人边界框质心。框的尺寸、线宽与其他几何参数论文未明确报告（本文不含 HMI 图形设计）。	论文未明确报告图形的动静态、闪烁频率或占空比。算法侧为动态逐帧推断：以 15 帧（≈0.5 s）滑动观测窗持续输出过街意图概率，可在嵌入式硬件上按经校准的概率阈值触发预警。	意图被操作化定义为「对行人在未来 0.5 至 1.0 秒时域内进入车道的认知承诺的概率估计」；历史观测窗 15 帧 ≈ 0.5 s（选择理由是平衡时间上下文与实时低延迟推理需求）；由此提供的关键安全缓冲为 0.5 至 2.0 秒。行人刚进入视野后至少需 15 帧（≈0.5 s）才能给出首个意图判定。TTC 阈值、减速度阈值、预警提前期与推理延迟论文未明确报告。	论文未明确报告。无预警驻留时长、撤销条件、解除阈值或渐隐规则——本文为算法研究、不含 HMI 设计；作者亦承认未报告推理延迟，实时嵌入式部署可能引入未处理的延迟挑战。	论文未做分级预警设计，无级数、各级触发点或级间间隔。但作者提到可在嵌入式硬件上设定「经校准的概率阈值」来触发碰撞预警，为多阈值分级留下接口；两种模型工作点（BiLSTM 高 Recall / Social-LSTM 高 Precision）可映射为弱提示与强预警两级。	无被试实验（本文为机器学习算法/建模研究）。方法为两阶段迁移学习：阶段 1 在 JAAD 与 PIE 上预训练学习行人运动基元（walking、standing、starting），阶段 2 权重迁移后在 PSI 上微调；全部评估在 PSI 数据集上离线进行。	不适用（无被试实验）。所比较的是三种模型架构：BiLSTM（纯运动学基线）、Social-LSTM（social pooling 建模 5 m 半径内行人交互）、Transformer（自注意力全局上下文）。输入为每时间步的水平/垂直位置、速度、加速度分量。	算法性能指标 Precision、Recall、F1-score（作者明确因安全关键性质须在误报与漏检之间权衡）。论文未报告 Accuracy 与 AUC，也未报告 F1/Precision/Recall 随预测时域变化的曲线，亦未报告推理延迟。	PSI 微调后：Social-LSTM 最优 Precision 85.02% / Recall 84.13% / F1 84.57%；BiLSTM 79.82% / 88.78%（最高）/ 84.06%；Transformer 最差 77.86% / 86.28% / 83.44%。结论：显式建模社会交互在拥挤城市环境有显著优势；架构复杂性不保证在数据受限的安全应用中更优；两阶段迁移学习为收敛前提。作者警告 BiLSTM 的低 Precision（误报约 20%）「可能因频繁误警导致驾驶员脱敏」。⚠ 未显式建模车辆动力学，84.57% 为未用自车信息时水平；未报告精度—时域曲线，不得外推；夜间/雨雪不适用。	Sami Haktan Cangut, Yalçın Alver	Sami Haktan Cangut	2026	CETRA 2026	会议论文集 (IF -) (公路与铁路基础设施国际会议)	全文	强	(Cangut & Alver, 2026)	Cangut, S. H., & Alver, Y. (2026). Machine Learning-Based Pedestrian Intention Prediction Models for Collision Warning at Unsignalized Crosswalks. In *International Conference on Road and Rail Infrastructure* (pp. 791–798). University of Zagreb Faculty of Civil Engineering. https://doi.org/10.5592/co/cetra.2026.1849	实验4
88	V2P Collision Warnings for Distracted Pedestrians: A Comparative Study with Traditional Auditory Alerts	实车（实机器人）真实场地实验：奥地利林茨约翰开普勒大学校园内一条 180 m 长 × 8 m 宽步行道，车辆为轮式机器人 Husky A200 沿步行道中央固定直线轨迹远程操控行驶，与被试保持 > 1 m；被试沿两侧 7 个关键点（A–G）斜穿往返，产生 12 个路径交叉的潜在过街点；受众是行人（非驾驶员）；有分心任务——手机 Trivia 知识问答，并操纵是否戴耳机听音乐。车辆速度论文未明确报告。	论文未明确报告。Fig. 5c 显示 V2P 视觉预警为手机屏上叠加于 Trivia 题目界面的文字警示消息，但未给出颜色、字号、对比度、RGB/HEX/CIE 坐标或分级配色。	V2P 视觉预警呈现在行人自己手机屏幕上，即投送到用户当前注视的显示面（与 AR-HUD「把预警投送到驾驶员前向视野」在空间对齐原理上一致）；听觉预警由车载扬声器发出，即从危险源方向发声。触发用的关注区域 ROI 定义在车辆前方、宽 2.6 m（略宽于林茨市城市电车），ROI 纵向长度论文未明确报告。视场角、偏心度、虚像距离均未涉及。	手机屏上的文字警示消息（visual message）+ 报警声。形状、尺寸、线宽论文未明确报告；听觉预警为模仿林茨市有轨电车信号的铃声。	论文未明确报告动静态、闪烁频率或占空比。预警强度不随距离、TTC 或风险等级变化——为单级、由 Operator 在被试进入 ROI 时手动触发（Wizard-of-Oz）的固定形态预警。	几何触发而非时间阈值：被试进入车辆前方宽 2.6 m 的 ROI 时由 Operator 触发预警。论文未明确报告 TTC、TTMD、THW、距离阈值、减速度阈值、预警提前期，也未报告 ROI 的纵向长度与车辆速度，因此无法把结果换算为 TTC 或时间余量。行人步速为实验指示的名义值「约 1 m/s」。	论文未明确报告。预警持续时长、撤销条件、解除阈值与渐隐规则均未给出；预警由 Operator 在被试进入 ROI 时手动触发（Wizard-of-Oz），原文未描述触发后的维持或解除逻辑。	无分级、无升级机制、无级间间隔（单级预警，几何触发）。四种预警类型为并列水平而非级联：NW（无预警）、AW（车载扬声器电车铃声）、VW（V2P 推送到手机的视觉+听觉预警）、AW+VW（两者同时）。	10 名被试（4 女 6 男，20–37 岁，M = 29.7、中位数 29）在校园步行道上以自然步速（约 1 m/s）沿关键点 A→G 往返行走，持续参与手机 Trivia 知识问答（500 题库，行走或站立时均须互动），仅在应用提示时才前往下一关键点，并被要求「像在真实情境中那样对预警作出反应」；每人在有音乐与无音乐两种互补条件下各做一轮，每轮 12 次进入 ROI（6 次 NW + AW/VW/AW+VW 各 2 次，随机预分配）。	①预警类型（被试内 4 水平：NW 无预警 / AW 声学预警 / VW V2P 预警 / AW+VW 两者同时）；②耳机（被试内 2 水平：是否戴耳机听音乐）。组合为 8 个条件。	速度变化比 SCRv = v_post(t) / ⟨v_pre(t)⟩，即进入 ROI 之后的瞬时速度除以进入前的平均速度，用于标准化跨预警类型的响应比较。Trivia 应用虽记录了响应时间，但论文全文未报告任何响应时间数值或分析。219 条有效轨迹（原始 228 条，剔除遮挡、VRU 过多与主动让行样本）。	不戴耳机四条件无显著差异，速度均提高 7%–11%（NW 1.07±0.25、AW 1.09±0.29、VW 1.07±0.30、AW+VW 1.11±0.31；NW vs AW p=0.5342），被试反馈车辆电机与轮噪至少与 AW 一样大。戴耳机时出现显著差异：NW(H) 1.02±0.22；AW(H) 降至 0.96±0.24（减速 4%），与其余 7 条件差异全部显著（p≤0.0023，多数 p<0.0001）；VW(H) 1.11±0.24、AW+VW(H) 1.09±0.33，两者无差异（p=0.5249）。即 V2P 使分心行人恢复到不分心水平。⚠ 仅 10 人、车辆为轮式机器人；无 TTC 或预警提前期数据。	Novel Certad, Enrico Del Re, Joshua Varughese	Novel Certad	2025	arXiv 预印本 2025	预印本 (IF -) (未经同行评议)	全文	中	(Certad et al., 2025)	Certad, N., Del Re, E., Varughese, J., & Olaverri-Monreal, C. (2025). V2P Collision Warnings for Distracted Pedestrians: A Comparative Study with Traditional Auditory Alerts. In *2025 IEEE Intelligent Vehicles Symposium (IV)* (pp. 1340–1345). IEEE. https://doi.org/10.1109/iv64158.2025.11097625	背景（技术/综述，未直接引用）
89	Early warning of pedestrians and cyclists	实车路测 + 受控场地测试（非模拟器、非被试实验）：试验车 Audi A7 加装量产级 ADAS 相机（约 40° FOV），配 RTK GPS/轮速/陀螺 EKF 融合与 HERE Maps 路径规划。示例数据条件：前三组车辆静止于原点朝 +x，后三组车辆以 15 mph（≈24 km/h）沿 +x 起步行驶；行人在 x = 20 / 30 / 40 m 处沿 +y 方向横穿（横穿型冲突）。刻意选宽阔道路与低速以便完整视野内跟踪；另在城郊与市区做大量路测，其中行人航迹通常仅 2–3 m。无分心任务（无被试）。	论文未明确报告——该系统的预警输出为语音提示（如「Watch out for the pedestrian on the left」），无任何视觉 HMI 实现，因此颜色、透明度、动效、闪烁频率与占空比均未涉及。作者仅提出早期预警的 HMI 应与紧急 PCW 同族但强度更低（not so intense or urgent）。	论文未明确报告图形呈现位置与参照系（无视觉界面）。可用的空间参数为：ADAS 相机视野约 40 度（作者明确指出这是最核心限制之一）；预警触发的相交点距离门限 ≤ 60 m；头部姿态识别需头部至少 25 像素宽，据此在 40° FOV 下达到 40 m 作用距离需 12 Mega-Pixel 相机。作者另提出方向标签（左/右/前方）按「听完约 1 s 提示之后」的行人预测位置确定，即前向补偿式放置。	论文未明确报告——无视觉图形。预警的表达形式为语音提示，含方向性词（左/右/前方），并可与导航机动指令合并为「turn right and watch out for bicycle on your right」。作者曾考虑从威胁来源方向播放声音（directional audio），但未实现。	论文未明确报告（无视觉图形，故无静态/动态图形之分）。系统侧的动态量为：行人位置以 36 Hz 跟踪；车辆传感器以 200 Hz 采样；横向/纵向运动分别以 12 帧（≈333 ms）与 30 帧（≈833 ms）的滑动历史窗做线性回归；行人离开视野后继续用估计轨迹外推预测 4 s。语音提示朗读时长约 1 s。	触发门限为 AND 条件：到相交的时间 < 4 秒，且相交点距车辆当前位置最多 60 米。「早期预警」的操作性定义：能在紧急预警之前至少 3 秒发出（at least 3 seconds before the emergency warning）。可判定前提：横向运动最少需 12 个样本 ≈ 333 ms（@36 Hz），纵向运动最少需 30 个样本 ≈ 833 ms；但作者明确指出准确估计纵向运动通常需远多于 30 个样本，等待 30 样本以上「对早期预警来说太慢了」。	论文未明确报告图形/提示的持续时长与撤销、渐隐规则。可确证的相关时长为：语音提示朗读约 1 s；行人离开视野后算法继续用估计轨迹预测其位置 4 s。作者指出语音是串行模态——若已有提示在播会延迟预警，这是串行模态的结构性缺陷，而视觉/HUD 作为并行模态无此问题。	隐含两级但无量化时序：早期预警（early warning）与紧急预警（emergency warning）两层，级间关系由定义给出——早期预警须比紧急预警早 ≥ 3 s。作者主张早期预警的 HMI 应与紧急预警同族但强度更低，且时序范式上归入「导航式（提前、可解释、低强度）」而非「告警式（即时、强烈）」。论文未明确报告紧急预警的触发阈值与具体级间间隔。	无被试实验（本文为演示系统 demonstration system 的工程报告类研究）。数据为作者自行进行的实车路测与受控场地测试，无人因实验、无被试、无主观量表。UX 结论（语音提示的两大缺点、应不那么强烈）为作者的工程经验判断而非实验证据。	不适用（无被试实验、无受控实验设计）。示例数据的对照条件为车辆状态（静止 vs 15 mph 行驶）与行人纵向距离（x = 20 / 30 / 40 m）两组几何变化，但作者未将其作为操纵变量做统计分析。	论文未报告任何定量的准确率、召回率、F1、误报率或漏检率——只有定性的行人轨迹图与失败模式描述（相机对车辆运动过度补偿、轨迹不连续、ID 切换）。可量化的系统参数为跟踪采样率 36 Hz、最小样本数 12 / 30、外推 4 s、相交距离门限 60 m、FOV 约 40°。	定性结果：车辆静止时行人轨迹大致线性，每条轨迹起始与末端噪声最大、中段最接近真值（20/30/40 m）。车辆以 15 mph 运动时 ADAS 相机难以定位行人——既难找到初始位置，又倾向对车辆运动过度补偿，随接近逐渐收敛，形成「侧向的钟形曲线」；真值 40 m 的 Fig. 8 中过度补偿严重到造成轨迹不连续。相机偶尔丢失跟踪数毫秒后以新 ID 重新分类，使一个行人表现为两个或多个，且断裂轨迹并不总能可靠合并。核心结论：「用相机可靠地判断行人正朝哪个方向去是不可能的」；40° FOV 限制了碰撞前可获得的样本数，纵向距离估计随距离与车速增大而退化；多数路测中 12 个样本足以准确估计横向运动，但纵向运动通常需远多于 30 个样本、对早期预警已过慢；必须融合 LIDAR/Radar（动作跟踪）与高分辨率相机（意图识别）。算法正面结论：能区分「沿人行道纵向行走的行人」与「正在过街且处于碰撞航线上的行人」，对自行车同样有效。转引 Møgelmose et al. (2015)：一个像素的变化可使位置跳变数米。⚠ 与 idx 86（Chang & Chang, 2009）空间参数一致（60 m vs 推导 Dc = 61 m）但时间参数冲突（本文 4 s vs 推导 6.07–6.28 s）；原因是车型（乘用车 vs 公交）、时间起止点定义（到相交 vs 到完全停车）与「能力侧可行值 vs 需求侧运动学值」的差异，写入规范时必须分列需求侧与能力侧。⚠ 本文为 arXiv 预印本（arXiv:2107.05186，无 DOI、引用数无数据），全文无任何定量精度指标，且部分传感器为外部加装（RTK GPS）以获得优于量产的定位精度，故其性能优于量产可实现水平。	Joerg Christian Wolf	Joerg Christian Wolf	2021	arXiv 预印本 2021	预印本 (IF -) (未经同行评议)	全文	强	(Wolf, 2021)	Wolf, J. C. (2021). *Early warning of pedestrians and cyclists* [Preprint]. arXiv. https://arxiv.org/abs/2107.05186	背景（框架）
90	Sensor fusion-based pedestrian collision warning system with crosswalk detection	实车原理验证（proof of principle），非模拟器、非被试实验。场景严格限定为「车辆接近有行人的斑马线」，并建立在三重假设上：斑马线附近 + 车辆直行 + 车辆方向垂直于斑马线。验证条件：试验车以恒定 20 km/h 垂直于斑马线行驶，当 TTC（T_tc）低于 3.0 s 时行人开始在斑马线上行走（横穿型冲突），试验车不减速；为保证安全用木偶（puppet）替代真实行人。无分心任务（无被试）。	三级交通灯隐喻配色：绿色 = 未检测到斑马线且未检测到行人；黄色 + 黄色文字「CROSSWALK DETECTED」= 检测到斑马线或斑马线附近的静止物体；红色 + 红色文字「CROSSWALK OCCUPIED」= 检测到斑马线且斑马线上有移动物体且预测位置在 V_car × T_tc 之内。作者强调该配色的优点是「对驾驶员也容易理解」。论文未明确报告 RGB / HEX / CIE 坐标。	车内座舱显示器（on-cabin display），非 HUD、非世界锁定。空间表达为鸟瞰（bird's eye view）平面上的贴地水平危险区（hazardous region），按 T_tc 分为 4 个 1 s 宽的带状区；鸟瞰图横向轴范围 −10 m 至 +10 m、纵向 0–30 m。传感器视场约束：单目相机 42°（H）× 26°（V），752×480 px，刷新率 40 ms；毫米波雷达远距 18° / 200 m、近距 56° / 60 m，故融合后横向有效视场受限于相机 42°。	"三色指示灯（人工交通灯）+ 文字消息（""CROSSWALK DETECTED"" / ""CROSSWALK OCCUPIED""）；以及鸟瞰图上的带状危险区。危险区纵向上边界 R_x = T_tc · V_car（T_tc_max = 4.0 s），即与车速成正比动态伸缩；横向覆盖为斑马线区域向两侧各外扩 1 米的余量。论文未明确报告线宽、图标尺寸与透明度。"	动态：危险区纵向深度随车速动态伸缩（R_x = T_tc · V_car），且按 T_tc = 1 / 2 / 3 / 4 s 分为 4 档随行人预测位置切换等级；指示灯颜色按检测状态（无 / 斑马线 / 斑马线被占用）实时变换。相机刷新率 40 ms（25 Hz）；行人横穿速度 V_ped 由横向位置微分求得并用滑动平均滤波器平滑。论文未明确报告闪烁频率与占空比。	分级触发：检测/呈现区上界 T_tc_max = 4.0 s（感兴趣区纵向上边界 R_x = 4.0 × V_car）；红色视觉警告在行人预测位置进入 V_car × T_tc 内时触发；听觉预警在 T_tc < 2.0 s 时叠加。4.0 s 的出处为 Ueda et al. (2007, JSAE Transactions 38(2): 231–236)——该研究指出行人保护算法的预警在 time-to-collision 4.0 秒处是有效的，且其边界条件是「注意力不集中驾驶（inattentive driving）」。按公式换算：20 km/h → 4 s 上界 22.2 m；40 km/h → 44.4 m；50 km/h → 55.6 m。	论文未明确报告固定时长——预警为状态驱动：只要条件满足即持续显示，条件解除即回退到低等级（绿→黄→红逐级回退）。无撤销延迟、无渐隐规则、无最小持续时长的报告。	有。三级视觉编码：绿（无斑马线无行人）→ 黄（有斑马线或斑马线附近静止物）→ 红（斑马线被占用且预测位置在预警区内）；并在红色之上做双模态升级：T_tc < 2.0 s 时叠加听觉预警。危险等级可视化粒度为每 1.0 秒一档，即 T_tc = 4 / 3 / 2 / 1 s 四段。故级间间隔可直接读作 1.0 s；视觉→听觉的升级间隔为 4.0 − 2.0 = 2.0 s（若视觉在最早时机呈现）。	无被试实验（本文为传感器融合算法开发与实车原理验证类研究）。仅用木偶替代真实行人做一次功能验证试验，验证输出为显示器上人工交通灯由黄变红、木偶相对本车轨迹进入感兴趣区。作者在结论中明确把「公共道路驾驶中的误报率与漏检评估」列为后续工作。	不适用（无被试实验、无自变量/因变量的实验设计，为单次功能验证试验）。固定条件为车速恒定 20 km/h、垂直接近斑马线、T_tc < 3.0 s 时木偶起步、车辆不减速。	论文未报告检出率、误报率、漏检率与系统延迟的定量数值。可确证的算法输出为：预测时间 T_p(t) = (X_ped(t) − X_car(t)) / V_car；行人预测横向位置 Y_ped(t + T_p) = Y_ped(t) + V_ped · T_p(t)；预警区纵向上界 R_x = T_tc · V_car；斑马线检测的交比 [abcd] = (ac·bd)/(bc·ad)。透视投影矩阵系数由最小二乘法基于 78 个不同位置的标定数据确定。	验证结果：木偶进入感兴趣区时显示器上的人工交通灯由黄变红；木偶相对本车位置的鸟瞰轨迹确实进入了预警区，且图中按 0<T_tc<1 s、1<T_tc<2 s、2<T_tc<3 s、3<T_tc<4 s 四档标记轨迹段；作者据此断言所提出算法的有效性（validity）得到验证。方法学论点：TTC 只考虑同向相对速度，当物体从横向接近本车时可能不适合表征风险，故应改用「本车到达行人运动轴的预测时间 T_p」并据此外推行人横向预测位置；另指出仅基于行人当前纵向位置估计风险（Takimoto 2008）会给出不恰当的报警。事故统计：日本交通事故死亡 5,744 人中行人占 33.8%；50% 的行人事故发生在斑马线附近且多数为车辆直行（斑马线 19,678 起、斑马线附近 2,467 起、人行天桥附近 272 起、其他 18,790 起）。⚠ 与 idx 81（Phan 2016）在 TTC 阈值上冲突：Phan 的 critical TTC 上界为 2.0 s（覆盖 90% 人群）且明确响应时越大越烦人，本文却把 4.0 s 作为呈现上界；边界条件差异为信息强度（本文 4 s 处仅为黄色被动情境提示，Phan 的 2 s 是强制性警告面板）与驾驶员状态（本文 4 s 依据 Ueda 2007 针对注意力不集中驾驶）。⚠ 与 idx 84（Char 2022）冲突：Char 的 180 人模拟器实验中被试压倒性抱怨 1.7 s 与 2 s 太晚、仿真最优点在 2.6 s，而本文把听觉预警放在 2.0 s；可能原因是本文有 4 s 处的黄色视觉前置提示做「预热」。⚠ 4.0 s 与 2.0 s 两阈值分别来自外部文献引用与作者设定，未在本文中做任何人因验证；验证极弱（仅一次试验、木偶替代真人、单一车速 20 km/h、车辆不减速、未报告检出/误报/漏检率）。	Shige Suzuki, Pongsathorn Raksincharoensak, Ikuko Shimizu	Shige Suzuki	2010	IEEE IV 2010	会议 (IF -) (智能车辆重要会议)	全文	强	(Suzuki et al., 2010)	Suzuki, S., Raksincharoensak, P., Shimizu, I., Nagai, M., & Adomat, R. (2010). Sensor fusion-based pedestrian collision warning system with crosswalk detection. In *2010 IEEE Intelligent Vehicles Symposium* (pp. 355–360). IEEE. https://doi.org/10.1109/ivs.2010.5548120	实验2、实验3、实验4
91	A Reinforcement Learning-Based Adaptive Forward Collision Warning System by Considering Drivers’ Reaction Time in Real Time	纯算法建模 + 数值实验，非模拟器、非实车、非视频。数据为 NGSIM 真实驾驶轨迹数据集，并明确选取两个不同时段（two different periods）的样本以提升准确率。场景为高速公路/城市干道的车—车纵向跟驰（前车—后车对），不涉及行人、不涉及横向冲突、不涉及交叉口与遮挡。摘要未报告具体路段（I-80 / US-101 / Lankershim 等）、车速、样本条数与是否含分心任务。	摘要未报告——本文止于「是否激活预警」这一布尔输出，完全不含呈现层设计，无 HMI 硬件（不含 HUD、扬声器、触觉装置），报警的呈现模态与形式均未披露，因此无任何颜色编码方案。	摘要未报告——不适用。本文无呈现层，故屏幕固定/世界锁定/目标锁定/仪表/下视显示的选择、视场角 FOV、偏心度与虚像距离均未涉及。唯一间接相关的空间信息是模型输入为前后车对的轨迹，即依赖纵向相对位置与速度序列。	摘要未报告——无图形形态设计（无边界框、虚拟阴影、箭头、风险区、图标或文字的任何描述），亦无尺寸与线宽参数。DQN 的输出仅为二元的报警激活状态。	摘要未报告——无图形，故无静态/动态之分，亦无闪烁频率、占空比与更新率。算法侧的动态性在于 DRT（driver reaction time）由曲线匹配算法从前后车轨迹对中实时（in real time）估计并作为 DQN 输入，使触发决策随个体反应时与轨迹状态变化。	摘要未报告任何 TTC / TTMD / THW 阈值秒数、距离阈值或减速度阈值——本文的核心设计恰是用 DQN 策略替代显式阈值：「是否报警」由学到的价值函数决定，因此不存在可摘录的秒数。TTC 仅作为被超越的基线（TTC-based classical model）出现，其基线阈值摘要未报告。DQN 的奖励函数（决定「早报警 vs 漏报」的权衡系数）摘要完全未披露。	摘要未报告（无 HMI 层，故无持续时长、撤销与渐隐规则）。报警延迟与系统时延亦摘要未报告——曲线匹配 + DQN 推理的计算耗时未讨论，而这在「实时（in real time）」声明下本应报告。	摘要未报告分级设计——DQN 输出为二元的报警激活状态（activation state of collision warning），未见分级、未见级数与级间间隔。个体差异维度为「驾驶风格（driving styles）」这一跨时段稳定的特质，而非随时波动的状态（对照 idx 73 的 distracted / harsh 状态检测）。	无被试实验（本文为强化学习算法建模 + 数值实验类研究）。无人类被试、无主观量表、无反应时实测、无信任/接受度测量。流程为：NGSIM 两时段轨迹 → 曲线匹配估 DRT → 轨迹 + DRT 输入 DQN → 输出报警激活状态 → 与 TTC 经典模型/自适应模型对比准确率、真正率与报警干扰。	不适用（无被试实验、无自变量操纵、无被试分组、无统计检验）。对照条件为两个基线模型：TTC-based classical model 与 adaptive model；两基线的具体阈值设定摘要未报告。DQN 的网络结构、状态/动作/奖励函数定义、折扣因子与训练回合数均摘要未报告。	分类性能类：accuracy rate（准确率）、true positive rate（真正率/召回率）；骚扰代价类：alarm interference（报警干扰，仅定性报告「大幅减少」，无数值）；时间类：DRT（driver reaction time，由曲线匹配从前后车轨迹对实时反演，但数值、单位、分布与估计误差全部摘要未报告）；决策输出：activation state of collision warning；个体差异分组：driving style（风格类别数与划分标准摘要未报告）。	RL-AFCWS 把准确率提升至 94%、真正率提升至 49%（两者均相对于 TTC 经典模型与自适应模型而言），同时「大幅减少报警干扰（greatly reducing the alarm interference）」，并实现了对不同驾驶风格驾驶员的自适应预警。方法学上最关键的声明是：曲线匹配算法可从前后车轨迹对中实时获得 DRT，无需 DMS/眼动/生理传感器。摘要未报告两基线各自的准确率与真正率，因此 94% 与 49% 的提升幅度不可计算；亦未报告误报率（FPR）、DRT 估计值与误差、DQN 奖励函数、报警提前量与任何统计检验。⚠ 本篇证据等级 B，不得用作数值锚点——两个数值是分类性能指标而非时空设计参数，且基线数值未报告故改善幅度不可评估；数据集 NGSIM 不含行人；DQN 为隐式策略，不产生可写入规范的显式阈值秒数。⚠ 引用「94%」时必须同时引用「49%」，否则构成选择性引用：49% 真正率隐含约 51% 漏报，远超 idx 82（Schall 2013）实验覆盖的 15% 漏报范围，故 Schall 的「漏报无害」结论绝不可外推。⚠ 学习式方法的根本风险：若 DQN 从 NGSIM 学习「驾驶员实际何时制动」，则可能内在继承「与驾驶员同步而非早于驾驶员」的时机取向（对照 idx 76 实测 FCW 报警晚于真实驾驶员制动 1.47 s）。⚠ 本篇仅摘要（openalex 单一来源）、ASCE 会议论文（CICTP 2023）、引用数 0、无本地 PDF（付费墙）。	Yi-Han Sun, Xia Wu, Si-Yuan Gong	Yi-Han Sun	2023	CICTP 2023	会议论文集 (IF -) (ASCE 出版，中国交通运输研究会议)	仅摘要	中	(Sun et al., 2023)	Sun, Y. H., Wu, X., Gong, S. Y., & Yang, R. (2023). A Reinforcement Learning-Based Adaptive Forward Collision Warning System by Considering Drivers’ Reaction Time in Real Time. In *CICTP 2023* (pp. 245–256). American Society of Civil Engineers. https://doi.org/10.1061/9780784484869.024	背景（时间专题）
92	Pedestrian Collision Warning of Advanced Driver Assistance Systems	纯算法论文 + 实车实测样例，非模拟器、非被试实验。行人检测部分用 USC Pedestrian Detection Test Set 图片做定性展示；碰撞预测部分在台湾市区道路白天实车测试，仅报告一组「估计值 vs 实测值」对照。实测样例的空间尺度为车前 4–6 m、横向 ±2 m（行人位于 (1.55 m, 4.52 m)，碰撞点位于 (−2.03 m, 6.08 m)），属横向冲入型冲突。论文未明确报告车速、道路类型细节与是否含分心任务。	论文未明确报告——无面向驾驶员的 HMI 设计。图示中用矩形框标记行人、绿点标记位置、蓝矢量标记方向，但这些是算法可视化而非界面设计，且无 RGB / HEX / CIE 坐标或分级配色。	论文未明确报告图形呈现位置与参照系（无 HMI 设计）。可用的空间参数为相机安装与标定：单目相机装在前风挡中央，焦距 29 mm，分辨率 640×360，安装高度 120 cm，俯仰角（tilt angle）1°。论文未报告相机视场角（FOV），因此无法推算标注可覆盖的横向角度。危险区（hazardous zone）为贴地水平面的走廊表达，以 1.5 米线为界，左侧记 D_L、右侧记 D_R。	论文未明确报告面向驾驶员的图形形态。算法侧的形态为：矩形检测框（oblong）标记行人，并把该框分为头部、躯干、足部三区；危险区为「车辆行驶路线即将驶入的区域」，依据一般市区道路与一般车辆尺寸设定，以 1.5 m 线划分左右。论文未报告线宽、透明度与图标尺寸。	论文未明确报告（无 HMI，故无静态/动态图形之分，无闪烁频率与占空比）。算法侧的动态量为：Harris 角点检测在 8 个方向（0°、45°、90°、135°、180°、225°、270°、315°）上计算，计算范围通常取 3×3 方形区域；改进的 Lucas-Kanade 光流法估计运动矢量；灰色 GM(1,1) 模型（dx⁽¹⁾/dt + a·x⁽¹⁾ = b，具「新信息优先」性质）外推行人未来位置。预测步长为 f·ΔT，但 ΔT 与 f 均论文未明确报告，故预测时域无从量化。	论文未明确报告任何 TTC 阈值、TTMD、THW、距离阈值、减速度阈值或事件触发条件——本文只输出「行人到达碰撞点时间」与「车辆到达碰撞点时间」两个量，未定义在何种时间差下触发预警。实测样例中车辆将在 0.78 s 后到达碰撞点而行人需 5.32–5.58 s 才到达，即本例实际不会发生碰撞（车先通过），论文未说明系统在这种时序差下是否/如何报警。	论文未明确报告——本文无 HMI 设计（无视觉/听觉/触觉输出的任何描述），仅止于「可提醒驾驶员注意行人（It can remind the driver to caution pedestrians）」这一定性表述，无持续时长、撤销条件或渐隐规则。	论文未明确报告——无分级设计。危险判据为二值的：行人「将要进入」危险区或「停留在」危险区内即判为危险；另定义 6 种未来运动类型用于分类行人运动方向，但未映射为预警等级或级间间隔。	无被试实验（本文为纯算法/计算机视觉类研究）。无人类被试、无自变量/因变量的实验设计、无统计方法，仅有一组「估计值 vs 实测值」的对照展示。系统为并行架构，三个功能模块（行人检测 / 运动矢量 / 碰撞预测）可并行处理以实现实时应用。	不适用（无被试实验、无实验设计）。固定条件为台湾市区道路白天、单目相机安装参数（焦距 29 mm、640×360、高 120 cm、俯仰 1°）与危险区几何（1.5 m 线划分 D_L / D_R）。	空间指标：行人位置 (x, y)（米）、碰撞点位置 (x, y)（米）。时间指标（本文唯一的时间量）：行人到达碰撞点的时间、车辆到达碰撞点的时间。论文未报告检出率、精度、召回率、误报率、漏检率、处理帧率与系统延迟；实时性只是「并行架构将使系统达成实时处理」的将来时断言，未验证。	实车实测一组对照（台湾市区白天）：行人距离估计 (1.42 m, 4.37 m) vs 实际 (1.55 m, 4.52 m)，Δx = 0.13 m、Δy = 0.15 m；碰撞点距离估计 (−1.91 m, 6.04 m) vs 实际 (−2.03 m, 6.08 m)，Δx = 0.12 m、Δy = 0.04 m；行人到达碰撞点时间估计 5.32 s vs 实际 5.58 s，误差 0.26 s（低估 4.7%）；车辆到达碰撞点时间估计 0.78 s vs 实际 0.78 s，误差 0（完全一致）。方法学贡献：把检测矩形分头部/躯干/足部三区，用头部区帧间变化估计运动矢量（因手/脚摆动剧烈不适合估计运动）、用足部在图像上的位置代表行人位置——这是 AR-HUD 贴地锚点的正确做法；用克拉默法则求预测直线与危险区边界的交点。角点检测与运动矢量结果仅以图示给出，无定量指标。系统「能同时处理多个行人」为断言，无实验证据。⚠ 证据等级 C：本文虽题为 Pedestrian Collision Warning，却完全没有定义预警时机、预警模态、预警时长与分级结构，仅能作为「双侧 TTA 判据的实现精度基准」被引用（TTA 误差 ≤ 0.26 s、位置误差 ≤ 0.15 m）。⚠ 该精度构成预警时机设计的分辨率下限：若感知误差已达 0.26 s，则把预警时机分辨率设计到 0.3 s 以下（如 Char 比较的 1.7 s vs 2.0 s）在工程上不可靠。⚠ 验证极弱（仅一组样例、无统计量、无重复、无 FOV、无帧率），且依赖固定相机高度 120 cm 与俯仰角 1° 的平地假设，坡道与颠簸会破坏地面投影精度。	Ying-Che Kuo, Ci-Ming Fu, Cheng-Tao Tsai	Ying-Che Kuo	2016	IS3C 2016	会议 (IF -) (IEEE 计算机、消费电子与控制会议)	全文	弱	(Kuo et al., 2016)	Kuo, Y. C., Fu, C. M., Tsai, C. T., Lin, C. C., & Chang, G. H. (2016). Pedestrian Collision Warning of Advanced Driver Assistance Systems. In *2016 International Symposium on Computer, Consumer and Control (IS3C)* (pp. 740–743). IEEE. https://doi.org/10.1109/is3c.2016.189	实验3、实验4
93	Research on pedestrian vehicle collision warning based on path prediction	纯算法研究（摘要层面），场景为行人横穿（pedestrian crossing）——这是本批次中唯一直接面向行人二维横向冲突的一篇。摘要未报告测试（tests）的形式（仿真 / 台架 / 实车 / 视频数据集）、场次数、样本量、道路类型、车速、遮挡形式、行人路径数据来源，亦未报告是否含分心任务。以「驾驶员疏忽（negligence of the drivers）」为动机，但未对疏忽状态做任何量化建模。	摘要未报告——本篇无 HMI 层描述（摘要仅说「warn the driver」，未说明模态与形式），因此无任何颜色编码、无 RGB / HEX / CIE 坐标、无分级配色。	摘要未报告呈现位置与空间参照系（屏幕固定 / 世界锁定 / 目标锁定 / 仪表 / 下视显示），亦未报告视场角 FOV、偏心度与虚像距离。可迁移的空间构念为「车辆坐标区划分（the vehicle coordinate is divided）」——以本车为原点建立坐标系并划分风险分区，其划分依据是行人心理安全距离（psychological safety distance of pedestrians）而非车辆几何走廊；但分区数量、每区几何边界与距离数值全部摘要未报告。	摘要未报告图形形态（无边界框、虚拟阴影、箭头、风险区图形、图标或文字的任何描述），亦无尺寸与线宽参数。摘要层面唯一的几何构念是按行人心理安全距离划分的车辆坐标区，属空间分区而非可视图形。	摘要未报告（无 HMI，故无静态/动态之分，无闪烁频率、占空比与更新率）。算法侧的动态性体现在行人路径预测：预警系统输入被明确列为行人初始位置（pedestrian initial position）、运动速度（movement speed）与路径（path）三项；但预测时域、精度与误差指标全部摘要未报告。	摘要未报告任何 TTC / TTMD / THW 阈值、距离阈值或减速度数值——本文的判据不是时间阈值，而是「最大制动减速度能否有效避撞的极限条件（the limit condition where whether the maximum braking acceleration can avoid collision effectively）」，在概念上等价于 BTN = 1 的临界面，即运动学可避撞性判据。但极限条件的具体公式与临界值、最大制动减速度取值、路面附着假设、是否分干湿路面全部摘要未报告；是否纳入驾驶员反应时亦摘要未报告。	摘要未报告（无 HMI 层描述，无持续时长、撤销条件或渐隐规则）。报警延迟与系统时延亦摘要未报告——路径预测与五自由度动力学求解的计算耗时未讨论。	摘要未报告分级设计的级数、各级触发点与级间间隔。但「按行人心理安全距离划分车辆坐标区」在结构上隐含了空间分级（多个区 → 多个风险等级），分区数量与是否对应分级报警摘要未报告。	无被试实验（本文为纯算法建模 + 测试验证类研究）。无人类被试、无 HMI、无主观评价、无接受度量表；无自变量操纵、无被试分组、无统计检验。可复原的链条为：获取行人初始位置、速度与路径 → 预测行人未来路径 → 用五自由度车辆模型计算最大制动减速度下的车辆轨迹 → 判定是否满足避撞极限条件 → 依行人心理安全距离划分的车辆坐标区确定风险等级 / 是否报警 → 测试验证。	不适用（无被试实验、无实验设计）。车辆模型为五自由度（five-freedom-degree），但具体的五个自由度是哪五个（如纵向、侧向、横摆、侧倾、俯仰）摘要未报告；行人路径预测的算法族（卡尔曼滤波 / LSTM / 灰色模型 / 多项式拟合等）摘要未报告；对照基线摘要未报告（未提及与 TTC 模型或其他方法对比）。	pedestrian path（行人预测路径，空间轨迹类）；maximum braking acceleration（最大制动减速度，运动学阈值）；limit condition（避撞极限条件，时间/空间混合判据）；psychological safety distance of pedestrians（行人心理安全距离，空间类心理量）；vehicle coordinate zones（车辆坐标分区）；warning effectiveness（预警有效性，结果类）。以上全部指标的数值、精度与误差摘要未报告。	摘要层面的结论完全定性：测试结果显示所设计的防撞预警系统能在碰撞事故发生前有效地向驾驶员报警（can effectively warn the driver before the collision accident occurs），由此可避免因驾驶员疏忽造成的行人交通事故。方法学贡献四项：FCW 中的行人路径预测方法研究、五自由度车辆模型分析、最大制动减速度避撞的极限条件研究、按行人心理安全距离划分车辆坐标区。预警系统输入三项：行人初始位置、运动速度、路径。摘要未报告报警提前时间、避撞成功率、误报率、漏报率、路径预测精度、测试场次与任何统计量。⚠ 本篇摘要不含任何一个数字，绝对不可引述任何数值（无极限条件公式、无心理安全距离取值、无预警提前时间、无避险成功率、无误报率、无样本量），证据等级 C，仅可作概念级引用。⚠ 与 idx 89（Wolf 2021）直接冲突：Wolf 用实车数据得出「用相机可靠判断行人行进方向是不可能的」，而本篇把「行人路径预测」当作可靠可得的输入，未讨论任何感知不确定性、预测误差或时延，也未报告传感器配置——即本篇的「有效报警」结论建立在理想感知假设之上，引用时必须附带 Wolf 的感知可行性约束。⚠ 与 idx 87（Cangut 2026）冲突：本篇未报告任何预测精度或预测时域，无法判断其路径预测能否提供足够的报警提前量。⚠ 引用「心理安全距离」时须注明本文未给出该距离的数值或测定方法；行人意图/路径预测精度一律改引 idx 38 / idx 87 / idx 47。	Yue Zhang, Xu Wang, Kaimin Zhuo	Yue Zhang	2023	ICTIS 2023	会议 (IF -) (交通信息与安全国际会议)	仅摘要	弱	(Zhang et al., 2023)	Zhang, Y., Wang, X., Zhuo, K., Jiao, W., & Yang, W. (2023). Research on pedestrian vehicle collision warning based on path prediction. In *2023 7th International Conference on Transportation Information and Safety (ICTIS)* (pp. 1267–1272). IEEE. https://doi.org/10.1109/ictis60134.2023.10243767	实验3、实验4
94	Predictive Safety-Aware Transmit Rate Control Scheme for Real-Time Proactive Forward Collision Warning System	V2X 通信协议设计 + 案例研究（case study），非模拟器、非实车、非视频、非人因实验。数据为真实世界高速公路轨迹数据集（real-world highway trajectory datasets），场景限定为高速公路追尾（rear-end）风险，完全不涉及行人、不涉及横向冲突、不涉及城市交叉口与遮挡。摘要提到 high vehicle density 场景但未给出密度数值；具体数据集名称、路段、时长、车辆数与车速均摘要未报告；无分心任务（无驾驶员建模）。	摘要未报告——不适用。本篇止于「预警消息被接收」，无呈现层设计，无 HMI（摘要未涉及消息如何呈现给驾驶员），因此不存在任何颜色编码方案、RGB / HEX / CIE 坐标或分级配色。	摘要未报告——不适用（无呈现层，故屏幕固定 / 世界锁定 / 目标锁定 / 仪表 / 下视显示的选择、FOV、偏心度与虚像距离均未涉及）。本篇唯一的空间性变量是「车辆密度（vehicle density）」，即通信拓扑的空间密度，与 AR-HUD 的视觉空间布局无关。	摘要未报告——不适用（无 HMI 设计，无边界框、虚拟阴影、箭头、风险区、图标或文字，亦无尺寸与线宽参数）。「预警」在本文中等同于 beacon 消息包。	摘要未报告——不适用。算法侧的动态量为 beaconing rate（每车每秒广播的 beacon 消息数）随预测碰撞风险分布式自适应调整，但其数值范围、上下界与调整步长全部摘要未报告。⚠ 注意 beaconing rate 是「消息广播频率」，与 AR-HUD 的「图形闪烁频率」在物理与认知意义上完全不同，绝不可类比引用。	摘要未报告任何 TTC / TTMD / THW 阈值、距离阈值或减速度阈值——本篇不在「何时向驾驶员报警」这一层工作，而在「消息以多高频率广播」这一层。碰撞风险预测模型的形式（TTC / DRAC / 机器学习）摘要未报告。本篇的核心议题是报警延迟：摘要仅定性确认「危险情况发生」与「预警消息被接收」之间存在时延（delays between the occurrence of dangerous situations and the reception of warning messages），但具体时延量级、分布与改善幅度全部摘要未报告。	摘要未报告（无 HMI 层，无持续时长、撤销条件或渐隐规则）。信道拥塞（channel congestion）的判定阈值与信道容量上限（channel capacity limits）的数值亦摘要未报告；端到端时延未拆解为感知时延、排队时延、传播时延与处理时延等分量。	摘要未报告分级的级数、各级触发点与级间间隔。但「按预测碰撞风险分配 beaconing 速率」在结构上是风险分级的连续版本——风险越高、消息越密；分级档数与速率映射函数摘要未报告。	无被试实验（本文为 V2X 通信协议设计 + 案例研究类研究）。无人类被试、无 HMI、无主观量表、无反应时实测；不讨论驾驶员如何接收、理解与响应预警。可复原链条为：真实高速公路轨迹 → 预测每车碰撞风险 → 检测信道拥塞 → 分布式速率自适应（高风险车高速率，总量受容量约束）→ 与基准方案比较 beaconing 的可靠性与效率。	不适用（无被试实验、无被试设计、无统计检验）。对照为 benchmark schemes（基准方案），其名称与数量摘要未报告；网络仿真平台（如 ns-3 / Veins / SUMO）、V2X 制式（DSRC/802.11p vs C-V2X）、信道模型与 MAC 层参数全部摘要未报告。	beaconing rate（beacon 发射速率，通信频率类）；channel congestion（信道拥塞状态）；channel capacity limits（信道容量上限）；危险发生→消息接收时延（时间类，系统侧时延）；predicted crash risk（预测碰撞风险）；reliability & efficiency of beaconing（通信性能）；vehicle density（场景变量）。以上全部指标的数值摘要未报告，包括包投递率（PDR）与任何统计检验。	摘要层面的结论完全定性：PSA-TRC（predictive safety-aware transmit rate control scheme）显著提升了主动式 FCW 系统中 beaconing 的可靠性与效率（significantly enhances the reliability and efficiency of beaconing），且该优势在高车辆密度（high vehicle density）场景中尤为明显；机制为检测到拥塞时按预测碰撞风险差异化分配 beaconing 速率，在信道容量约束下优先保障高风险车辆的消息投递。摘要未报告任何时延数值（ms 或 s）、PDR、beacon 速率数值、车辆密度数值、基准方案性能与任何统计检验。本篇对本课题唯一真正有价值的论断是：「危险发生」与「预警消息被接收」之间存在通信时延——这是 idx 76（Thammakaroon 2012 实测 FCW 报警比真实驾驶员制动晚 1.47 s）在网联场景下的对应问题，据此本课题必须把系统渲染延迟（warning lag）列为必测项。⚠ 本篇属通信层（V2X）辅助证据，与 AR-HUD 的显示时机、图形形态、空间参照系无直接关系，明确不进入本课题的人因阈值结论；证据等级 C，不得用作数值锚点。⚠ 摘要不含任何一个数字，绝对不可引述任何数值；且不得把 beaconing rate 与图形闪烁频率、预警重复率或显示刷新率作任何数值或概念上的等同。⚠ 本篇为 SSRN 预印本（未经同行评审，引用数 manifest 未取到），仅摘要（crossref），风险预测模型的形式与阈值完全不透明。	Yang-Jun Joo, Dong-Kyu Kim, Eui-Jin Kim	Yang-Jun Joo	2024	SSRN 预印本 2024	预印本 (IF -) (SSRN，未经同行评议)	仅摘要	弱	(Joo et al., 2024)	Joo, Y. J., Kim, D. K., & Kim, E. J. (2024). *Predictive Safety-Aware Transmit Rate Control Scheme for Real-Time Proactive Forward Collision Warning System* [Preprint]. Elsevier BV. https://doi.org/10.2139/ssrn.4927850	背景（技术/综述，未直接引用）
95	Development of Forward-Collision Avoidance Warning System Adapted for Driver Characteristics	摘要未报告——本篇摘要未获取（papers_metadata.json 中该条目的 abstract 字段实为 Crossref「该 DOI 未挂载任何元数据」的占位提示文本，不是本文摘要），无本地 PDF 与全文，仅有题录级信息。是否为模拟器、实车或纯仿真无法判断；道路类型、车速、行人冲突形式与是否有分心任务全部摘要未报告。标题可确证研究对象为前向碰撞避免预警系统（forward-collision avoidance warning system），倾向纵向追尾场景。	摘要未报告——标题未提及任何界面或显示要素，本篇对色彩编码不提供任何证据（无 RGB / HEX / CIE 坐标、无颜色名称、无分级配色）。	摘要未报告——呈现位置与空间参照系（屏幕固定 / 世界锁定 / 目标锁定 / 仪表 / 下视显示）、视场角 FOV、偏心度与虚像距离全部未获取。标题未提及任何界面或显示要素，本篇对空间参数不提供证据。	摘要未报告——图形形态（边界框 / 虚拟阴影 / 箭头 / 风险区 / 图标 / 文字）、尺寸与线宽等几何参数全部未获取。预警模态（视觉/听觉/触觉）亦摘要未报告。	摘要未报告——静态或动态、若动态随何量（距离/TTC/风险等级）变化、闪烁频率、占空比与更新率全部未获取。本篇摘要未获取（abstract 字段实为 Crossref 占位文本），无本地 PDF 与全文，故对动效参数不提供任何证据。	摘要未报告——预警时机 / TTC / TTMD / THW 阈值、距离阈值、减速度阈值与事件触发条件全部未获取；TTC 计算公式与参数、报警延迟与系统时延亦未获取。是否使用 TTC、DCA 或第三类判据无法判定（因此无法与 idx 99 的 DCA 路线比对）。标题的限定语「Adapted for Driver Characteristics」预设了「不存在适用于全体驾驶员的单一阈值」，但「驾驶员特性」具体指哪些变量（反应时？跟车习惯？制动风格？年龄？）标题未说明。	摘要未报告——预警持续时长、持续到何条件、撤销与渐隐规则全部未获取。本篇仅有题录级信息（标题、作者、年份、SAE 编号 2005-08-0554），不提供任何时长数值。	摘要未报告——是否分级、级数、各级触发点与级间间隔全部未获取。标题「Adapted for Driver Characteristics」仅指示阈值应因驾驶员而异，未涉及分级结构，故无法判定有无分级。	摘要未报告——无法判断本篇是否含被试实验、被试量、任务与流程（2.1–2.4 各项在笔记中一律标为「未获取」）。仅可确证为 2005 年 SAE technical paper 2005-08-0554。	摘要未报告——实验设计（若有）的自变量、各水平数与被试内/被试间安排全部未获取；甚至无法判断本篇是否含受控实验。标题中的「driver characteristics」是否被作为操纵变量亦未获取。	摘要未报告——无任何可转录的因变量、类型或操作化定义；无眼动指标、行为指标、主观量表或算法性能指标。第三节在笔记中一律标为「未获取」。	"摘要未报告——本篇不提供任何数值、统计量或结论。其唯一实质用途是与 idx 99（Takada 2014，DCA 阈值）与 idx 91（Sun 2023，RL 自适应 FCW，准确率 94% / 真正率 49%）并列，构成「按驾驶员特性自适应预警阈值」这一技术路线的时间序列（2005 → 2014 → 2023），并与 idx 74（Abe & Richardson 2006）未来工作中「个性化 ADAS」的呼唤相呼应；另与 idx 101（SAE J2400, 2003 年 8 月）形成时间对照——在 FCW 人因界面标准发布仅两年后、同一 SAE 体系内即出现「按驾驶员特性适配」的技术论文。⚠ 以上关联均为基于标题与作者的推断，非原文结论。⚠ 证据等级 C，绝对不得用作数值锚点：摘要未获取，papers_metadata.json 中该条目的 abstract 字段是 Crossref 占位文本（""This DOI is not currently attached to any metadata records...""），绝不可当作摘要引用或据以重构研究内容。⚠ 引用时只能引标题、作者、年份与 SAE 编号 2005-08-0554，不得声称其结论、方法或任何数值；在「个体化提前量」段落中引用时必须写成「其标题所示方向为……（该文摘要未获取，此处仅作路线年代定位）」。⚠ cited_by = 0 不可信，不得作为影响力判断依据。⚠ 本篇是否针对行人场景、是否含 HUD 或任何视觉界面、是否做过人因实验全部未知，不得暗示。"	Noboru Miyoshi, Masao Nagai, Takayoshi Kamada	Noboru Miyoshi	2005	SAE Technical Paper 2005	技术论文 (IF -) (SAE 技术论文，非 JCR 期刊)	仅摘要	弱	(Miyoshi et al., 2005)	Miyoshi, N., Nagai, M., Kamada, T., & Yoshida, H. (2005). *Development of Forward-Collision Avoidance Warning System Adapted for Driver Characteristics* [Technical paper]. SAE International. https://doi.org/10.4271/2005-08-0554	背景（时间专题）
96	Recent advances in connected and automated vehicles	文献综述（工程侧背景综述），无一手实验场景。覆盖通信、安全、交叉口控制、避碰、行人检测五大主题；以 2018 年 Tempe（亚利桑那）Uber 测试车撞击横穿马路（jaywalking）行人事件作为引出行人保护议题的动机。转引的场景参数包括：Jiménez et al. 在车速略高于 30 km/h 的多个受控单车场景中成功；Llorca et al. 在无其他交通、时速最高 30 mph（约 48 km/h）的场景中测试成功。论文未明确报告统一的道路类型、车速与分心任务设置（非一手实验）。	论文未明确报告——本篇不含任何 HMI 或 HUD 视觉设计内容，无颜色编码方案、无 RGB / HEX / CIE 坐标、无分级配色。可确证的相关信息仅为 AEB 的三级预警区在最低级采用「可见 + 可听（visible + audible）」组合，但未说明视觉部分的颜色。	论文未明确报告 HUD 呈现位置与空间参照系、FOV、偏心度与虚像距离。可迁移的空间分区为 Park et al. (2017) 的 funnel mapping（漏斗映射）：围绕最近在径行人（closest in-path pedestrian, CIPP）构建两区——预警区（warning zone）= 车辆宽度；无预警区（no-warning zone，起预测区作用）= 车辆总宽度的 150%–200%。传感器有效距离：摄像机与短程雷达通常可识别 60 m 以内的行人，长程雷达可达 180 m。	论文未明确报告图形形态（无边界框、虚拟阴影、箭头、图标或文字的设计描述），亦无尺寸与线宽参数。唯一的几何构念是漏斗映射的两区走廊（车宽 / 车宽的 150%–200%），Park et al. 还给出与速度、时间、加速度相关、对应不同区域的距离公式（原文未列出公式细节）。	论文未明确报告图形的静态/动态属性、闪烁频率、占空比与更新率。可确证的动态机制为：funnel mapping 使系统能识别谁是 CIPP，并在行人进入/离开预警区时切换 CIPP；LiDAR 点云密度随行人距离增加而下降（Li et al. 2016 的密度增强方法仅针对静止行人），故远距离 + 运动行人是当前感知最弱环节。	论文未明确报告任何 TTC / TTMD / THW 阈值秒数、距离阈值或减速度阈值。可用的时序信息为：AEB 通常设置 3 个预警区（three warning zones），行人越近就在每个区叠加一项额外措施，从可见 + 可听预警一路升级到全力制动；现有 AEB 的关键缺陷是只考虑行人的纵向（longitudinal）运动。转引 Jiménez et al. (2014) 用单层架构 + TTC 算法决定「何时制动、制动多重」；Kaempchen et al. (2009) 的两层 AEB 设计为仅在转向无法避免碰撞时才激活以消除误触发；Nilsson et al. (2016) 以最坏情形推导 BTN 与 STN 公式。	论文未明确报告——无预警持续时长、撤销条件或渐隐规则。通信侧的时延参数为：5G C-V2X 端到端时延 10 ms、空口时延 1 ms、可靠性 99.999%、视距 443 m / 非视距 107 m；DSRC 全天候条件下最大通信距离 500 feet（约 152 m）。	有（转引）：AEB 通常设置 3 个预警区（three warning zones），行人越近就在每个区叠加一项额外措施，第一级为「可见 + 可听」组合，末级为全力制动。各级之间的升级间隔（秒）论文未明确报告，各级的触发点亦未给出数值。另有 Kusano & Gabler (2012) 的分级避碰系统叠加收益作为间接支持。	无被试实验（本文为文献综述类研究）。无一手被试，未采用 PRISMA 等系统检索流程，未报告检索式、数据库、纳入/排除标准与筛选流程。第 4 节交叉口导航部分给出唯一的结构化汇总表（表 1），按 8 个维度分类 20 余项工作，其中仅 2 项考虑行人（Levin & Rey, 2017；Sarkar et al., 2017）。	不适用（无被试实验、无实验设计）。综述按 5 个主题组织：CAV 间通信、CAV 安全、交叉口控制、无碰撞导航（避碰）、行人检测与保护，并在每个主题下指出未来方向。	综述涉及的量化指标均为转引：通信类（通信距离、端到端与空口时延、可靠性 %、安全信标按期送达概率 %）；避碰类（速度变化量降幅 %、制动速度降幅 km/h、制动距离增量 m、brake threat number BTN 与 steer threat number STN）；行人检测类（传感器有效识别距离 m、CNN 验证集准确率 %、LiDAR 点云密度随距离衰减、分心行人比例 %）；行为类（自动驾驶模式脱离原因与驾驶员反应时随里程的变化，仅定性方向）。	对本课题最有价值的三组数字：① AEB 的反应速度是人类驾驶员的 2–4 倍（reacts 2 to 4 times faster than a human driver）；② AEB 通常设置 3 个预警区，从可见 + 可听预警一路升级到全力制动；③ funnel mapping 的空间分区——预警区 = 车辆宽度，无预警/预测区 = 车辆总宽度的 150%–200%，与标准 AEB 对比制动速度降低 7.4–11 km/h、制动距离增加 1.1–1.5 m；速度分界结论为车速高于 50 km/h 时转向比制动更适合规避行人、低于 50 km/h 时制动更有效。其他转引数值：摄像机与短程雷达可识别 60 m 以内行人、长程雷达 180 m；近 30% 的过街行人从事分心活动（Rangesh & Trivedi, 2018）；ResNet 识别性能最优、验证准确率 94%（Domínguez-Sánchez et al., 2017，比较 AlexNet/GoogleNet/ResNet）；Kusano & Gabler (2012) 仅加前向碰撞预警时速度变化量比无系统降低 14%，再叠加预碰撞制动辅助与自主预碰撞制动后每增加一项自主扩展再降低 10%；LTE 在 50 辆车时安全信标按期送达概率仅 83%（低于典型安全应用要求）；5G C-V2X 可靠性 99.999%、端到端 10 ms / 空口 1 ms、视距 443 m / 非视距 107 m；DSRC 最大 500 feet（约 152 m）；驾驶员更倾向制动而非转向来规避事故或行人（Adams & Place, 1994）；自动模式脱离首因是系统故障、第二位是驾驶员主动介入，且反应时间随里程增加而增长（Dixit et al., 2016）；摩托车侧 Savino et al. (2013) 对 37 起事故复盘显示 67% 会因自动制动受益，Savino et al. (2016) 仿真 100 起事故显示自动制动相对人工制动仅 14% 改善；CDC 2015 年因车辆导致的非致命伤害超过 180,000 例；2014 至 2015 年行人-车辆致死数上升 9.5%；NHTSA 预测 V2V 与 V2I 可减少/消除高达 80% 的非受损类碰撞。⚠ 本篇完全没有人因内容：无 HMI、无 HUD、无驾驶员反应时实验、无行人行为学参数，且不含任何行人侧时间/运动学参数（间隙接受、过街决策时间、步行速度、临界间隙、TTA、PET 均论文未提及），故不能用于设定行人冲突场景的运动学参数（该任务须依赖 idx 97 与 idx 98）。⚠ 证据等级 C（背景/概念性综述）；多处数值转引自二手来源（如「AEB 快 2–4 倍」未给原始文献页码），引用时须回溯；本地为 AM 版，存在排版/公式乱码与一处引文插入错误（第 5.1 节 Jiménez 段中误插「(Kusano and Gabler, 2012)」），引用具体数值时应核对正式刊出版。⚠ 内部设计张力：Park et al. 称高速（>50 km/h）转向优于制动，而 Adams & Place 称驾驶员倾向制动——物理最优解与人类自然倾向相反。	David Elliott, Walter Keen, Lei Miao	David Elliott	2019	JTTE (Engl. Ed.) 2019	Q1 (IF 9.6) (长安大学主办，交通工程)	全文	弱	(Elliott et al., 2019)	Elliott, D., Keen, W., & Miao, L. (2019). Recent advances in connected and automated vehicles. *Journal of Traffic and Transportation Engineering (English Edition)*, *6*(2), 109–131. https://doi.org/10.1016/j.jtte.2018.09.005	背景（技术/综述，未直接引用）
97	Autonomous Vehicles That Interact With Pedestrians: A Survey of Theory and Practice	文献综述，无一手实验场景。覆盖经典行人行为研究自 1950 年代早期至 2017 年、AV 情境研究约 2014–2018 年、意图估计算法 2009–2018 年共 24 个模型；共识别出 38 个影响行人行为的因素。转引的场景形式包括问卷、访谈、事故报告、现场观察（自然式 vs 脚本式）、视频/照片记录、眼动追踪、计算机仿真与 Wizard of Oz（绿野仙踪，仅见于 AV 研究）。场景主体为行人过街（含信号与无信号交叉口、路段中部、窄街道）；分心行人被作为一个因素纳入但非受控分心任务。	论文未明确报告 AR-HUD 的颜色编码（本篇不含车内 HUD 设计）。可确证的车外 eHMI 颜色相关信息：Mahadevan et al. (2017) 报告行人偏好 LED 序列信号胜过 LCD 显示与听觉/物理线索，显示屏上的动画人脸不受欢迎；Studio Roosegaarde 的 Van Gogh path / glowing lines 用发光线高亮可通行路径与公路边界。无 RGB / HEX / CIE 坐标，无分级配色数值。	本篇的空间讨论集中在车外（eHMI）而非车内 HUD。两点可迁移：① 贴地投影是被反复实现的空间参照系——Mercedes-Benz F 015 用投影仪在路面投出斑马线，Mitsubishi 的 road-illuminating directional indicator 在路面投出大尺寸动画方向指示，Umbrellium 的伦敦交互式路口用 LED 在地面显示斑马线；② 「跟随目标」的空间锚定——AutonoMI 的 LED 阵列中离行人最近的一段亮起，行人开始过街后阵列跟随行人移动。视场角 FOV、偏心度与虚像距离论文未明确报告。	论文未明确报告 AR 图形形态（无边界框、虚拟阴影、箭头、风险区的尺寸或线宽参数）。可确证的 eHMI 形态：路面投射的斑马线、大尺寸动画方向指示、LED 阵列条段、发光路径线、拟人化眼睛（Chang et al., 2017）、意图显示器（Matthews et al., 2017）与文字型「Safe to Cross」显示（Yang, 2017）。	论文未明确报告图形的静态/动态属性、闪烁频率、占空比与更新率。可确证的动态机制为 AutonoMI 的 LED 阵列随行人移动而跟随（目标锁定式动态）；Umbrellium 的地面 LED 会向分心者闪警示。另有隐式沟通的动态结论：突兀的加速与过短的停车距离会被行人视为「怪异行为」而负面影响过街决策（Zimmerman et al., 2016），应采用平衡的加减速与与其他道路使用者的充分距离。	论文未明确报告 AR-HUD 的触发阈值。可用的行人侧时间参数为：平均间隙接受 3–7 s——行人通常在 TTC 低于 3 s 时不过街（DiPietro & King, 1970），在高于 7 s 时非常可能过街（Schmidt & Färber, 2009）；文化差异上印度行人 2–8 s、德国行人 2–7 s。行人对车辆运动的估计能力上限：车速低于 45 km/h 时行人能正确估计车速，车速在 65 km/h 以内时能正确估计车距。	论文未明确报告预警持续时长、撤销条件与渐隐规则。相关的决策时间结论为相对性的：拟人化眼睛使 >66% 被试过街决策更快（若眼睛看向被试则升至 >86%）；建议型显示器（如 Clamann et al., 2017）仅影响 12% 被试的决策且整体延长了决策时间。绝对决策时长论文未明确报告。	论文未明确报告分级预警的级数与升级间隔。可作为分级依据的行为学结构为间隙接受的三段划分（TTC < 3 s 不过街 / 3–7 s 决策不确定的模糊带 / > 7 s 极可能过街），以及一般性设计结论：信息型显示（呈现车速/距离等状态量）优于建议型显示（过/不过）。	无被试实验（本文为文献综述类研究）。无一手被试；作者明言「穷尽式综述不可行，仅呈现主要工作的子集」。方法学要点可复用：自然式记录中摄像机的存在仅影响驾驶的前 10–15 分钟，因此每段录像开头通常在分析时被丢弃；Wizard of Oz 有两种伪装（驾驶员伪装成汽车座椅；或由右侧方向盘隐蔽驾驶、假人坐在正常驾驶位）。	不适用（无被试实验、无实验设计）。综述用因素维度组织：行人侧因素（社会因素、人口学、状态、特征、能力）与环境侧因素（物理情境、动态因素、交通特征），共 38 个因素，并用圆形树图（circular dendrogram）统计每个因素被多少研究覆盖、用因素关联图画出因素间的影响方向。	间隙接受（gap acceptance, GA，秒，等价刻画为 TTC）；行人过街速度（m/s，分道路形式、年龄、群体规模、时段）；等待时间（waiting time）；注意/注视比例（%）；过街决策速度与决策时间；让行率 / 过街率（%）；意图估计准确率提升（%）。	行人侧时间与运动学参数：平均间隙接受 3–7 s（TTC < 3 s 不过街，> 7 s 非常可能过街）；印度 2–8 s、德国 2–7 s；女性与老年人一般接受更长间隙，结伴同行者接受更短间隙，窄街道上接受更小间隙；等待时间与 GA 的关系存在矛盾结论（Sun et al. 2002 认为等待越久 GA 阈值下降；Wang et al. 2010 反驳）。过街速度均值（Crompton, 1979）：斑马线 1.49 m/s、带中央安全岛 1.71 m/s、Pelican 信号过街 1.74 m/s；过街时比走人行道快，群体越大越慢，年龄越大越慢。行人能力上限：车速 < 45 km/h 能正确估计车速，< 65 km/h 能正确估计车距；同一 TTC 下来车速度越高行人反而更常过街（更依赖距离线索）。分心行人：使用手机等电子设备的行人出现无意视盲的可能性高 75%，平均比未分心者走得更慢（Hyman et al., 2010）。注视比例：信号交叉口行人看向车辆的时间占 69.5%，无信号交叉口占 86%（Tom & Granié, 2011）。车辆尺寸越大越可能低估其到达时间（Caird & Hancock, 1994，48 名被试）。儿童在 80% 以上情况下结伴过街（Heimstra et al., 1969）；驾驶员对 3 人及以上群体让行概率高于个体。AV 沟通效果：驾驶员与行人建立眼神接触时全部行人都过街，打电话时 20% 行人不过街，看报纸或车内无人时 60% 行人不过街（Lagström & Lundgren, 2015）；意图显示器使僵局解决改善 38%（Matthews et al., 2017）；拟人化眼睛使 >66%（注视时 >86%）被试决策更快（Chang et al., 2017，N=15，VR）；Clamann et al. (2017) 的显示器仅影响 12% 被试决策且延长决策时间；Dey et al. (2017) 报告近 97% 行人不进行任何显式沟通、约 63% 仅靠踏上路面主张路权，且车速与车距的作用远强于车辆尺寸与外观。意图预测：Rasouli et al. (2017) 的 Cross-Intent 报告考虑上下文可将意图估计准确率提升最多 23%（全文唯一明确的性能提升数值）；Brouwer et al. (2016) 发现单独看时物理要素与 awareness（头部朝向车辆）是最好的碰撞预测因子；JAAD 数据集含 >2700 个行人样本。⚠ 与 idx 98（Amini 2019）步行速度基线冲突：本篇取 Crompton 的 1.49 / 1.71 / 1.74 m/s（按设施类型分层实测），Amini 引 MUTCD 的 1.22 m/s（工程设计保守分位值）与无按钮配时 0.91–0.99 m/s；建议仿真场景用实测均值 1.4–1.5 m/s、最坏情形安全边界用 0.9–1.2 m/s。⚠ 与 idx 98 在眼神接触作用上冲突：本篇强烈支持眼神接触，Amini 引一项实验指出 >90% 的人在 15 m 处无法判断驾驶员注视、30 m 处看不见驾驶员。⚠ 与 idx 98 在群体规模对间隙接受的方向上相反（本篇：结伴者接受更短间隙；Amini：群体中接受短间隙的可能性下降）。⚠ 证据等级 B：本文自身不产生一手数据，全部为转述；本地全文为 arXiv 2018 投稿版（arXiv:1805.11773v1），正式 T-ITS 版（2020）的表述与图表编号可能有差异，引用时建议核对正式版页码。⚠ AV 情境研究样本量往往 <100 且被试多为大学生，跨模态比较的实证样本不超过 10 人。	Amir Rasouli, John K. Tsotsos	Amir Rasouli	2020	IEEE T-ITS 2020	Q1 (IF 9.1) / CCF B (智能交通顶刊；百分位 95.9%)	全文	中	(Rasouli & Tsotsos, 2020)	Rasouli, A., & Tsotsos, J. K. (2020). Autonomous Vehicles That Interact With Pedestrians: A Survey of Theory and Practice. *IEEE Transactions on Intelligent Transportation Systems*, *21*(3), 900–918. https://doi.org/10.1109/tits.2019.2901817	实验0
98	Negotiation and Decision-Making for a Pedestrian Roadway Crossing: A Literature Review	文献综述，无一手实验场景。共 152 条参考文献，覆盖行人过街的协商与决策；场景涵盖信号交叉口、无信号/未标线过街、受控路段中部过街、中央安全岛、多车道逐段过街、窄街道与宽街道，并按国别（澳大利亚、约旦、马来西亚、土耳其、英国、芬兰、中国、美国）转引实测参数。⚠ 本文明确排除了「行人多任务/分心（打电话、发消息、听音乐、阅读）」情形，因其关注点是双边交互过程，故无分心任务条件。	论文未明确报告——本文不含 HUD 或 AR 图形设计内容，无颜色编码方案、无 RGB / HEX / CIE 坐标、无分级配色。仅在讨论中提到智能手机通知、声光信号、发光标志三类 eHMI 备选。	论文未明确报告呈现位置、空间参照系、FOV、偏心度与虚像距离。可用的距离类空间参数为：眼神接触的物理可视极限——超过 90% 的被试在 15 m 处无法判断驾驶员的注视方向，在 30 m 处根本看不见驾驶员；行人到路缘的距离是驾驶员制动概率建模中最显著的解释变量之一——行人离路缘超过半米（> 0.5 m）等待时驾驶员让行可能性下降，行人已在过街过程中时离路缘/安全岛距离越大驾驶员反应概率越高。	论文未明确报告图形形态——本文不含 HUD 或 AR 图形设计内容，无边界框、虚拟阴影、箭头、风险区、图标或文字的形态描述，亦无尺寸与线宽等几何参数；仅在讨论中提到智能手机通知、声光信号、发光标志三类 eHMI 备选形式。	论文未明确报告图形的静态/动态属性、闪烁频率、占空比与更新率。可迁移的动态行为学结构为行人过街的三阶段时序：approaching（不改变步速接近）→ appraising（因来车速度与距离而减速）→ crossing（加速），以及车-人交互的五阶段划分（预交互 → 行人表达初始过街意图 → 交互开始 → 沟通环境评估与策略选择 → 交互结束）。	论文未明确报告 AR-HUD 的触发阈值。可用的行人侧时间判据为：英国实测所有行人都接受 10.5 s 的来车间隙、无人接受小于 1.5 s 的间隙；Schroeder 的阈值结论——当人行横道处的 TTA 小于 3 s 时 TTC 阈值即被满足，当 TTC 高于 7 s 时所有人都过街；临界安全间隙 = 过街长度 ÷ 行人过街速度。另有驾驶员侧的量化证据：芬兰赫尔辛基研究发现当行人仅在路缘等待、未踏上街道时，以 50 km/h 行驶的驾驶员反应概率近乎为零。	论文未明确报告预警持续时长、撤销条件与渐隐规则（本文不涉及车内 HMI 时序设计）。相关的时长类参数为起步损失时间：信号交叉口全体行人平均 2.68 s、受控路段中部过街平均 1.3 s（Bennett et al.）；分心行人起步时间更长（具体秒数论文未明确报告）；老年人存在「过度的起步前时间」（具体秒数论文未明确报告）；等待 30 s 及以上与中央安全岛处更高的冒险行为相关。	论文未明确报告分级预警的级数、各级触发点与级间间隔（不涉及车内 HMI 时序设计）。可作为分级依据的行为学结构为过街三阶段（approaching / appraising / crossing）——appraising 阶段（步速下降、观察来车）对应「意图不明」，进入 crossing 阶段（加速）后应升级为确定性判定；以及间隙区间的三段划分（< 1.5 s 无人接受 / 3–7 s 决策不确定的模糊带 / > 7 s 全部过街）。	无被试实验（本文为文献综述类研究）。无一手被试；共 152 条参考文献；文中以「占已评述研究总数的百分比」形式统计各因素与各沟通线索的出现频次，并汇总 13 项来源的驾驶员让行率。综述结构为术语定义 → 车-人安全考量 → 沟通方式 → 过街行为 → 综合与讨论（提出五阶段整体交互过程模型）。	不适用（无被试实验、无实验设计）。综述按因素大类组织：环境与动态因素、行人侧因素、其他因素，并给出因素间的相互影响有向图（圆圈大小随其影响/被影响的因素数量变化）。	时间类：TTC、TTA、PET（post-encroachment-time）、TAdv（time advantage）、起步损失时间、等待时间、临界间隙。速度类：行人步行/过街速度（m/s）、来车速度（km/h）。比率类：驾驶员让行率（%）、行人继续通行概率（%）、驾驶员反应概率（%）。四个代理安全指标（TTC / TTA / PET / TAdv）的规范定义可直接引用作为术语来源。	行人步行/过街速度：MUTCD 建议典型行人群体平均步行速度 1.22 m/s；无按钮（无 actuator）时信号配时设计推荐值 0.91–0.99 m/s；实测 1.53 m/s（澳大利亚墨尔本）、1.34 m/s（约旦）、1.39 m/s（马来西亚无信号人行横道）、1.4 m/s（土耳其标准协会设计速度）；年龄梯度 < 16 岁 1.53 m/s、> 64 岁 1.16 m/s；2 人及以上群体比个体更慢。起步损失时间：信号交叉口 2.68 s、受控路段中部 1.3 s（Bennett et al.）。间隙接受：所有行人都接受 10.5 s 间隙、无人接受 < 1.5 s；TTA < 3 s 时 TTC 阈值被满足、TTC > 7 s 时所有人都过街（Schroeder）；年轻人的最小可接受间隙小于老年人；中央安全岛上比路缘接受更短间隙；等待临界间隙过久后会接受更短更危险的间隙；重型车驾驶员接受更大间隙。让行与冲突统计：约 30% 行人在车辆接近时继续行走由车辆规避、4% 情形中行人后退或跑开；让行率区间 4–45%（标线无信号过街）、17–94%（带治理措施或书面社会提示）；36% 驾驶员在无控制标线过街处未让行；美国哥伦布市 43% 在行人已在人行横道内行走时仍不停车；50 km/h 行驶时对仅在路缘等待的行人反应概率近乎为零（赫尔辛基）；等待人数从 3 人增至 6 人时驾驶员让行概率提高 2 倍、4 人群体继续通过的可能性比单个行人高 70%；行人离路缘 > 0.5 m 等待时驾驶员让行可能性下降；来车为卡车/公交时行人继续行走的可能性低 20%、重型车驾驶员反应概率比小汽车低 30%；5 辆车成组时领头车反应概率比单车降低近 40%。沟通线索统计：39.3% 的研究强调注视/相互眼神接触；28.6% 报告行人使用非言语线索；25% 报告驾驶员使用显式信号；7.1% 认为沟通信号无影响；关键反例是超过 90% 的被试在 15 m 处无法判断驾驶员注视方向、30 m 处根本看不见驾驶员，作者据此论证在城市 25 mph（约 40 km/h）限速下超过 99% 的行人在能看见驾驶员或其注视之前就已开始过街。因素相对重要性：环境与动态因素 48.6% > 行人侧因素 42.3% > 其他因素 9.2%；单项为道路特征 12.0%、车速 10.6%、间隙接受 8.5%、交通量 6.3%、交通行为与情境 4.9%、天气 3.5%、车辆尺寸 2.8%；年龄 11.3%、步行速度 10.6%、群体规模 9.9%、在路缘的存在/到路缘距离 5.6%、性别 4.9%；文化差异 5.6%、使用者熟悉度 2.8%、城市规模 0.7%。其他：小于 9 岁儿童难以做出安全交通判断，可能要到 11–12 岁才完全发育；65 岁及以上行人在红相过街的比例显著低于更年轻行人；1980 年代数据约 44% 被杀/受伤行人的血液酒精浓度达 10% 或更高（原文如此表述）；西方文化在过街中比亚洲文化更倾向冒险。⚠ 与 idx 97（Rasouli 2020）步行速度基线不一致：本篇主推 MUTCD 的 1.22 m/s 与国别实测 1.34–1.53 m/s，Rasouli 引 Crompton 的 1.49 / 1.71 / 1.74 m/s；建议仿真场景用 1.4–1.5 m/s、安全边界用 0.9–1.2 m/s 并注明取值出处。⚠ 与 idx 97 在眼神接触的作用上直接冲突（本篇：>15 m 物理不可行；Rasouli：强烈支持其作用）。⚠ 与 idx 97 在群体规模对间隙接受的方向上相反（本篇：群体中接受短间隙的可能性下降；Rasouli：结伴者接受更短间隙）；可能原因是违规/jaywalking 场景 vs 受控过街场景，故设定群体行人场景时必须显式声明是标线过街还是违规横穿。⚠ 证据等级 B：本文自身不产生一手数据；文中的百分比统计属文献计量频次而非效应量，不能解读为因素的效应强度；多数转引数值缺少标准差与置信区间，引用时须回溯原始文献。	Roja Ezzati Amini, Christos Katrakazas, Constantinos Antoniou	Roja Ezzati Amini	2019	Sustainability (MDPI) 2019	Q2 (IF 4.1)	全文	中	(Ezzati Amini et al., 2019)	Ezzati Amini, R., Katrakazas, C., & Antoniou, C. (2019). Negotiation and Decision-Making for a Pedestrian Roadway Crossing: A Literature Review. *Sustainability*, *11*(23), 6713. https://doi.org/10.3390/su11236713	实验0、实验4
99	Effectiveness of forward obstacles collision warning system based on deceleration for collision avoidance	固定基座自制驾驶模拟器（DSP 单元运行 CarSim RT-Linux，实时计算 19 自由度车辆动力学），非实车、非视频。道路为单向双车道直路，宽 7 m、长 6 km；被试驾后车在左车道跟随前车，右车道有并行车（其在时刻 t 的速度 = 前车在 t−1 s 时刻的速度）。前车最大速度 80 km/h，评价区段外随机加减速幅度 0.1–0.3 G，全程停车 18 次。冲突形式为纵向前车急减速追尾（非行人、非横穿）。含分心副任务：每 2 秒听两个 1–9 数字做心算加法并口头作答，目的是复现真实驾驶等效的工作负荷。	改进的 DCA-FOCWS：中央单条表示 ODCA 值 α_o，条形颜色按后车当前减速度 a_f0 变化——减速足以避撞（−a_f0 ≥ α_o）时显示浅蓝（light blue），减速不足（−a_f0 < α_o）时变为橙色（orange）；PDCA 超过 4.0 m/s² 时中央条周围出现黄色边框（yellow frame）。TTC-FOCWS 对照界面用橙色条表示 TTC。前作被弃用的界面为内侧黄条（PDCA α_p）+ 外侧红条（ODCA α_o）。论文未明确报告 RGB / HEX / CIE 坐标。	仪表显示（meter display）内的条形，非 HUD、非世界锁定——为屏幕坐标系（screen-fixed）的抽象条形图，不是世界坐标系的贴合式标注。论文未报告界面在座舱中的具体位置、视场角 FOV、偏心度与虚像距离。作者在结论中明确把抬头显示器（head-up display）与触觉反馈系统列为 DCA 呈现的下一步方向，并引 Vassilis & Stylianos (2010) 与 Park & Kim (2012) 的 AR-HUD 概念论文。	垂直条形（vertical bar）+ 二值化边框。ODCA/PDCA 条形量程 0–6.0 m/s²（顶端 6.0、底端 0）；TTC 条形量程 0–12 s（顶端 12 s、底端 0），刻意设计使两界面的阈值线位置对齐（12 s 的 1/3 = 4 s，恰对应 6.0 m/s² 的 2/3 = 4.0 m/s²）。颜色与伸缩方向按刺激-反应兼容性（S-R compatibility, Fitts & Seeger 1953）设计。论文未明确报告线宽与像素尺寸。	动态：条形高度随 ODCA 值连续伸缩（垂直伸缩），颜色按减速充分性二值切换（浅蓝/橙），黄色边框按 PDCA 是否超过 4.0 m/s² 二值出现/消失。论文未明确报告闪烁频率、占空比与更新率。前作的双条并列因过于复杂造成困惑（有被试反馈「我不明白该盯红条还是黄条」）而被简化为单条 + 边框。	DCA-FOCWS：ODCA 报警触发阈值 4.0 m/s²（由前作模拟器实验确定）；PDCA 黄色边框显示阈值 4.0 m/s²；PDCA 假设前车以 0.6 G = 5.88 m/s² 的恒定速率突然减速（前车前进 v_p0 > 0 时 a_p0 = −5.88 m/s²，前车已停止 v_p0 = 0 时 a_p0 = 0）。TTC-FOCWS 对照：TTC < 4.0 s（TTC = −x_r / v_r），出处为作者前作 Hiraoka et al. (2008, 15th ITS World Congress) 在同一驾驶模拟器环境中确定的恰当报警时机。驾驶员反应时 T = 1.2 s（刹车踏板未被踩下，b_r = 0）/ 0.2 s（刹车踏板已被踩下，b_r > 0）；1.2 s 源自前作把 T 定为常数 1.21 s，因为模拟器实验揭示全部记录反应时的 90% 都在该值以内（1.21 s ≈ 反应时分布的 90 百分位）。反应时内碰撞不可避免的判据：x_r0 + v_r0·T + ½·a_r0·T² < 0。	无固定秒数，由滞环规则隐式决定：报警从 α_o 越过 4.0 m/s² 起持续，直到 α_o 降至 2.0 m/s² 以下才解除。原文明确该 2:1 滞环的设计目的是「避免出现极短促的报警（very short-term warning）」，反向说明「过短的报警」是应避免的设计缺陷。论文未明确报告渐隐规则与最小持续时长。	有，两级 + 一层连续状态显示。第 0 级（连续状态显示）：ODCA 条形高度连续变化，颜色按减速充分性二值切换（浅蓝 = −a_f0 ≥ α_o；橙色 = 减速不足）。第 1 级（潜在风险预告）：PDCA > 4.0 m/s² → 黄色边框。第 2 级（碰撞报警）：ODCA > 4.0 m/s² → 听觉报警，直到 ODCA < 2.0 m/s² 解除。级间间隔不是固定秒数，而由「潜在风险」与「显性风险」的物理假设差异决定——PDCA 假设前车会急减速、ODCA 假设前车维持当前加速度，故 PDCA ≥ ODCA 恒成立，黄框必然先于听觉报警出现，属基于运动学假设强度的自然分级。	被试内设计的模拟器驾驶任务，指导语 4 条：① 在左车道行驶并跟随前车；② 察觉危险时采取恰当的回避行为；③ 与前车保持足以防止并行车切入的距离（仪表右缘在车距过大时变黄，追加指示「显示提示时追上前车」）；④ 在不干扰驾驶能力的前提下执行心算副任务（每 2 秒两个 1–9 数字相加并口头作答）。流程：先练习熟悉模拟器 → 依 4 组不同顺序完成 3 个条件；每条件驾驶 6 km 路线 3 次，每次含 4 种危险减速模式中的 2 种（随机顺序），共 8 个评价区段。系统说明刻意受限：只告知「条形随碰撞可能性升高而向上伸展，风险超过红线时发出碰撞报警」，不解释 TTC、DCA 的含义，也不告知最佳使用方法。	单因素 3 水平被试内设计：驾驶条件 = (a) w/o（无 FOCWS）/ (b) TTC（基于 TTC 的 FOCWS，阈值 TTC < 4.0 s）/ (c) DCA（基于改进 DCA 的 FOCWS，ODCA 触发 4.0 / 解除 2.0 m/s²）。部分分析用二因素 ANOVA（驾驶条件 × 前车减速模式，减速模式 4 种）。顺序效应控制：16 名被试分为 4 组，实验顺序各不相同。	碰撞次数（每条件 8 个评价区段即 8 次急减速）；brake-on TTC（驾驶员因前车急减速而踩下刹车瞬间的 TTC 值）；brake-on ODCA（同一瞬间的 ODCA 值）；Rt1（前车开始减速 → 后车驾驶员踩下刹车的时间间隔，对前车的反应时）；Rt2（FOCWS 发出碰撞报警 → 驾驶员踩下刹车的时间间隔，对报警的反应时，负值表示驾驶员在报警之前就已踩刹车）；PDCA > 4.0 m/s² 的累计时长（秒）；主观问卷 Q.1（1-a、1-b 五级量表，1-c 自由作答）与 Q.2（2-a–2-e 五级量表，−2 = TTC-FOCWS ~ 0 = 都不 ~ +2 = DCA-FOCWS）；DSQ（Driving Style Questionnaire, Ishibashi 2002）。统计：单因素 ANOVA + Shaffer 多重比较检验（5% 水准）。	N = 16（12 男 4 女），年龄 20–36 岁（平均 26.1 岁）。碰撞次数：单因素 ANOVA F(2, 30) = 4.33, P < 0.05；Shaffer 多重比较（5%）显示 DCA 条件的碰撞次数显著少于 w/o 与 TTC 条件。brake-on TTC：F(2, 30) = 12.91, P < 0.001，DCA 条件显著大于其他两条件（即在更早、更安全的 TTC 处已制动）。brake-on ODCA：F(2, 30) = 11.50, P < 0.001，DCA 条件显著小于其他两条件（制动时所需减速度更小）。二因素 ANOVA：碰撞次数的交互 F(6, 90) = 3.45, P < 0.01；brake-on TTC 的交互 F(6, 90) = 3.84, P < 0.01；碰撞次数在 Pattern 1 上驾驶条件主效应 F(2, 30) = 11.67, P < 0.001；brake-on TTC 在 Pattern 1（F(2, 30) = 12.08, P < 0.001）与 Pattern 3（F(2, 30) = 6.20, P < 0.01）上显著。反应时：Rt1 在 DCA 条件略小于其他两条件但无显著差异；Rt2 在 DCA 条件明显大于 TTC 条件（作者解读为 DCA-FOCWS 在被试打算踩刹车之前就已给出报警）；TTC 条件下 Pattern 1 的 Rt2 为负值，即许多被试在 TTC-FOCWS 报警之前就已踩下刹车（报警太晚）。行为适应：4 名被试（#3、#8、#11、#15）的 PDCA > 4.0 m/s² 累计时长在 DCA 条件下显著下降（w/o 182.0/237.8/149.7/152.4 s，TTC 240.2/192.1/219.8/194.4 s，DCA 167.9/156.4/97.5/99.2 s；均值 w/o 180.5、TTC 211.6、DCA 130.3 s），碰撞次数亦下降（均值 w/o 2.50、TTC 2.00、DCA 0.25）；全体被试均值为 w/o 207.8 s、TTC 227.9 s、DCA 204.5 s，即该趋势仅出现在这 4 人身上；其余 12 名被试 DCA 条件平均碰撞 1.75 次，与上述 4 人的 0.25 次无统计差异。主观评价：Q.1-a 中 DCA-FOCWS 的碰撞报警得分显著高于 TTC-FOCWS；Q.2-a 中 16 人有 12 人感到两系统差异（7 人「感到差异」、5 人「感到小的差异」）；Q.2-b（易懂度）与 Q.2-e（愿意在真实驾驶中使用）答案两极分化各占一半；Q.2-c（碰撞风险评价）与 Q.2-d（报警时机）总体得分为 2，即最大程度偏向 DCA-FOCWS，作者称此结果「somewhat remarkable」，且没有任何意见认为 TTC-FOCWS 在碰撞风险评价上更优。自由作答：#4、#9、#14 称「我努力让条形保持蓝色」；#3、#5、#11、#15 称「黄框出现时，我努力拉开与前车的距离」；TTC 条件下 #15 称「FOCWS 报警非常频繁。每次报警我就踩刹车」；#13 称「驾驶中我腾不出时间去判断条形的颜色」。DSQ 关联：认为黄框有用但条形无用的 Group 2（#3、#5、#11）在「驾驶犹豫」与「事故焦虑」上得分高于其他两组；选择 DCA-FOCWS 的 Group A（8 人）三个指标的驾驶条件主效应全部显著且在 DCA 条件下全部变得更安全，Group B（8 人）三个指标均无统计显著差异。⚠ 论文未报告 Rt1、Rt2 的具体秒数（仅以柱状图呈现，正文只作定性比较），这是本文在反应时定量上的缺失。⚠ 本文提供了「TTC 4 s 在本车加速情境下太晚」的直接反例（Pattern 1 的 Rt2 为负值），与 idx 90（Suzuki 2010，TTC 4.0 s 源自 Ueda 2007）、idx 70（Kang 2016）形成显式冲突；调和结论是 TTC 阈值只在相对速度近似恒定的情境下有效，一旦本车或目标存在显著加速度应改用所需减速度判据或按本车加速度动态修正。⚠ 作者自陈局限：实验建立在 FOCWS 无误报与漏报的假设上；16 人不足以完全验证有效性；场景限于纵向前车急减速，未涉及行人、横向目标与路口；未考察长期使用后的行为适应与依赖。⚠ 本文全部为纵向追尾场景，DCA 假设前车沿同一路径，对横向冲入的行人不直接适用，需先把行人横向运动转换为本车路径上的等效障碍出现时刻（借用 idx 90 的 T_p 或 idx 92 的双侧 TTA）再计算 DCA。	Shota Takada, Toshihiro Hiraoka, Hiroshi Kawakami	Shota Takada	2014	IET ITS 2014	Q3 (IF 2.7) (智能交通期刊；百分位 49.6%，未过 Q2 线)	全文	强	(Takada et al., 2014)	Takada, S., Hiraoka, T., & Kawakami, H. (2014). Effectiveness of forward obstacles collision warning system based on deceleration for collision avoidance. *IET Intelligent Transport Systems*, *8*(6), 570–579. https://doi.org/10.1049/iet-its.2013.0024	实验1、实验2、实验4
100	A Comparison of Different Informative Vibrotactile Forward Collision Warnings: Does the Warning Need to Be Linked to the Collision Event?	固定基座桌面式驾驶模拟器（XPI Simulation XPDS-XP300 v2.2 + Logitech G25 方向盘/踏板；3 台 43.2 cm Microsoft 显示器，总分辨率 2840 × 1025 px，被试双眼距屏 80 cm），非实车、非视频。跟车（car-following）范式：前车从静止起步加速到 60 mph 后在 55–65 mph 区间行驶、平均每 5 s 变一次速；在 trial 开始后 60–180 s 的随机时刻前车以 6 m/s² 突然制动；前车刹车灯被停用。冲突形式为纵向追尾，无行人、无横向目标。无视觉分心副任务（但有「Speed Up!」语音提示用于维持 2 s 时距）。	论文未明确报告——本文为振动触觉（vibrotactile）前向碰撞预警研究，无任何视觉/HUD 图形，因此不存在颜色编码方案、RGB / HEX / CIE 坐标或分级配色。	论文未明确报告 HUD 呈现位置与空间参照系（无视觉界面，故屏幕固定/世界锁定/目标锁定/仪表/下视显示均不适用，FOV、偏心度与虚像距离亦未涉及）。本文的「空间」是体表空间：实验 1 用单个 VBW32 振子经 Velcro 腰带固定在腰部（waist）；实验 2 用三个振子固定在腹部（abdomen），垂直排列、相邻振子中心距 23 mm（相邻但不接触）。选腹部而非手臂/手的理由是驾驶中手臂与手位置频繁变化，难以产生一致的表观运动方向。	论文未明确报告图形形态（无边界框、虚拟阴影、箭头、风险区、图标或文字）。刺激形态为振动触觉信号：单振子强度包络（实验 1）与三振子垂直序列激活产生的表观运动（实验 2）；运动方向 up = 由最远离头部的振子先激活 → 中间 → 最靠近头部，down = 相反顺序。振子驱动频率 250 Hz（两实验一致，实验 2 为 250 Hz 正弦信号）。	动态。实验 1 的 CV-联动逼近强度按 I ≈ a + k·D⁻² 更新，常数 a = 0、k = 150000；取值理由是使在模拟距离 100 m（本研究中驾驶员收到预警的最大距离）处强度约为振子满强度的 2/9，并确保强度永不超过满强度的 7/9；以上全部数值与 Gray (2011) 所用的听觉信号相类比。CV-独立逼近按 I ≈ a + (T/250)² 更新（起始强度 = 满强度 2/9，结束 = 7/9）；恒定强度条件固定为满强度的 1/2。实验 2 的振子间隔 ITI = b + j·D，常数 b = 2550、j = 0.007（原文未说明量纲，且该组数值与所报 ITI 实测区间无法直接对应，引用时需注意）；净效果是 CV 越高 ITI 越短，产生更快的表观运动知觉；本研究车速范围下 ITI 约 50–150 ms。	触发距离公式 D = TTC_thres × (dD/dt) + SP × V_f，其中 D 为预警激活时与前车的距离、dD/dt 为接近率（closure rate）、V_f 为跟随车车速、SP 为速度惩罚（speed penalty）取推荐值 0.4905（Hirst & Graham 1997），该惩罚项的目的是「当驾驶员以更高的接近速度行驶时（因而需要更长的停车距离）更早地预警」。TTC_thres 用两个值：3 s（推荐值，reliable 条件，用于 14 次可靠预警）与 7 s（用于构造误报情境，即报警了但事件并不需要驾驶员做制动动作，4 次）。所有预警条件（包括恒定强度）都用同一套参数触发，各条件仅在激活之后的信号性质上不同。预警的最大呈现距离 100 m。	实验 1 全部三种触觉信号：1 s（固定）。实验 2 CV-独立（up/down）：总 645 ms = 3 个振子各 215 ms 顺序激活、振子间隔为 0（前一振子关断即刻激活下一振子）；645 ms 是刻意选取的，使 CV-独立条件的时长等于 CV-联动条件的平均时长。实验 2 CV-联动（up/down）：每振子激活恒为 150 ms，ITI 随 CV 变化（约 50–150 ms），总时长约 550–750 ms。论文未明确报告撤销与渐隐规则。	无分级设计——所有条件均为单级触觉预警，故级数、各级触发点与级间间隔论文未明确报告。但本文提供了一个「级内时序」样本：把单次预警在内部拆成 3 个 150–215 ms 的子刺激，并用子刺激之间的间隔（ITI 50–150 ms）编码紧迫性，即用动效节拍的间隔而非颜色/尺寸来编码 TTC。	跟车范式的模拟器驾驶任务：先加速追上前车，随后保持 2 s 时距（time headway）；若跟得太远扬声器播放「Speed Up!」（无对应的「Slow Down!」，故驾驶员可自由维持任何低于 2.0 s 的 TH）；必须制动以避免碰撞且不得驶出车道（违反的 trial 作废重跑）。触觉条件的指导语为「你会在安全带上感到振动，表示你即将与前方车辆碰撞。请以任何你希望的方式使用该预警信号来帮助避免碰撞……你可以选择松开油门、猛踩刹车、或者什么都不做」。每名驾驶员完成 4 个 block（实验 1）/ 5 个 block（实验 2）× 20 trials，每 block 一个预警条件；20 trials 构成为 14 次可靠预警（TTC = 3 s 激活）+ 4 次不可靠预警（TTC = 7 s 激活）+ 2 次前车不停车。	实验 1：被试内单因素 4 水平 = CV-独立逼近（CV-independent looming）/ CV-联动逼近（CV-linked looming）/ 恒定强度（constant intensity）/ 无预警（no warning）。实验 2：被试内单因素 5 水平 = up CV-联动 / up CV-独立 / down CV-联动 / down CV-独立 / 无预警。顺序控制：每个条件一个 block，block 顺序部分抵消平衡，并确保每个预警条件被安排在首位与末位的被试人数相等；同一 block 内预警类型不混排。	主 DV = BRT（braking reaction time，定义为「TTC 跌破临界阈值 3.0 s 的时刻」到「驾驶员踩下刹车踏板」之间的经过时间；误报条件的数据不计入 BRT；每名驾驶员每条件基于 14 次重复的均值）。次 DV = 误报制动次数（false alarm brake activations，操作化为在 TTC 阈值 7 s 的预警起始后 1 s 内制动力达到最大制动力的 > 50% 的实例；每条件最多 2 次）。统计：单因素重复测量 ANOVA（报告 η²_p）+ 计划比较（把预测最优条件与其余所有条件逐一比较）；实验 1 另做 Bonferroni 校正的事后比较（p = 0.025）。	实验 1（N = 16，9 男 7 女，平均年龄 26.2 ± 3.1 岁，驾龄 2–9 年均值 4.2 ± 2.7 年）：BRT 的 ANOVA F(3, 45) = 11.9, p < 0.001, η²_p = .46；计划比较仅 CV-联动 vs 无预警显著 t(15) = 6.4, p < 0.001，其余全部不显著（all ps > 0.1）；Bonferroni 事后（p = 0.025）显示 CV-独立逼近 vs 无预警 t(14) = 5.0, p < 0.001、恒定强度 vs 无预警 t(14) = 4.9, p < 0.001。结论：三种触觉预警相对无预警都产生大致相同幅度的 BRT 下降，把强度增长率与 CV 联动没有带来额外收益，预测未得到支持。误报制动次数（最大 2 次）：CV-联动逼近 0.26（SD = 0.41）、CV-独立逼近 0.33（SD = 0.35）、恒定强度 0.40（SD = 0.42），ANOVA 不显著（p = 0.23）。大多数被试表示该振动触觉信号并未给出「有物体正在接近」的印象，即远端归因（distal attribution）未发生。实验 2（N = 15，8 男 7 女，平均年龄 25.1 ± 2.9 岁，驾龄 1.5–7 年均值 3.8 ± 1.8 年，无人参加过实验 1）：BRT 的 ANOVA F(4, 56) = 14.8, p < 0.001, η²_p = .51；计划比较显示 up CV-联动显著快于其余全部四个条件——vs 无预警 t(14) = 7.3, p < 0.001；vs up CV-独立 t(14) = 2.8, p = 0.01；vs down CV-联动 t(14) = 3.6, p = 0.003；vs down CV-独立 t(14) = 3.8, p = 0.002；两种 down 预警之间无显著差异（p > 0.5）。效应量级（正文唯一给出的绝对时间差）：up CV-联动预警的 BRT 比其余各预警平均低约 100 ms。误报制动的 ANOVA F(3, 42) = 4.1, p = 0.013, η²_p = .22；up CV-联动的误报显著少于 down CV-独立（t(14) = 2.7, p = 0.013）与 down CV-联动（t(14) = 2.8, p = 0.014）；up CV-联动 vs up CV-独立无显著差异；两种 down 合并 vs 两种 up 合并 t(14) = −3.5, p = 0.003（down 方向的误报制动显著更多）。结论：CV 联动的收益并非普适，只在运动方向朝向头部（up）时出现；且方向本身也不足以单独产生优势，必须「方向朝头 + 与 CV 联动」二者同时满足。机制解释含远端归因说（人以头部为参照判断空间位置、对正面迎头视觉运动方向辨别阈最低、朝向人移动的听觉事件显著性更高）与反应启动（response priming）说（up 触发厌恶/防御反应为回避制动作准备；down 指示了驾驶员为避开物体需移动脚的方向，故启动即时运动反应并推高误报）。转引 Gray (2011)：把声强变化率加大（对应比真实 TTC 更早的 TTC）→ BRT 显著快于如实（veridical）预警，做成比真实 TTC 更晚 → BRT 显著变慢，且这一切在视觉 TTC 信息完全相同时发生。⚠ 本文转引 Straughn, Gray & Tan (2009) 的时机依赖结论：「当预警呈现在相对较长的 TTC（驾驶员有足够时间评估事件）时，与物体同方向（危险侧）的信号更有效；而当预警呈现在相对较短的 TTC 时，来自逃逸方向（escape direction）的信号更有效」——此为本文转引而非本文一手结论，且与 idx 70（Kang 2016 推荐 TTC 4 s + S-R 不兼容/逃逸方向）构成显性冲突；调和方向是 S-R 映射的最优选择同时依赖预警时机与期望的回避动作类型（制动 vs 转向）。⚠ 正文未报告任何条件下 BRT 的绝对毫秒数与 SD（仅以柱状图呈现，误差棒为 SD），故只能引用「相对差值约 100 ms」与各统计量，不得引述任何绝对 BRT 数值。⚠ 作者自陈局限：预警激活频率约每 3 分钟一次远高于真实驾驶；固定基座桌面模拟器缺少真实驾驶伴随的全身振动，可能不自然地抬高振动触觉预警的信噪比；学习/练习效应未控制（远端归因通常需大量练习才出现，作者明确指出「一种需要训练才有效的预警信号，其实用价值是可疑的」）；样本量小（16 / 15）且被试均为青年（25–26 岁）；仅纵向追尾场景；Eq. 3 的常数 b = 2550 与所报 ITI 区间 50–150 ms 无法直接对应。⚠ 一般化警告（原文）：信息性碰撞预警的收益不能通过「把任意动态信号与碰撞事件配对」而获得——作者在触觉逼近、听觉频率逼近、听觉空间逼近三处都得到阴性结果，且组合信号相对单一强度逼近无额外收益。	Rob Gray, Cristy Ho, Charles Spence	Rob Gray	2014	PLoS ONE 2014	Q2 (IF 2.8) (综合性开放获取期刊)	全文	强	(Gray et al., 2014)	Gray, R., Ho, C., & Spence, C. (2014). A Comparison of Different Informative Vibrotactile Forward Collision Warnings: Does the Warning Need to Be Linked to the Collision Event?. *PLoS ONE*, *9*(1), e87070. https://doi.org/10.1371/journal.pone.0087070	实验2、实验3、实验4
101	Human Factors in Forward Collision Warning Systems: Operating Characteristics and User Interface Requirements	无实验场景——本篇为 SAE Information Report（信息报告）类标准文件，非实证研究。摘要（Scope 段）可确证的场景边界为：FCW 系统被定义为车载系统（onboard systems），功能是发出提示以协助驾驶员避免撞上另一辆运动中或静止的机动车的尾部（rear-end），即场景限定为追尾、目标物限定为「机动车（motorized vehicle）」；行人、骑行者、动物、固定障碍物均不在该定义之内。车型适用于乘用车（轿车、轻型卡车、厢式车）的原装与后装系统，明确不适用于重型卡车。道路类型、车速与分心任务摘要未报告。	摘要未报告——摘要仅确认文件描述了 operator interface 的 elements（界面要素），但未列出任何一条具体要素，因此颜色编码方案、RGB / HEX / CIE 坐标与分级配色全部未获取。亮度、声压级等界面参数亦摘要未报告。	摘要未报告——呈现位置、空间参照系（屏幕固定 / 世界锁定 / 目标锁定 / 仪表 / 下视显示）、视场角 FOV、偏心度与虚像距离全部未获取。可确证的唯一空间性信息是界面对象为车载（onboard）操作者界面，即车内呈现而非路侧装置。	摘要未报告——图形形态（边界框 / 虚拟阴影 / 箭头 / 风险区 / 图标 / 文字）、尺寸与线宽等几何参数全部未获取；模态要求（视觉/听觉/触觉）亦摘要未报告。	摘要未报告——静态或动态、若动态随何量（距离/TTC/风险等级）变化、闪烁频率、占空比与更新率全部未获取。摘要（Scope 段）不含任何界面要素的具体形式，故对动效参数不提供证据。	摘要未报告——预警时机 / TTC / TTMD / THW 阈值、距离阈值、减速度阈值、事件触发条件、TTC 计算公式与参数、报警延迟与系统时延全部未获取。摘要（Scope 段）不含任何具体的界面要求数值、时机阈值或测试方法参数。补全建议：J2400 的技术基础来自 NHTSA/Battelle 的 FCW 需求研究，其中 Kiefer et al.「Forward collision warning: preliminary requirements for crash alert timing」（SAE 2001-01-0462）正是给出 crash alert timing 量化要求的那篇，优先级应高于 J2400 本身。	摘要未报告——预警持续时长、持续到何条件、闪烁频率、占空比、撤销与渐隐规则全部未获取。摘要（Scope 段）确证文件含 requirements 与 test methods，但具体条文与参数未披露。	摘要未报告——分级时序（级数、各级触发点、级间间隔）全部未获取。摘要未见任何按驾驶员状态（分心/激进/疲劳）分化的条款，标准面向的是「典型驾驶员（typical driver）」这一虚构主体。	无被试实验（本文为 SAE Information Report 标准/信息报告类文献，团体作者 SAE International，无个人署名）。无被试、无实验设计、无统计分析。摘要确证文件包含三类内容：FCW 操作者界面的构成要素（elements）、面向能够向驾驶员预警追尾碰撞的系统的要求（requirements）、以及相应的测试方法（test methods）；三类内容的具体条目摘要未报告。	不适用（非实证研究，为 SAE Information Report 标准/信息报告类文件，无被试、无实验设计、无自变量与水平；摘要确证含 test methods 但其具体程序与参数未报告）。	不适用（非实证研究）。摘要层面可确证存在的规范条目为：FCW 操作者界面要素（规范条目）、系统要求（规范条目）、测试方法（验证程序）；三者的具体清单、条文、程序与判定阈值全部摘要未报告，亦无任何数值型指标、时机阈值、亮度/声压级/持续时长参数。	摘要（Scope 段）可确证五项：① FCW 的功能定义——车载系统，发出提示以协助驾驶员避免撞上另一辆运动中或静止的机动车的尾部；② 文件交付内容——FCW 操作者界面的构成要素 + 系统要求 + 测试方法；③ 适用范围——乘用车（cars、light trucks、vans）的原装（original equipment）与后装（aftermarket）FCW 系统；④ 排除范围一——明确不适用于重型卡车（heavy trucks）；⑤ 排除范围二——不涉及与自适应巡航控制（ACC）集成相关的集成议题，且文件自陈其部分内容对于「与 FCW 集成的 ACC 系统」可能是不恰当的（could be inappropriate）。⚠ 证据等级 B，不得用作数值锚点——摘要不含任何界面要求数值、时机阈值或测试方法参数；本篇是本库唯一的正式标准/信息报告类文献，不提供可比较的实证数值（无样本量、无统计量、无阈值），因此不可与实验研究并列做「一致/冲突」的数值比对，应用于工程可行性与合规性论证而非效应量论证。⚠ 必须显式声明的局限：本课题的行人横穿预警不在 J2400 的覆盖范围内（其只针对追尾场景、目标物为机动车），因此不能直接把其界面要求迁移到行人场景——理由有三：目标物运动方向不同（纵向 vs 横向切入）、可用回避手段不同（纵向制动 vs 制动 + 转向组合需承载方向信息）、目标可探测性不同（机动车尾部有刹车灯等强线索，行人横穿常无前置线索）。若要论证「行人预警的界面要求已有标准依据」，不可引用 J2400。⚠ 与 idx 85 / idx 86（Chang & Chang，交叉口公交-行人预警）适用范围双重互斥（车型 + 场景）。⚠ 其他限定：发布于 2003 年 8 月，早于 AR-HUD、行人 AEB、V2X 成熟期约十五年，其界面要求未考虑 AR 世界锁定图形、多目标呈现与深度线索；为 Information Report 而非 Recommended Practice / Standard，不具强制性；Crossref 引用数为 1，标准类文献的引用计数严重低估其工程影响力，不能作为影响力判断依据；引用摘要文字前必须反转义（原始 Crossref 字段含 <div> 等 HTML 转义），不得把标签写入论文；引用格式应为标准引用（SAE J2400, SAE Information Report, Aug 2003）。	（团体作者）	SAE International	2003	SAE J2400 标准 2003	标准 (IF -) (SAE 推荐规范，非 JCR 期刊)	仅摘要	中	(SAE International, 2003)	SAE International. (2003). *Human Factors in Forward Collision Warning Systems: Operating Characteristics and User Interface Requirements*. https://doi.org/10.4271/j2400_200308	背景（时间专题、综述）
102	Collision Warning with Full Auto Brake and Pedestrian Detection - a practical example of Automatic Emergency Braking	量产系统（2011 MY Volvo S60）的试车场/台架绩效测试，非模拟器、非被试实验。覆盖追尾与行人两类场景。追尾场景借用外部官方测试：NHTSA (a) 72.4 km/h（45 mph）接近静止前车；(b) 72.4 km/h 跟随前车、恒定车头距 30 m，前车在 1.5 秒内以 3 m/s²（0.3 g）的恒定减速度突然制动；(c) 72.4 km/h 接近以恒定 32.3 km/h（20 mph）行驶的前车；Thatcham 16 km/h 接近静止前车；Auto Motor und Sport (a) 25 km/h、(b) 50 km/h 接近静止前车、(c) 50 km/h 跟随前车恒定车头距 15 m 后前车突然最大制动。行人场景无通用测试标准，本文自建：本车接近一名静止行人，速度范围 5–35 km/h。无分心任务（无被试）。	论文未明确报告——全文没有描述预警的颜色编码方案、RGB / HEX / CIE 坐标或分级配色。Fig. 3 仅有图注「有事故风险时的碰撞预警」。唯一与 HMI 相关的一句是「理解事故的常见成因，对于设计需要在有事故风险时警示驾驶员的人机界面，是宝贵的知识」，但完全未展开。	论文未明确报告预警的呈现位置与空间参照系（贴地/垂直/屏幕坐标）、视场角与偏心度。可用的传感器视场为：前视相机 FLC 视场 48°（640 × 480 像素、黑白逐行扫描 CMOS、安装在风挡后方、主要用于对物体分类如判为车辆或行人；视场选择理由是 FLC 同时用于上报视觉目标与车道标线）；前视雷达 FLR 视场 60°（77 GHz 电子扫描、安装在车辆进气格栅内、测量距离、距离变化率与方位角）。融合后可用于行人分类的横向视场受限于相机 48°，即 AR-HUD 的行人贴合式标注在横向上不可能超出 ±24°。空间安全边际：MLIT 要求碰撞避免系统的停车距离必须小于 1 米。	论文未明确报告图形形态（无边界框、虚拟阴影、箭头、风险区、图标或文字的任何描述），亦无尺寸与线宽参数。转向避撞的空间几何由 ttc_steer = min √( 2 · ( y_host,0 ± (w_host + w_target)/2 ) / a_y,host ) 给出，其中 w_host、w_target 为本车与目标宽度、a_y,host 为本车预期最大侧向加速度。	论文未明确报告图形的静态/动态属性、闪烁频率、占空比与更新率。系统侧的动态量为：TTC 的四分支分段表达式（t_collision = −p̃_x/ṽ_x 当 ṽ_x < 0 且 ã_x = 0；( −ṽ_x − √( ṽ_x² − 2·p̃_x·ã_x ) ) / ã_x 当 ṽ_x < 0 且 ã_x ≠ 0；其余情形 undefined）；当本车以恒定速度接近静止目标时 TTC 随相对位置线性递减；t_brake = −ṽ_x / a_x,host；p̃_x,brake = −ṽ_x,0² / (2·a_x,host)；ttc_brake = −p̃_x,brake / ṽ_x,0（注：这是在没有制动介入的前提下的碰撞时间，若发生制动 TTC 将更高，实现碰撞避免时 TTC 趋于无穷）。	AEB 介入时刻：驾驶员在收到预警后仍未介入（does not intervene in spite of the warning），且可能的碰撞大约在 1 秒之后（the possible collision is about 1 seconds ahead）即碰撞威胁变为迫近（imminent）时，介入制动被自动施加——即复合触发条件（运动学 + 驾驶员未响应），而非纯运动学触发。允许介入的理论上界：保守基础模型下 ttc_brake / ttc_steer 上界约 1.4 s；纳入制动系统动力学、停车距离与车辆动力学三项扩展的 CWAB-PD 模型下约 1.6 s——即自动制动在物理上最早只能在 TTC 约 1.6 s 介入。制动系统参数：纯延迟 180 ms、减速度斜坡 20 m/s³、最大减速度 10 m/s²、假设摩擦系数 1；据此从制动请求到全力减速度需约 0.68 s（180 ms + 0.5 s 斜坡）。FCW 预警的 TTC 阈值论文未明确报告——原文仅定性表述「当存在可信的事故风险（a credible risk for an accident）时提供预警与制动支持」。	论文未明确报告——全文无 HMI 描述、无预警时长参数、无撤销与渐隐规则。本文唯一的「时长」是制动动力学时长（纯延迟 180 ms + 减速度斜坡 20 m/s³，至 10 m/s² 需 0.5 s）。引用本文时不得推断任何预警持续时长。	隐含三级结构（原文措辞）：预警（warning）→ 制动支持（brake support）→ 介入制动 / 全力自动紧急制动（intervention braking / full AEB，up to 10 m/s²）。级间间隔论文未明确报告，只知末级在 TTC ≈ 1 s。另有一层功能间仲裁的时序规则：CWAB-PD 与 City Safety 并行运行，制动系统执行两者中较大的制动请求（the maximum brake request of the two features）。三代演进：第 1、2 代提供预警、制动支持与部分自动紧急制动 5 m/s²（仅针对运动与静止车辆的追尾），第 3 代 CWAB-PD 加入全力自动紧急制动 up to 10 m/s²、行人事故中的预警/制动支持/自动紧急制动、以及自动碰撞避免。	无被试实验（本文为量产系统的工程绩效测试类研究）。无人类被试实验、无驾驶模拟器实验、无 HMI 人因评估。测试为借用 NHTSA / Thatcham / MLIT / Auto Motor und Sport 的既有官方场景做绩效评估；行人场景无通用标准故自建（静止行人，5–35 km/h）。负面绩效（非碰撞情境下的误介入）测试明确不在本文范围内，仅声明已在不同交通环境、不同国家、由不同驾驶员在公共道路上做过大量测试并以充分置信度确认误介入风险处于可接受的低水平，未给出误报率的任何数值。	不适用（无被试实验、无自变量/因变量设计）。对照条件为四套外部官方测试场景的不同车速与相对运动构型（NHTSA 三场景、Thatcham 一场景、MLIT 停车距离要求、AMS 三场景）以及自建行人场景的速度范围 5–35 km/h。	速度降低量（km/h）与相对撞击速度（km/h）；停车距离（m，对照 MLIT 要求 < 1 m）；ttc_brake 与 ttc_steer 的理论曲线（对相对速度 0–90 km/h 作图）；理论预期速度降低量曲线（纵轴 0–50 km/h）。论文未报告样本量、重复次数、标准差或任何统计检验（Fig. 8、Fig. 9 均无样本量、SD 或统计量）。	总体绩效声明：CWAB-PD 可以在 35 km/h 以下避免事故，并可减轻事故、实现 35 km/h 的撞击速度降低量；据作者所知 CWAB-PD 是市场上唯一能自动避免与行人的事故的系统；实际速度降低量取决于路面状况、轮胎状况、交通情境等。理论分析：保守基础模型的 ttc_brake / ttc_steer TTC 轴范围 0–1.4 s，CWAB-PD 扩展模型抬高至 0–1.6 s，即纳入制动系统动力学、停车距离与车辆动力学后允许介入的 TTC 上界被抬高；基础模型的假设非常保守因而导致不必要的晚制动，在低速情境下尤其如此。实测结果：NHTSA (a) 72.4 km/h 接近静止前车 → 降速 25 km/h、相对撞击速度 47 km/h；NHTSA (b) 未运行（因测试设备限制）；NHTSA (c) 72.4 km/h 接近以 32.3 km/h 行驶的前车 → 降速 35 km/h、相对撞击速度 5 km/h；Thatcham 16 km/h 接近静止前车 → 实现碰撞避免；AMS (a) 25 km/h → 实现碰撞避免；AMS (b) 50 km/h → 降速约 30 km/h；AMS (c) 50 km/h、15 m 车头距、前车突然最大制动 → 降速 30 km/h。行人场景（Fig. 8）把实测降速量与理论曲线对比，原文解释「理论与实验结果之间的差异主要归因于理论曲线中所用的简单制动模型」，未给出具体偏差数值。MLIT 停车距离（Fig. 9）：若干行人场景（5–35 km/h）的停车距离样本直方图，横轴 0–1.5 m、纵轴样本数 0–6，标注 MLIT 要求的最大停车距离 1 m，未给出均值/SD 或合格率。事故统计与伤害收益（转引）：瑞典行人占全部交通死亡约 16%，美国约 11%（4,700 人）；约 50% 的行人事故发生在 25 km/h 以下（Rosén & Sander 2009）；EuroNCAP 被动安全行人测试在 40 km/h（25 mph）撞击速度下进行；撞击前速度降低 10% 可使乘用车碰撞的致命伤害减少约 30%（Kraft et al. 2009）；行人碰撞撞击速度从 50 km/h 降到 25 km/h 可使致死风险降低 85%（Rosén & Sander 2009）。融合的目的（原文）：融合两个特性不同的传感器可降低探测虚假目标的风险并提升被探测目标的置信度与数据精度，「这对于在事故场景中允许硬而早的制动（hard and early braking），同时把误制动介入的风险保持在可接受的低水平，是重要的」。⚠ 关键缺口（负面证据）：本文虽为量产 AEB 的权威工程论文（引用数 174），却完全未报告 HMI 的任何设计参数（预警模态、位置、颜色、时长、分级间隔）与任何预警时机的 TTC 数值——工程侧把「介入时刻」定义到 0.1 s 精度，却把「如何告知驾驶员」留为空白。⚠ 与全部人因文献存在层次错位（非数值冲突）：人因文献讨论的时机在 TTC 1.7–5.0 s，本文的介入时机在约 1.0 s 且理论上界仅 1.6 s，说明 AEB 时间窗与 HMI 预警时间窗几乎不重叠——AEB 不是预警的延续，而是预警失败后的独立兜底层。⚠ 与 idx 84（Char 2022）显性张力：Char 的被试压倒性抱怨 1.7 s 与 2 s 太晚、仿真最优点 2.6 s，而本文量产系统连介入制动都放在 1 s；原因是量产系统必须把误介入风险压到极低，而 AR-HUD 视觉预警的误报代价远低于自动制动。⚠ 作者自陈局限：AEB 缺乏公认测试与评级场景（行人场景无通用标准只能自建）；NHTSA 场景 (b) 因测试设备限制未运行；理论模型过于简化；Brännström et al. (2009) 的更先进威胁评估尚未在实践中测试；负面绩效（误介入）未量化；真实世界正面绩效只能在功能上市很长时间后才能估计；行人测试仅静止行人，未涉及横穿中的行人、遮挡与夜间；TTC 分段公式在 PDF 文本抽取中排版严重错乱，引用前建议核对原始 PDF 第 3 页。	Erik Coelingh, Andreas Eidehall, Mattias Bengtsson	Erik Coelingh	2010	ITSC 2010	会议 (IF -) / CCF C (ITSC 国际智能交通会议)	全文	强	(Coelingh et al., 2010)	Coelingh, E., Eidehall, A., & Bengtsson, M. (2010). Collision Warning with Full Auto Brake and Pedestrian Detection - a practical example of Automatic Emergency Braking. In *13th International IEEE Conference on Intelligent Transportation Systems* (pp. 155–160). IEEE. https://doi.org/10.1109/itsc.2010.5625077	实验1、实验2、实验3、实验4
